id,party_name (????????????????????????),votes
constituency_10_1_1,ประชาธิปัตย์,0
constituency_10_1_2,ภูมิใจไทย,0
constituency_10_1_3,เศรษฐกิจ,0
constituency_10_1_4,กล้าธรรม,0
constituency_10_1_5,พลวัต,0
constituency_10_1_6,ประชาชน,0
constituency_10_1_7,เพื่อไทย,0
constituency_10_1_8,ไทยภักดี,0
constituency_10_1_9,รวมไทยสร้างชาติ,0
constituency_10_1_10,ปวงชนไทย,0
constituency_10_1_11,ไทยสร้างไทย,0
constituency_10_1_12,โอกาสใหม่,0
constituency_10_1_13,วิชชั่นใหม่,0
constituency_10_1_14,ประชาธิปไตยใหม่,0
constituency_10_1_15,รักชาติ,0
constituency_10_1_16,ไทยก้าวใหม่,0
constituency_10_1_17,ทางเลือกใหม่,0
constituency_10_1_18,พลังประชารัฐ,0
constituency_10_10_1,ประชาชน,0
constituency_10_10_2,เพื่อไทย,0
constituency_10_10_3,โอกาสใหม่,0
constituency_10_10_4,ภูมิใจไทย,0
constituency_10_10_5,ประชาธิปัตย์,0
constituency_10_10_6,รวมไทยสร้างชาติ,0
constituency_10_10_7,เศรษฐกิจ,0
constituency_10_10_8,ไทยสร้างไทย,0
constituency_10_10_9,ไทยก้าวใหม่,0
constituency_10_10_10,กล้าธรรม,0
constituency_10_10_11,ประชาธิปไตยใหม่,0
constituency_10_10_12,รักชาติ,0
constituency_10_10_13,พลวัต,0
constituency_10_10_14,ประชากรไทย,0
constituency_10_10_15,ความหวังใหม่,0
constituency_10_10_16,วิชชั่นใหม่,0
constituency_10_11_1,ประชาชน,0
constituency_10_11_2,เพื่อไทย,0
constituency_10_11_3,ภูมิใจไทย,0
constituency_10_11_4,ประชาธิปัตย์,0
constituency_10_11_5,ประชากรไทย,0
constituency_10_11_6,รวมไทยสร้างชาติ,0
constituency_10_11_7,เศรษฐกิจ,0
constituency_10_11_8,ไทยภักดี,0
constituency_10_11_9,อนาคตไทย,0
constituency_10_11_10,โอกาสใหม่,0
constituency_10_11_11,ไทยสร้างไทย,0
constituency_10_11_12,บ้านเมือง,0
constituency_10_11_13,ไทยก้าวใหม่,0
constituency_10_11_14,พลังประชารัฐ,0
constituency_10_11_15,กล้าธรรม,0
constituency_10_11_16,พลวัต,0
constituency_10_11_17,ประชาธิปไตยใหม่,0
constituency_10_11_18,วิชชั่นใหม่,0
constituency_10_12_1,ประชาชน,0
constituency_10_12_2,ภูมิใจไทย,0
constituency_10_12_3,เพื่อไทย,0
constituency_10_12_4,ประชาธิปัตย์,0
constituency_10_12_5,พลังประชารัฐ,0
constituency_10_12_6,รวมไทยสร้างชาติ,0
constituency_10_12_7,เศรษฐกิจ,0
constituency_10_12_8,ไทยสร้างไทย,0
constituency_10_12_9,กล้าธรรม,0
constituency_10_12_10,ไทยก้าวใหม่,0
constituency_10_12_11,พลวัต,0
constituency_10_12_12,ประชาธิปไตยใหม่,0
constituency_10_12_13,ประชากรไทย,0
constituency_10_12_14,โอกาสใหม่,0
constituency_10_12_15,รักชาติ,0
constituency_10_12_16,ปวงชนไทย,0
constituency_10_13_1,ประชาชน,0
constituency_10_13_2,ภูมิใจไทย,0
constituency_10_13_3,ประชาธิปัตย์,0
constituency_10_13_4,เพื่อไทย,0
constituency_10_13_5,รวมไทยสร้างชาติ,0
constituency_10_13_6,เศรษฐกิจ,0
constituency_10_13_7,รักชาติ,0
constituency_10_13_8,ปวงชนไทย,0
constituency_10_13_9,ไทยสร้างไทย,0
constituency_10_13_10,ไทยก้าวใหม่,0
constituency_10_13_11,โอกาสใหม่,0
constituency_10_13_12,พลวัต,0
constituency_10_13_13,พลังประชารัฐ,0
constituency_10_13_14,เพื่อบ้านเมือง,0
constituency_10_13_15,วิชชั่นใหม่,0
constituency_10_14_1,ประชาชน,0
constituency_10_14_2,ภูมิใจไทย,0
constituency_10_14_3,เพื่อไทย,0
constituency_10_14_4,ประชาธิปัตย์,0
constituency_10_14_5,รวมไทยสร้างชาติ,0
constituency_10_14_6,ไทยสร้างไทย,0
constituency_10_14_7,เศรษฐกิจ,0
constituency_10_14_8,ไทยภักดี,0
constituency_10_14_9,กล้าธรรม,0
constituency_10_14_10,ไทยก้าวใหม่,0
constituency_10_14_11,รักชาติ,0
constituency_10_14_12,ปวงชนไทย,0
constituency_10_14_13,พลังประชารัฐ,0
constituency_10_14_14,โอกาสใหม่,0
constituency_10_14_15,พลวัต,0
constituency_10_14_16,ไทยก้าวหน้า,0
constituency_10_16_1,ประชาชน,0
constituency_10_16_2,ภูมิใจไทย,0
constituency_10_16_3,เพื่อไทย,0
constituency_10_16_4,ประชาธิปัตย์,0
constituency_10_16_5,เศรษฐกิจ,0
constituency_10_16_6,รวมไทยสร้างชาติ,0
constituency_10_16_7,โอกาสใหม่,0
constituency_10_16_8,ไทยก้าวใหม่,0
constituency_10_16_9,กล้าธรรม,0
constituency_10_16_10,ไทยสร้างไทย,0
constituency_10_16_11,ไทยภักดี,0
constituency_10_16_12,พลังประชารัฐ,0
constituency_10_16_13,รักชาติ,0
constituency_10_16_14,เพื่อบ้านเมือง,0
constituency_10_16_15,ปวงชนไทย,0
constituency_10_17_1,ประชาชน,0
constituency_10_17_2,ภูมิใจไทย,0
constituency_10_17_3,เพื่อไทย,0
constituency_10_17_4,ประชาธิปัตย์,0
constituency_10_17_5,ไทยก้าวใหม่,0
constituency_10_17_6,รวมไทยสร้าง,0
constituency_10_17_7,เศรษฐกิจ,0
constituency_10_17_8,พลังประชารัฐ,0
constituency_10_17_9,ไทยสร้างไทย,0
constituency_10_17_10,แรงงานสร้างชาติ,0
constituency_10_17_11,กล้าธรรม,0
constituency_10_17_12,โอกาสใหม่,0
constituency_10_17_13,วิชชั่นใหม่,0
constituency_10_17_14,ปวงชนไทย,0
constituency_10_17_15,เพื่อบ้านเมือง,0
constituency_10_18_1,ประชาชน,0
constituency_10_18_2,เพื่อไทย,0
constituency_10_18_3,ภูมิใจไทย,0
constituency_10_18_4,ประชาธิปัตย์,0
constituency_10_18_5,รวมไทยสร้างชาติ,0
constituency_10_18_6,ไทยก้าวใหม่,0
constituency_10_18_7,ไทยสร้างไทย,0
constituency_10_18_8,ทางเลือกใหม่,0
constituency_10_18_9,พลวัต,0
constituency_10_18_10,รักชาติ,0
constituency_10_18_11,พลังประชารัฐ,0
constituency_10_18_12,ไทยชนะ,0
constituency_10_18_13,แรงงานสร้างชาติ,0
constituency_10_18_14,ปวงชนไทย,0
constituency_10_18_15,โอกาสใหม่,0
constituency_10_18_16,กล้าธรรม,0
constituency_10_18_17,เพื่อบ้านเมือง,0
constituency_10_18_18,พร้อม,0
constituency_10_19_1,ประชาชน,0
constituency_10_19_2,ภูมิใจไทย,0
constituency_10_19_3,เพื่อไทย,0
constituency_10_19_4,ประชาธิปัตย์,0
constituency_10_19_5,รวมไทยสร้างชาติ,0
constituency_10_19_6,เศรษฐกิจ,0
constituency_10_19_7,ไทยสร้างไทย,0
constituency_10_19_8,กล้าธรรม,0
constituency_10_19_9,ไทยก้าวใหม่,0
constituency_10_19_10,ปวงชนไทย,0
constituency_10_19_11,โอกาสใหม่,0
constituency_10_19_12,พลวัต,0
constituency_10_19_13,รักชาติ,0
constituency_10_19_14,ทางเลือกใหม่,0
constituency_10_2_1,ประชาชน,0
constituency_10_2_2,ภูมิใจไทย,0
constituency_10_2_3,ประชาธิปัตย์,0
constituency_10_2_4,เพื่อไทย,0
constituency_10_2_5,รวมไทยสร้างชาติ,0
constituency_10_2_6,ไทยก้าวใหม่,0
constituency_10_2_7,เศรษฐกิจ,0
constituency_10_2_8,โอกาสใหม่,0
constituency_10_2_9,ไทยภักดี,0
constituency_10_2_10,กล้าธรรม,0
constituency_10_2_11,ไทยสร้างไทย,0
constituency_10_2_12,ปวงชนไทย,0
constituency_10_2_13,รักชาติ,0
constituency_10_2_14,พลังประชารัฐ,0
constituency_10_2_15,เพื่อบ้านเมือง,0
constituency_10_20_1,ประชาชน,0
constituency_10_20_2,เพื่อไทย,0
constituency_10_20_3,ภูมิใจไทย,0
constituency_10_20_4,ประชาธิปัตย์,0
constituency_10_20_5,โอกาสใหม่,0
constituency_10_20_6,รวมไทยสร้างชาติ,0
constituency_10_20_7,เศรษฐกิจ,0
constituency_10_20_8,ไทยก้าวใหม่,0
constituency_10_20_9,ไทยสร้างไทย,0
constituency_10_20_10,พลวัต,0
constituency_10_20_11,กล้าธรรม,0
constituency_10_20_12,พร้อม,0
constituency_10_20_13,ปวงชนไทย,0
constituency_10_20_14,พลังประชารัฐ,0
constituency_10_21_1,เศรษฐกิจ,0
constituency_10_21_2,โอกาสใหม่,0
constituency_10_21_3,ไทยก้าวใหม่,0
constituency_10_21_4,ภูมิใจไทย,0
constituency_10_21_5,พลวัต,0
constituency_10_21_6,รักชาติ,0
constituency_10_21_7,เพื่อไทย,0
constituency_10_21_8,ประชาชน,0
constituency_10_21_9,กล้าธรรม,0
constituency_10_21_10,รวมไทยสร้างชาติ,0
constituency_10_21_11,ไทยภักดี,0
constituency_10_21_12,อนาคตไทย,0
constituency_10_21_13,ปวงชนไทย,0
constituency_10_21_14,ประชาธิปัตย์,0
constituency_10_21_15,ไทยสร้างไทย,0
constituency_10_22_1,ประชาชน,0
constituency_10_22_2,ภูมิใจไทย,0
constituency_10_22_3,ประชาธิปัตย์,0
constituency_10_22_4,เพื่อไทย,0
constituency_10_22_5,พลังประชารัฐ,0
constituency_10_22_6,รวมไทยสร้างชาติ,0
constituency_10_22_7,ไทยก้าวใหม่,0
constituency_10_22_8,เศรษฐกิจ,0
constituency_10_22_9,ไทยสร้างไทย,0
constituency_10_22_10,พลวัต,0
constituency_10_22_11,ปวงชนไทย,0
constituency_10_22_12,กล้าธรรม,0
constituency_10_22_13,วิชชั่นใหม่,0
constituency_10_22_14,โอกาสใหม่,0
constituency_10_23_1,ประชาชน,0
constituency_10_23_2,ภูมิใจไทย,0
constituency_10_23_3,ประชาธิปัตย์,0
constituency_10_23_4,เพื่อไทย,0
constituency_10_23_5,รวมไทยสร้างชาติ,0
constituency_10_23_6,พลังประชารัฐ,0
constituency_10_23_7,เศรษฐกิจ,0
constituency_10_23_8,ไทยสร้างไทย,0
constituency_10_23_9,ไทยก้าวใหม่,0
constituency_10_23_10,ไทยภักดี,0
constituency_10_23_11,ประชาธิปไตยใหม่,0
constituency_10_23_12,กล้าธรรม,0
constituency_10_23_13,อนาคตไทย,0
constituency_10_23_14,รักชาติ,0
constituency_10_23_15,พลวัต,0
constituency_10_23_16,วิชชั่นใหม่,0
constituency_10_23_17,ปวงชนไทย,0
constituency_10_23_18,โอกาสใหม่,0
constituency_10_24_1,ประชาชน,0
constituency_10_24_2,ภูมิใจไทย,0
constituency_10_24_3,ประชาธิปัตย์,0
constituency_10_24_4,เพื่อไทย,0
constituency_10_24_5,เศรษฐกิจ,0
constituency_10_24_6,รวมไทยสร้างชาติ,0
constituency_10_24_7,ไทยก้าวใหม่,0
constituency_10_24_8,ไทยสร้างไทย,0
constituency_10_24_9,กล้าธรรม,0
constituency_10_24_10,โอกาสใหม่,0
constituency_10_24_11,ปวงชนไทย,0
constituency_10_24_12,ประชาธิปไตยใหม่,0
constituency_10_24_13,ทางเลือกใหม่,0
constituency_10_25_1,ประชาชน,0
constituency_10_25_2,เพื่อไทย,0
constituency_10_25_3,ภูมิใจไทย,0
constituency_10_25_4,ประชาธิปัตย์,0
constituency_10_25_5,รวมไทยสร้างชาติ,0
constituency_10_25_6,เศรษฐกิจ,0
constituency_10_25_7,พลวัต,0
constituency_10_25_8,พลังประชารัฐ,0
constituency_10_25_9,ไทยสร้างไทย,0
constituency_10_25_10,อนาคตไทย,0
constituency_10_25_11,ไทยก้าวใหม่,0
constituency_10_25_12,กล้าธรรม,0
constituency_10_25_13,โอกาสใหม่,0
constituency_10_25_14,วิชชั่นใหม่,0
constituency_10_26_1,ประชาชน,0
constituency_10_26_2,เพื่อไทย,0
constituency_10_26_3,ภูมิใจไทย,0
constituency_10_26_4,ประชาธิปัตย์,0
constituency_10_26_5,ไทยสร้างไทย,0
constituency_10_26_6,รวมไทยสร้างชาติ,0
constituency_10_26_7,เศรษฐกิจ,0
constituency_10_26_8,กล้าธรรม,0
constituency_10_26_9,ไทยก้าวใหม่,0
constituency_10_26_10,ปวงชนไทย,0
constituency_10_26_11,พลวัต,0
constituency_10_26_12,ประชาธิปไตยใหม่,0
constituency_10_26_13,โอกาสใหม่,0
constituency_10_26_14,ไทยพิทักษ์ธรรม,0
constituency_10_27_1,ประชาชน,0
constituency_10_27_2,เพื่อไทย,0
constituency_10_27_3,ประชาธิปัตย์,0
constituency_10_27_4,ภูมิใจไทย,0
constituency_10_27_5,รวมไทยสร้างชาติ,0
constituency_10_27_6,เศรษฐกิจ,0
constituency_10_27_7,ปวงชนไทย,0
constituency_10_27_8,ไทยสร้างไทย,0
constituency_10_27_9,ไทยก้าวใหม่,0
constituency_10_27_10,กล้าธรรม,0
constituency_10_27_11,โอกาสใหม่,0
constituency_10_27_12,เพื่อบ้านเมือง,0
constituency_10_28_1,ประชาชน,0
constituency_10_28_2,ภูมิใจไทย,0
constituency_10_28_3,เพื่อไทย,0
constituency_10_28_4,ประชาธิปัตย์,0
constituency_10_28_5,เศรษฐกิจ,0
constituency_10_28_6,ไทยก้าวไทย,0
constituency_10_28_7,รวมไทยสร้างชาติ,0
constituency_10_28_8,รักชาติ,0
constituency_10_28_9,กล้าธรรม,0
constituency_10_28_10,ไทยสร้างไทย,0
constituency_10_28_11,โอกาสใหม่,0
constituency_10_28_12,ปวงชนไทย,0
constituency_10_28_13,เพื่อบ้านเมือง,0
constituency_10_29_1,ประชาชน,0
constituency_10_29_2,เพื่อไทย,0
constituency_10_29_3,ภูมิใจไทย,0
constituency_10_29_4,ประชาธิปัตย์,0
constituency_10_29_5,รวมไทยสร้างชาติ,0
constituency_10_29_6,เศรษฐกิจ,0
constituency_10_29_7,ไทยสร้างไทย,0
constituency_10_29_8,พลวัต,0
constituency_10_29_9,กล้าธรรม,0
constituency_10_29_10,ไทยก้าวใหม่,0
constituency_10_29_11,โอกาสใหม่,0
constituency_10_29_12,รักชาติ,0
constituency_10_29_13,ปวงชนไทย,0
constituency_10_29_14,ประชาธิปไตยใหม่,0
constituency_10_29_15,วิชชั่นใหม่,0
constituency_10_29_16,พลังประชารัฐ,0
constituency_10_3_1,ประชาชน,0
constituency_10_3_2,ประชาธิปัตย์,0
constituency_10_3_3,ภูมิใจไทย,0
constituency_10_3_4,เพื่อไทย,0
constituency_10_3_5,รวมไทยสร้างชาติ,0
constituency_10_3_6,เศรษฐกิจ,0
constituency_10_3_7,ไทยก้าวใหม่,0
constituency_10_3_8,ไทยสร้างไทย,0
constituency_10_3_9,กล้าธรรม,0
constituency_10_3_10,วิชชั่นใหม่,0
constituency_10_3_11,พลังประชารัฐ,0
constituency_10_3_12,รักชาติ,0
constituency_10_3_13,พลวัต,0
constituency_10_3_14,โอกาสใหม่,0
constituency_10_30_1,ประชาชน,0
constituency_10_30_2,เพื่อไทย,0
constituency_10_30_3,ภูมิใจไทย,0
constituency_10_30_4,ประชาธิปัตย์,0
constituency_10_30_5,รวมไทยสร้างชาติ,0
constituency_10_30_6,ไทยก้าวใหม,0
constituency_10_30_7,เสรีรวมไทย,0
constituency_10_30_8,เศรษฐกิจ,0
constituency_10_30_9,ไทยสร้างไทย,0
constituency_10_30_10,ไทยภักดี,0
constituency_10_30_11,เป็นธรรม,0
constituency_10_30_12,กล้าธรรม,0
constituency_10_30_13,ปวงชนไทย,0
constituency_10_30_14,ประชาธิปไตยใหม่,0
constituency_10_30_15,พลังประชารัฐ,0
constituency_10_30_16,พลวัต,0
constituency_10_30_17,รักชาติ,0
constituency_10_30_18,โอกาสใหม่,0
constituency_10_30_19,เพื่อบ้านเมือง,0
constituency_10_31_1,วิชชั่นใหม่,0
constituency_10_31_2,ภูมิใจไทย,0
constituency_10_31_3,ไทยก้าวใหม่,0
constituency_10_31_4,ทางเลือกใหม่,0
constituency_10_31_5,ไทยชนะ,0
constituency_10_31_6,พลวัต,0
constituency_10_31_7,เพื่อไทย,0
constituency_10_31_8,ไทยธรรม,0
constituency_10_31_9,รวมไทยสร้างชาติ,0
constituency_10_31_10,เศรษฐกิจ,0
constituency_10_31_11,กล้าธรรม,0
constituency_10_31_12,ไทยสร้างไทย,0
constituency_10_31_13,ประชาชน,0
constituency_10_31_14,ประชาธิปัตย์,0
constituency_10_31_15,โอกาสใหม่,0
constituency_10_31_16,รักชาติ,0
constituency_10_32_1,ประชาชน,0
constituency_10_32_2,ภูมิใจไทย,0
constituency_10_32_3,ประชาธิปัตย์,0
constituency_10_32_4,เพื่อไทย,0
constituency_10_32_5,รวมไทยสร้างชาติ,0
constituency_10_32_6,เศรษฐกิจ,0
constituency_10_32_7,ไทยสร้างไทย,0
constituency_10_32_8,พลวัต,0
constituency_10_32_9,เสรีรวมไทย,0
constituency_10_32_10,ไทยก้าวใหม่,0
constituency_10_32_11,กล้าธรรม,0
constituency_10_32_12,รักชาติ,0
constituency_10_32_13,เพื่อบ้านเมือง,0
constituency_10_32_14,โอกาสใหม่,0
constituency_10_32_15,ทางเลือกใหม่,0
constituency_10_32_16,พลังประชารัฐ,0
constituency_10_33_1,ประชาชน,0
constituency_10_33_2,ประชาธิปัตย์,0
constituency_10_33_3,ภูมิใจไทย,0
constituency_10_33_4,เพื่อไทย,0
constituency_10_33_5,รวมไทยสร้างชาติ,0
constituency_10_33_6,เศรษฐกิจ,0
constituency_10_33_7,ไทยก้าวใหม่,0
constituency_10_33_8,กล้าธรรม,0
constituency_10_33_9,ไทยสร้างไทย,0
constituency_10_33_10,เสรีรวมไทย,0
constituency_10_33_11,วิชชั่นใหม่,0
constituency_10_33_12,พลวัต,0
constituency_10_33_13,โอกาสใหม่,0
constituency_10_33_14,เพื่อบ้านเมือง,0
constituency_10_4_1,ประชาชน,0
constituency_10_4_2,ประชาธิปัตย์,0
constituency_10_4_3,ภูมิใจไทย,0
constituency_10_4_4,เพื่อไทย,0
constituency_10_4_5,รวมไทยสร้างชาติ,0
constituency_10_4_6,เศรษฐกิจ,0
constituency_10_4_7,กล้าธรรม,0
constituency_10_4_8,ไทยก้าวใหม่,0
constituency_10_4_9,ไทยสร้างไทย,0
constituency_10_4_10,รักชาติ,0
constituency_10_4_11,พลังประชารัฐ,0
constituency_10_4_12,ปวงชนไทย,0
constituency_10_4_13,โอกาสใหม่,0
constituency_10_5_1,ประชาชน,0
constituency_10_5_2,ภูมิใจไทย,0
constituency_10_5_3,ประชาธิปัตย์,0
constituency_10_5_4,เพื่อไทย,0
constituency_10_5_5,รวมไทยสร้างชาติ,0
constituency_10_5_6,กล้าธรรม,0
constituency_10_5_7,เศรษฐกิจ,0
constituency_10_5_8,ไทยก้าวใหม่,0
constituency_10_5_9,รักชาติ,0
constituency_10_5_10,ไทยสร้างไทย,0
constituency_10_5_11,ปวงชนไทย,0
constituency_10_5_12,พลวัต,0
constituency_10_5_13,พลังประชารัฐ,0
constituency_10_5_14,โอกาสใหม่,0
constituency_10_5_15,วิชชั่นใหม่,0
constituency_10_5_16,เพื่อบ้านเมือง,0
constituency_10_6_1,ประชาชน,0
constituency_10_6_2,ประชาธิปัตย์,0
constituency_10_6_3,ภูมิใจไทย,0
constituency_10_6_4,โอกาสใหม่,0
constituency_10_6_5,เพื่อไทย,0
constituency_10_6_6,รวมไทยสร้างชาติ,0
constituency_10_6_7,เศรษฐกิจ,0
constituency_10_6_8,ไทยภักดี,0
constituency_10_6_9,ไทยสร้างไทย,0
constituency_10_6_10,ไทยก้าวใหม่,0
constituency_10_6_11,พลวัต,0
constituency_10_6_12,รักชาติ,0
constituency_10_6_13,กล้าธรรม,0
constituency_10_6_14,ประชาธิปไตยใหม่,0
constituency_10_6_15,ปวงชนไทย,0
constituency_10_6_16,ฟิวชน,0
constituency_10_7_1,ประชาชน,0
constituency_10_7_2,ภูมิใจไทย,0
constituency_10_7_3,รวมไทยสร้างชาติ,0
constituency_10_7_4,ประชาธิปัตย์,0
constituency_10_7_5,เพื่อไทย,0
constituency_10_7_6,เศรษฐกิจ,0
constituency_10_7_7,พลังประชารัฐ,0
constituency_10_7_8,กล้าธรรม,0
constituency_10_7_9,ไทยสร้างไทย,0
constituency_10_7_10,ไทยก้าวใหม่,0
constituency_10_7_11,ฟิวชัน,0
constituency_10_7_12,โอกาสใหม่,0
constituency_10_7_13,พลวัต,0
constituency_10_8_1,ประชาชน,0
constituency_10_8_2,เพื่อไทย,0
constituency_10_8_3,ภูมิใจไทย,0
constituency_10_8_4,ประชาธิปัตย์,0
constituency_10_8_5,รวมไทยสร้างชาติ,0
constituency_10_8_6,ไทยสร้างไทย,0
constituency_10_8_7,เศรษฐกิจ,0
constituency_10_8_8,ไทยก้าวใหม่,0
constituency_10_8_9,ไทยภักดี,0
constituency_10_8_10,พลังประชารัฐ,0
constituency_10_8_11,โอกาสใหม่,0
constituency_10_8_12,รักชาติ,0
constituency_10_8_13,กล้าธรรม,0
constituency_10_8_14,ปวงชนไทย,0
constituency_10_8_15,วิชชั่นใหม่,0
constituency_10_8_16,พลวัต,0
constituency_10_9_1,ประชาธิปัตย์,0
constituency_10_9_2,ไทยสร้างไทย,0
constituency_10_9_3,ไทยก้าวใหม่,0
constituency_10_9_4,พลวัต,0
constituency_10_9_5,ประชาชน,0
constituency_10_9_6,ภูมิใจไทย,0
constituency_10_9_7,รักชาติ,0
constituency_10_9_8,เพื่อไทย,0
constituency_10_9_9,รวมไทยสร้างชาติ,0
constituency_10_9_10,กล้าธรรม,0
constituency_10_9_11,รวมพลังประชาชน,0
constituency_10_9_12,เพื่อบ้านเมือง,0
constituency_10_9_13,ประชาธิปไตยใหม่,0
constituency_10_9_14,โอกาสใหม่,0
constituency_11_1_1,ประชาชน,0
constituency_11_1_2,เพื่อไทย,0
constituency_11_1_3,ภูมิใจไทย,0
constituency_11_1_4,ประชาธิปัตย์,0
constituency_11_1_5,เศรษฐกิจ,0
constituency_11_1_6,พลังประชารัฐ,0
constituency_11_1_7,กล้าธรรม,0
constituency_11_1_8,ปวงชนไทย,0
constituency_11_2_1,ประชาชน,0
constituency_11_2_2,เพื่อไทย,0
constituency_11_2_3,ภูมิใจไทย,0
constituency_11_2_4,ประชาธิปัตย์,0
constituency_11_2_5,รวมไทยสร้างชาติ,0
constituency_11_2_6,เศรษฐกิจ,0
constituency_11_2_7,แรงงานสร้างชาติ,0
constituency_11_2_8,ปวงชนไทย,0
constituency_11_2_9,พลังประชารัฐ,0
constituency_11_2_10,กล้าธรรม,0
constituency_11_2_11,ไทยก้าวใหม่,0
constituency_11_3_1,ประชาชน,0
constituency_11_3_2,ประชาธิปัตย์,0
constituency_11_3_3,ภูมิใจไทย,0
constituency_11_3_4,เพื่อไทย,0
constituency_11_3_5,กล้าธรรม,0
constituency_11_3_6,เศรษฐกิจ,0
constituency_11_3_7,พลังประชารัฐ,0
constituency_11_3_8,ไทยภักดี,0
constituency_11_3_9,แรงงานสร้างชาติ,0
constituency_11_3_10,ปวงชนไทย,0
constituency_11_4_1,ประชาชน,0
constituency_11_4_2,เพื่อไทย,0
constituency_11_4_3,ภูมิใจไทย,0
constituency_11_4_4,ประชาธิปัตย์,0
constituency_11_4_5,โอกาสใหม่,0
constituency_11_4_6,รวมไทยสร้างชาติ,0
constituency_11_4_7,พลังประชารัฐ,0
constituency_11_4_8,ไทยก้าวใหม่,0
constituency_11_4_9,กล้าธรรม,0
constituency_11_4_10,ทางเลือกใหม่,0
constituency_11_4_11,ปวงชนไทย,0
constituency_11_5_1,ประชาชน,0
constituency_11_5_2,ภูมิใจไทย,0
constituency_11_5_3,เพื่อไทย,0
constituency_11_5_4,ประชาธิปัตย์,0
constituency_11_5_5,พลังประชารัฐ,0
constituency_11_5_6,รวมไทยสร้างชาติ,0
constituency_11_5_7,ไทยก้าวใหม่,0
constituency_11_5_8,เสรีรวมไทย,0
constituency_11_5_9,โอกาสใหม่,0
constituency_11_5_10,ปวงชนไทย,0
constituency_11_5_11,กล้าธรรม,0
constituency_11_6_1,ภูมิใจไทย,0
constituency_11_6_2,ประชาชน,0
constituency_11_6_3,เพื่อไทย,0
constituency_11_6_4,ประชาธิปัตย์,0
constituency_11_6_5,รวมไทยสร้างชาติ,0
constituency_11_6_6,ปวงชนไทย,0
constituency_11_6_7,พลังประชารัฐ,0
constituency_11_6_8,เสรีรวมไทย,0
constituency_11_6_9,ไทยก้าวใหม่,0
constituency_11_6_10,กล้าธรรม,0
constituency_11_7_1,ประชาชน,0
constituency_11_7_2,ภูมิใจไทย,0
constituency_11_7_3,เพื่อไทย,0
constituency_11_7_4,เศรษฐกิจ,0
constituency_11_7_5,ประชาธิปัตย์,0
constituency_11_7_6,กล้าธรรม,0
constituency_11_7_7,พลังประชารัฐ,0
constituency_11_7_8,ไทยก้าวใหม่,0
constituency_11_7_9,ปวงชนไทย,0
constituency_11_8_1,ประชาชน,0
constituency_11_8_2,เพื่อไทย,0
constituency_11_8_3,กล้าธรรม,0
constituency_11_8_4,ภูมิใจไทย,0
constituency_11_8_5,ประชาธิปัตย์,0
constituency_11_8_6,เศรษฐกิจ,0
constituency_11_8_7,พลังประชารัฐ,0
constituency_11_8_8,ไทยก้าวใหม่,0
constituency_11_8_9,แรงงานสร้างไทย,0
constituency_11_8_10,ปวงชนไทย,0
constituency_12_1_1,ประชาชน,0
constituency_12_1_2,ภูมิใจไทย,0
constituency_12_1_3,เพื่อไทย,0
constituency_12_1_4,กล้าธรรม,0
constituency_12_1_5,ประชาธิปัตย์,0
constituency_12_1_6,เศรษฐกิจ,0
constituency_12_1_7,รวมไทยสร้างชาติ,0
constituency_12_1_8,เสรีรวมไทย,0
constituency_12_1_9,พลวัต,0
constituency_12_1_10,ฟิวชัน,0
constituency_12_1_11,พลังประชารัฐ,0
constituency_12_2_1,ประชาชน,0
constituency_12_2_2,ภูมิใจไทย,0
constituency_12_2_3,เพื่อไทย,0
constituency_12_2_4,ประชาธิปัตย์,0
constituency_12_2_5,เศรษฐกิจ,0
constituency_12_2_6,รวมไทยสร้างชาติ,0
constituency_12_2_7,ไทยภักดี,0
constituency_12_2_8,พลังประชารัฐ,0
constituency_12_2_9,กล้าธรรม,0
constituency_12_2_10,ทางเลือกใหม่,0
constituency_12_2_11,พลวัต,0
constituency_12_2_12,ฟิวชัน,0
constituency_12_3_1,ประชาชน,0
constituency_12_3_2,เพื่อไทย,0
constituency_12_3_3,ภูมิใจไทย,0
constituency_12_3_4,ประชาธิปัตย์,0
constituency_12_3_5,เศรษฐกิจ,0
constituency_12_3_6,รวมไทยสร้างชาติ,0
constituency_12_3_7,กล้าธรรม,0
constituency_12_3_8,ทางเลือกใหม่,0
constituency_12_3_9,เสรีรวมไทย,0
constituency_12_3_10,พลวัต,0
constituency_12_3_11,พลังประชารัฐ,0
constituency_12_4_1,ประชาชน,0
constituency_12_4_2,ภูมิใจไทย,0
constituency_12_4_3,เพื่อไทย,0
constituency_12_4_4,ประชาธิปัตย์,0
constituency_12_4_5,เศรษฐกิจ,0
constituency_12_4_6,รวมไทยสร้างชาติ,0
constituency_12_4_7,พลวัต,0
constituency_12_4_8,ทางเลือกใหม่,0
constituency_12_4_9,ไทยพิทักษ์ธรรม,0
constituency_12_4_10,กล้าธรรม,0
constituency_12_5_1,ประชาชน,0
constituency_12_5_2,ภูมิใจไทย,0
constituency_12_5_3,เพื่อไทย,0
constituency_12_5_4,ประชาธิปัตย์,0
constituency_12_5_5,รวมไทยสร้างชาติ,0
constituency_12_5_6,เศรษฐกิจ,0
constituency_12_5_7,พลังประชารัฐ,0
constituency_12_5_8,กล้าธรรม,0
constituency_12_5_9,ทางเลือกใหม่,0
constituency_12_5_10,ฟิวชัน,0
constituency_12_6_1,ประชาชน,0
constituency_12_6_2,ภูมิใจไทย,0
constituency_12_6_3,เพื่อไทย,0
constituency_12_6_4,ประชาธิปัตย์,0
constituency_12_6_5,เศรษฐกิจ,0
constituency_12_6_6,ทางเลือกใหม่,0
constituency_12_6_7,พลวัต,0
constituency_12_6_8,กล้าธรรม,0
constituency_12_7_1,ประชาชน,0
constituency_12_7_2,กล้าธรรม,0
constituency_12_7_3,ภูมิใจไทย,0
constituency_12_7_4,เพื่อไทย,0
constituency_12_7_5,ประชาธิปัตย์,0
constituency_12_7_6,รวมไทยสร้างชาติ,0
constituency_12_7_7,เศรษฐกิจ,0
constituency_12_7_8,ทางเลือกใหม่,0
constituency_12_7_9,พลวัต,0
constituency_12_8_1,รวมไทยสร้างชาติ,0
constituency_12_8_2,เพื่อไทย,0
constituency_12_8_3,ประชาชน,0
constituency_12_8_4,กล้าธรรม,0
constituency_12_8_5,ประชาธิปัตย์,0
constituency_12_8_6,ประชากรไทย,0
constituency_12_8_7,ภูมิใจไทย,0
constituency_12_8_8,เศรษฐกิจ,0
constituency_12_8_9,พลังประชารัฐ,0
constituency_12_8_10,ทางเลือกใหม่,0
constituency_12_8_11,ฟิวชัน,0
constituency_13_1_1,ประชาชน,0
constituency_13_1_2,เพื่อไทย,0
constituency_13_1_3,กล้าธรรม,0
constituency_13_1_4,ภูมิใจไทย,0
constituency_13_1_5,ประชาธิปัตย์,0
constituency_13_1_6,รวมไทยสร้างชาติ,0
constituency_13_1_7,เศรษฐกิจ,0
constituency_13_1_8,พลังประชารัฐ,0
constituency_13_2_1,เพื่อไทย,0
constituency_13_2_2,ประชาชน,0
constituency_13_2_3,ภูมิใจไทย,0
constituency_13_2_4,ประชาธิปัตย์,0
constituency_13_2_5,เศรษฐกิจ,0
constituency_13_2_6,รวมไทยสร้างชาติ,0
constituency_13_2_7,รักชาติ,0
constituency_13_2_8,กล้าธรรม,0
constituency_13_2_9,พลังประชารัฐ,0
constituency_13_3_1,ประชาชน,0
constituency_13_3_2,ภูมิใจไทย,0
constituency_13_3_3,เพื่อไทย,0
constituency_13_3_4,ประชาธิปัตย์,0
constituency_13_3_5,เศรษฐกิจ,0
constituency_13_3_6,รวมไทยสร้างชาติ,0
constituency_13_3_7,ไทยก้าวใหม่,0
constituency_13_3_8,พลังประชารัฐ,0
constituency_13_4_1,ประชาชน,0
constituency_13_4_2,เพื่อไทย,0
constituency_13_4_3,กล้าธรรม,0
constituency_13_4_4,ภูมิใจไทย,0
constituency_13_4_5,ประชาธิปัตย์,0
constituency_13_4_6,เศรษฐกิจ,0
constituency_13_4_7,รวมไทยสร้างชาติ,0
constituency_13_4_8,พลังประชารัฐ,0
constituency_13_4_9,รักชาติ,0
constituency_13_5_1,ประชาชน,0
constituency_13_5_2,กล้าธรรม,0
constituency_13_5_3,เพื่อไทย,0
constituency_13_5_4,ภูมิใจไทย,0
constituency_13_5_5,ประชาธิปัตย์,0
constituency_13_5_6,เศรษฐกิจ,0
constituency_13_5_7,รวมไทยสร้างชาติ,0
constituency_13_5_8,ประชาธิปไตยใหม่,0
constituency_13_5_9,ไทยก้าวใหม่,0
constituency_13_5_10,พลังประชารัฐ,0
constituency_13_5_11,รักชาติ,0
constituency_13_6_1,ประชาชน,0
constituency_13_6_2,เพื่อไทย,0
constituency_13_6_3,ภูมิใจไทย,0
constituency_13_6_4,กล้าธรรม,0
constituency_13_6_5,ประชาธิปัตย์,0
constituency_13_6_6,เศรษฐกิจ,0
constituency_13_6_7,รวมไทยสร้างชาติ,0
constituency_13_6_8,ไทยก้าวใหม่,0
constituency_13_6_9,พลังประชารัฐ,0
constituency_13_6_10,เสรีรวมไทย,0
constituency_13_7_1,ภูมิใจไทย,0
constituency_13_7_2,ประชาชน,0
constituency_13_7_3,เพื่อไทย,0
constituency_13_7_4,เศรษฐกิจ,0
constituency_13_7_5,ประชาธิปัตย์,0
constituency_13_7_6,รวมไทยสร้างชาติ,0
constituency_13_7_7,ไทยก้าวใหม่,0
constituency_13_7_8,รักชาติ,0
constituency_13_7_9,พลังประชารัฐ,0
constituency_13_8_1,ภูมิใจไทย,0
constituency_13_8_2,รวมไทยสร้างชาติ,0
constituency_13_8_3,ประชาธิปัตย์,0
constituency_13_8_4,เพื่อไทย,0
constituency_13_8_5,รักชาติ,0
constituency_13_8_6,ประชาชน,0
constituency_13_8_7,ประชาธิปไตยใหม่,0
constituency_13_8_8,พลังประชารัฐ,0
constituency_14_1_1,ภูมิใจไทย,0
constituency_14_1_2,ประชาชน,0
constituency_14_1_3,เพื่อไทย,0
constituency_14_1_4,ประชาธิปัตย์,0
constituency_14_1_5,เศรษฐกิจ,0
constituency_14_1_6,รวมไทยสร้างชาติ,0
constituency_14_1_7,เสรีรวมไทย,0
constituency_14_1_8,ไทยสร้างชาติ,0
constituency_14_2_1,ภูมิใจไทย,0
constituency_14_2_2,ประชาชน,0
constituency_14_2_3,เพื่อไทย,0
constituency_14_2_4,เศรษฐกิจ,0
constituency_14_2_5,รวมไทยสร้างชาติ,0
constituency_14_2_6,ประชาธิปัตย์,0
constituency_14_2_7,ไทยก้าวใหม่,0
constituency_14_2_8,กล้าธรรม,0
constituency_14_2_9,พลังประชารัฐ,0
constituency_14_2_10,,0
constituency_14_2_11,,0
constituency_14_2_12,,0
constituency_14_2_13,,0
constituency_14_2_14,,0
constituency_14_2_15,,0
constituency_14_2_16,,0
constituency_14_2_17,,0
constituency_14_3_1,เศรษฐกิจ,0
constituency_14_3_2,รวมไทยสร้างชาติ,0
constituency_14_3_3,เพื่อไทย,0
constituency_14_3_4,ประชาชน,0
constituency_14_3_5,ภูมิใจไทย,0
constituency_14_3_6,ประชาธิปัตย์,0
constituency_14_4_1,ภูมิใจไทย,0
constituency_14_4_2,ประชาชน,0
constituency_14_4_3,โอกาสใหม่,0
constituency_14_4_4,เพื่อไทย,0
constituency_14_4_5,เศรษฐกิจ,0
constituency_14_4_6,รวมไทยสร้างชาติ,0
constituency_14_4_7,ประชาธิปัตย์,0
constituency_14_4_8,พลังประชารัฐ,0
constituency_14_5_1,ภูมิใจไทย,0
constituency_14_5_2,เพื่อไทย,0
constituency_14_5_3,ประชาชน,0
constituency_14_5_4,ประชาธิปัตย์,0
constituency_14_5_5,ไทยสร้างชาติ,0
constituency_14_5_6,เศรษฐกิจ,0
constituency_14_5_7,ไทยสร้างไทย,0
constituency_15_1_1,ภูมิใจไทย,0
constituency_15_1_2,ประชาชน,0
constituency_15_1_3,เพื่อไทย,0
constituency_15_1_4,ประชาธิปัตย์,0
constituency_15_1_5,กล้าธรรม,0
constituency_15_1_6,พลังประชารัฐ,0
constituency_15_2_1,ภูมิใจไทย,0
constituency_15_2_2,ประชาชน,0
constituency_15_2_3,เพื่อไทย,0
constituency_15_2_4,ประชาธิปัตย์,0
constituency_16_1_1,ภูมิใจไทย,0
constituency_16_1_2,ประชาชน,0
constituency_16_1_3,โอกาสใหม่,0
constituency_16_1_4,เพื่อไทย,0
constituency_16_1_5,เศรษฐกิจ,0
constituency_16_1_6,กล้าธรรม,0
constituency_16_1_7,พลังประชารัฐ,0
constituency_16_1_8,ประชาธิปัตย์,0
constituency_16_1_9,รวมไทยสร้างชาติ,0
constituency_16_1_10,ไทยสร้างไทย,0
constituency_16_1_11,ปวงชนไทย,0
constituency_16_2_1,ภูมิใจไทย,0
constituency_16_2_2,ประชาชน,0
constituency_16_2_3,เพื่อไทย,0
constituency_16_2_4,ประชาธิปัตย์,0
constituency_16_2_5,เศรษฐกิจ,0
constituency_16_2_6,รวมไทยสร้างชาติ,0
constituency_16_2_7,พลังประชารัฐ,0
constituency_16_2_8,ไทยสร้างชาติ,0
constituency_16_2_9,ปวงชนชาวไทย,0
constituency_16_3_1,ภูมิใจไทย,0
constituency_16_3_2,เพื่อไทย,0
constituency_16_3_3,ประชาชน,0
constituency_16_3_4,พลังประชารัฐ,0
constituency_16_3_5,เศรษฐกิจ,0
constituency_16_3_6,รวมไทยสร้างชาติ,0
constituency_16_3_7,ปวงชนไทย,0
constituency_16_3_8,ประชาธิปัตย์,0
constituency_16_3_9,กล้าธรรม,0
constituency_16_4_1,เพื่อไทย,0
constituency_16_4_2,กล้าธรรม,0
constituency_16_4_3,ประชาชน,0
constituency_16_4_4,ภูมิใจไทย,0
constituency_16_4_5,ประชาธิปัตย์,0
constituency_16_4_6,รวมไทยสร้างชาติ,0
constituency_16_4_7,เศรษฐกิจ,0
constituency_16_4_8,พลังประชารัฐ,0
constituency_17_1_1,ภูมิใจไทย,0
constituency_17_1_2,ประชาชน,0
constituency_17_1_3,เพื่อไทย,0
constituency_17_1_4,ประชาธิปัตย์,0
constituency_17_1_5,พลังประชารัฐ,0
constituency_17_1_6,กล้าธรรม,0
constituency_18_1_1,เพื่อไทย,0
constituency_18_1_2,ประชาชน,0
constituency_18_1_3,ประชาธิปัตย์,0
constituency_18_1_4,ภูมิใจไทย,0
constituency_18_1_5,กล้าธรรม,0
constituency_18_1_6,พลังประชารัฐ,0
constituency_18_2_1,ภูมิใจไทย,0
constituency_18_2_2,ประชาชน,0
constituency_18_2_3,เพื่อไทย,0
constituency_18_2_4,ประชาธิปัตย์,0
constituency_18_2_5,พลังประชารัฐ,0
constituency_18_2_6,กลาธรรม,0
constituency_19_1_1,ภูมิใจไทย,0
constituency_19_1_2,ประชาชน,0
constituency_19_1_3,เพื่อไทย,0
constituency_19_1_4,เศรษฐกิจ,0
constituency_19_1_5,ประชาธิปัตย์,0
constituency_19_1_6,ไทยก้าวใหม่,0
constituency_19_1_7,รวมไทยสร้างชาติ,0
constituency_19_1_8,กล้าธรรม,0
constituency_19_1_9,พลังประชารัฐ,0
constituency_19_2_1,ภูมิใจไทย,0
constituency_19_2_2,เพื่อไทย,0
constituency_19_2_3,ประชาชน,0
constituency_19_2_4,ไทยก้าวใหม่,0
constituency_19_2_5,เศรษฐกิจ,0
constituency_19_2_6,รวมไทยสร้างชาติ,0
constituency_19_2_7,ประชาธิปัตย์,0
constituency_19_2_8,ปวงชนไทย,0
constituency_19_3_1,ภูมิใจไทย,0
constituency_19_3_2,ประชาชน,0
constituency_19_3_3,เพื่อไทย,0
constituency_19_3_4,รวมไทยสร้างชาติ,0
constituency_19_3_5,ประชาธิปัตย์,0
constituency_19_3_6,ปวงชนไทย,0
constituency_19_3_7,กล้าธรรม,0
constituency_19_3_8,ประชากรไทย,0
constituency_19_4_1,กล้าธรรม,0
constituency_19_4_2,ประชาชน,0
constituency_19_4_3,ภูมิใจไทย,0
constituency_19_4_4,เพื่อไทย,0
constituency_19_4_5,ประชาธิปัตย์,0
constituency_19_4_6,เศรษฐกิจ,0
constituency_19_4_7,ไทยก้าวใหม่,0
constituency_20_1_1,ภูมิใจไทย,0
constituency_20_1_2,ประชาชน,0
constituency_20_1_3,ประชาธิปัตย์,0
constituency_20_1_4,เพื่อไทย,0
constituency_20_1_5,เศรษฐกิจ,0
constituency_20_1_6,รวมไทยสร้างชาติ,0
constituency_20_1_7,ไทยสร้างไทย,0
constituency_20_1_8,พลังประชารัฐ,0
constituency_20_1_9,ปวงชนไทย,0
constituency_20_10_1,ประชาชน,0
constituency_20_10_2,ภูมิใจไทย,0
constituency_20_10_3,กล้าธรรม,0
constituency_20_10_4,เพื่อไทย,0
constituency_20_10_5,ประชาธิปัตย์,0
constituency_20_10_6,เศรษฐกิจ,0
constituency_20_10_7,รวมไทยสร้างชาติ,0
constituency_20_10_8,ไทยสร้างไทย,0
constituency_20_10_9,พลังประชารัฐ,0
constituency_20_10_10,ปวงชนไทย,0
constituency_20_2_1,ประชาชน,0
constituency_20_2_2,ภูมิใจไทย,0
constituency_20_2_3,ประชาธิปัตย์,0
constituency_20_2_4,เพื่อไทย,0
constituency_20_2_5,เศรษฐกิจ,0
constituency_20_2_6,ไทยภักดี,0
constituency_20_2_7,ปวงชนไทย,0
constituency_20_2_8,พลังประชารัฐ,0
constituency_20_3_1,ภูมิใจไทย,0
constituency_20_3_2,ประชาชน,0
constituency_20_3_3,เพื่อไทย,0
constituency_20_3_4,ประชาธิปัตย์,0
constituency_20_3_5,เศรษฐกิจ,0
constituency_20_3_6,ไทยภักดี,0
constituency_20_3_7,พลังประชารัฐ,0
constituency_20_4_1,ภูมิใจไทย,0
constituency_20_4_2,ประชาชน,0
constituency_20_4_3,ประชาธิปัตย์,0
constituency_20_4_4,เพื่อไทย,0
constituency_20_4_5,พลังประชารัฐ,0
constituency_20_4_6,ไทยภักดี,0
constituency_20_4_7,ปวงชนไทย,0
constituency_20_5_1,ภูมิใจไทย,0
constituency_20_5_2,ประชาชน,0
constituency_20_5_3,เพื่อไทย,0
constituency_20_5_4,ประชาธิปัตย์,0
constituency_20_5_5,เศรษฐกิจ,0
constituency_20_5_6,รวมไทยสร้างชาติ,0
constituency_20_5_7,พลังประชารัฐ,0
constituency_20_5_8,แรงงานสร้างชาติ,0
constituency_20_5_9,ปวงชนไทย,0
constituency_20_5_10,ไทยภักดี,0
constituency_20_6_1,ประชาชน,0
constituency_20_6_2,ภูมิใจไทย,0
constituency_20_6_3,เพื่อไทย,0
constituency_20_6_4,ประชาธิปัตย์,0
constituency_20_6_5,ไทยภักดี,0
constituency_20_6_6,เศรษฐกิจ,0
constituency_20_6_7,กล้าธรรม,0
constituency_20_6_8,แรงงานสร้างชาติ,0
constituency_20_6_9,พลังประชารัฐ,0
constituency_20_6_10,สังคมประชาธิปไตยไทย,0
constituency_20_6_11,ปวงชนไทย,0
constituency_20_6_12,คลองไทย,0
constituency_20_7_1,ประชาชน,0
constituency_20_7_2,ภูมิใจไทย,0
constituency_20_7_3,เพื่อไทย,0
constituency_20_7_4,ประชาธิปัตย์,0
constituency_20_7_5,เศรษฐกิจ,0
constituency_20_7_6,รวมไทยสร้างชาติ,0
constituency_20_7_7,ปวงชนไทย,0
constituency_20_7_8,ไทยภักดี,0
constituency_20_7_9,สังคมประชาธิปไตยไทย,0
constituency_20_7_10,พลังประชารัฐ,0
constituency_20_8_1,ภูมิใจไทย,0
constituency_20_8_2,ประชาชน,0
constituency_20_8_3,เพื่อไทย,0
constituency_20_8_4,ประชาธิปัตย์,0
constituency_20_8_5,เศรษฐกิจ,0
constituency_20_8_6,เสรีรวมไทย,0
constituency_20_8_7,พลังประชารัฐ,0
constituency_20_8_8,ปวงชนไทย,0
constituency_20_8_9,ไทยสร้างไทย,0
constituency_20_8_10,ไทยภักดี,0
constituency_20_9_1,ประชาชน,0
constituency_20_9_2,ภูมิใจไทย,0
constituency_20_9_3,เพื่อไทย,0
constituency_20_9_4,ประชาธิปัตย์,0
constituency_20_9_5,รวมไทยสร้างชาติ,0
constituency_20_9_6,ไทยภักดี,0
constituency_20_9_7,พลังประชารัฐ,0
constituency_20_9_8,ปวงชนไทย,0
constituency_21_1_1,ประชาชน,0
constituency_21_1_2,ภูมิใจไทย,0
constituency_21_1_3,ประชาธิปัตย์,0
constituency_21_1_4,เพื่อไทย,0
constituency_21_1_5,รวมไทยสร้างชาติ,0
constituency_21_1_6,พลังประชารัฐ,0
constituency_21_1_7,ไทยสร้างไทย,0
constituency_21_1_8,ไทยก้าวใหม่,0
constituency_21_2_1,ประชาชน,0
constituency_21_2_2,ประชาธิปัตย์,0
constituency_21_2_3,เพื่อไทย,0
constituency_21_2_4,ไทยสร้างไทย,0
constituency_21_2_5,ไทยก้าวใหม่,0
constituency_21_3_1,ประชาธิปัตย์,0
constituency_21_3_2,ประชาชน,0
constituency_21_3_3,รวมไทยสร้างชาติ,0
constituency_21_3_4,เพื่อไทย,0
constituency_21_3_5,ภูมิใจไทย,0
constituency_21_3_6,ไทยสร้างไทย,0
constituency_21_3_7,ไทยก้าวใหม่,0
constituency_21_4_1,ภูมิใจไทย,0
constituency_21_4_2,ประชาชน,0
constituency_21_4_3,ประชาธิปัตย์,0
constituency_21_4_4,เพื่อไทย,0
constituency_21_4_5,รวมไทยสร้างชาติ,0
constituency_21_4_6,ไทยก้าวใหม่,0
constituency_21_4_7,กล้าธรรม,0
constituency_21_5_1,ประชาชน,0
constituency_21_5_2,ภูมิใจไทย,0
constituency_21_5_3,ประชาธิปัตย์,0
constituency_21_5_4,เพื่อไทย,0
constituency_21_5_5,รวมไทยสร้างชาติ,0
constituency_21_5_6,ไทยสร้างไทย,0
constituency_22_1_1,ภูมิใจไทย,0
constituency_22_1_2,ประชาชน,0
constituency_22_1_3,เพื่อไทย,0
constituency_22_1_4,ประชาธิปัตย์,0
constituency_22_1_5,เศรษฐกิจ,0
constituency_22_1_6,รวมไทยสร้างชาติ,0
constituency_22_1_7,กล้าธรรม,0
constituency_22_1_8,ไทยก้าวใหม่,0
constituency_22_1_9,ปวงชนไทย,0
constituency_22_2_1,ภูมิใจไทย,0
constituency_22_2_2,ประชาชน,0
constituency_22_2_3,เพื่อไทย,0
constituency_22_2_4,ประชาธิปัตย์,0
constituency_22_2_5,เศรษฐกิจ,0
constituency_22_2_6,กล้าธรรม,0
constituency_22_3_1,ภูมิใจไทย,0
constituency_22_3_2,พลังประชารัฐ,0
constituency_22_3_3,ประชาชน,0
constituency_22_3_4,เพื่อไทย,0
constituency_22_3_5,กล้าธรรม,0
constituency_22_3_6,ประชาธิปัตย์,0
constituency_22_3_7,รักชาติ,0
constituency_22_3_8,ไทยก้าวใหม่,0
constituency_22_3_9,ปวงชนไทย,0
constituency_23_1_1,ภูมิใจไทย,0
constituency_23_1_2,ประชาชน,0
constituency_23_1_3,ประชาธิปัตย์,0
constituency_23_1_4,เพื่อไทย,0
constituency_23_1_5,กล้าธรรม,0
constituency_23_1_6,พลังประชารัฐ,0
constituency_23_1_7,ไทยสร้างไทย,0
constituency_24_1_1,เพื่อไทย,0
constituency_24_1_2,ประชาชน,0
constituency_24_1_3,ภูมิใจไทย,0
constituency_24_1_4,ประชาธิปัตย์,0
constituency_24_1_5,กล้าธรรม,0
constituency_24_1_6,ปวงชนไทย,0
constituency_24_2_1,ปวงชนไทย,0
constituency_24_2_2,ภูมิใจไทย,0
constituency_24_2_3,เพื่อไทย,0
constituency_24_2_4,กล้าธรรม,0
constituency_24_2_5,ประชาชน,0
constituency_24_2_6,ประชาธิปัตย์,0
constituency_24_3_1,กล้าธรรม,0
constituency_24_3_2,ประชาชน,0
constituency_24_3_3,เพื่อไทย,0
constituency_24_3_4,ภูมิใจไทย,0
constituency_24_3_5,ประชาธิปัตย์,0
constituency_24_3_6,ปวงชนไทย,0
constituency_24_3_7,พลังประชารัฐ,0
constituency_24_4_1,กล้าธรรม,0
constituency_24_4_2,ประชาชน,0
constituency_24_4_3,เพื่อไทย,0
constituency_24_4_4,ภูมิใจไทย,0
constituency_24_4_5,ประชาธิปัตย์,0
constituency_24_4_6,แรงงานสร้างชาติ,0
constituency_24_4_7,ปวงชนไทย,0
constituency_25_1_1,ภูมิใจไทย,0
constituency_25_1_2,ประชาชน,0
constituency_25_1_3,เพื่อไทย,0
constituency_25_1_4,กล้าธรรม,0
constituency_25_1_5,ประชาธิปัตย์,0
constituency_25_1_6,โอกาสใหม่,0
constituency_25_1_7,ไทยภักดี,0
constituency_25_3_1,ภูมิใจไทย,0
constituency_25_3_2,ประชาชน,0
constituency_25_3_3,เพื่อไทย,0
constituency_25_3_4,ประชาธิปัตย์,0
constituency_25_3_5,ไทยภักดี,0
constituency_26_1_1,กล้าธรรม,0
constituency_26_1_2,ภูมิใจไทย,0
constituency_26_1_3,ประชาชน,0
constituency_26_1_4,รวมไทยสร้างชาติ,0
constituency_26_1_5,ประชาธิปัตย์,0
constituency_26_2_1,ภูมิใจไทย,0
constituency_26_2_2,กล้าธรรม,0
constituency_26_2_3,ประชาชน,0
constituency_26_2_4,ประชาธิปัตย์,0
constituency_26_2_5,พลังประชารัฐ,0
constituency_26_2_6,แรงงานสร้างชาติ,0
constituency_27_1_1,พลังประชารัฐ,0
constituency_27_1_2,ประชาชน,0
constituency_27_1_3,ไทยก้าวใหม่,0
constituency_27_1_4,ภูมิใจไทย,0
constituency_27_1_5,ประชาธิปัตย์,0
constituency_27_1_6,เพื่อไทย,0
constituency_27_1_7,เศรษฐกิจ,0
constituency_27_1_8,กล้าธรรม,0
constituency_27_1_9,ประชาธิปไตยใหม่,0
constituency_27_2_1,พลังประชารัฐ,0
constituency_27_2_2,ประชาชน,0
constituency_27_2_3,เศรษฐกิจ,0
constituency_27_2_4,เพื่อไทย,0
constituency_27_2_5,ประชาธิปัตย์,0
constituency_27_2_6,ภูมิใจไทย,0
constituency_27_2_7,ไทยก้าวใหม่,0
constituency_27_2_8,กล้าธรรม,0
constituency_27_2_9,ประชาธิปไตยใหม่,0
constituency_27_3_1,กล้าธรรม,0
constituency_27_3_2,เพื่อไทย,0
constituency_27_3_3,ประชาชน,0
constituency_27_3_4,เศรษฐกิจ,0
constituency_27_3_5,ภูมิใจไทย,0
constituency_27_3_6,ประชาธิปัตย์,0
constituency_27_3_7,ไทยก้าวใหม่,0
constituency_27_3_8,ประชาธิปไตยใหม่,0
constituency_30_1_1,รวมใจไทย,0
constituency_30_1_2,ภูมิใจไทย,0
constituency_30_1_3,เศรษฐกิจ,0
constituency_30_1_4,ประชาธิปัตย์,0
constituency_30_1_5,กล้าธรรม,0
constituency_30_1_6,ไทยก้าวใหม่,0
constituency_30_1_7,ประชาชน,0
constituency_30_1_8,พลังประชารัฐ,0
constituency_30_1_9,โอกาสใหม่,0
constituency_30_1_10,รวมไทยสร้างชา,0
constituency_30_1_11,เพื่อไทย,0
constituency_30_1_12,ปวงชนไทย,0
constituency_30_1_13,รักษ์ธรรม,0
constituency_30_10_1,ภูมิใจไทย,0
constituency_30_10_2,เพื่อไทย,0
constituency_30_10_3,ประชาชน,0
constituency_30_10_4,โอกาสใหม่,0
constituency_30_10_5,เศรษฐกิจ,0
constituency_30_10_6,กล้าธรรม,0
constituency_30_10_7,ประชาธิปัตย์,0
constituency_30_10_8,พลังประชารัฐ,0
constituency_30_11_1,เพื่อไทย,0
constituency_30_11_2,ประชาชน,0
constituency_30_11_3,ภูมิใจไทย,0
constituency_30_11_4,เศรษฐกิจ,0
constituency_30_11_5,กล้าธรรม,0
constituency_30_11_6,ประชาธิปัตย์,0
constituency_30_11_7,ทางเลือกใหม่,0
constituency_30_11_8,ไทยก้าวใหม่,0
constituency_30_11_9,เพื่อบ้านเมือง,0
constituency_30_12_1,เพื่อไทย,0
constituency_30_12_2,ภูมิใจไทย,0
constituency_30_12_3,ประชาชน,0
constituency_30_12_4,เศรษฐกิจ,0
constituency_30_12_5,โอกาสใหม่,0
constituency_30_12_6,ประชาธิปัตย์,0
constituency_30_12_7,กล้าธรรม,0
constituency_30_12_8,รักชาติ,0
constituency_30_13_1,เพื่อไทย,0
constituency_30_13_2,ประชาชน,0
constituency_30_13_3,ภูมิใจไทย,0
constituency_30_13_4,เศรษฐกิจ,0
constituency_30_13_5,พลังประชารัฐ,0
constituency_30_13_6,ประชาธิปัตย์,0
constituency_30_13_7,เพื่อบ้านเมือง,0
constituency_30_13_8,กล้าธรรม,0
constituency_30_14_1,ประชาชน,0
constituency_30_14_2,เพื่อไทย,0
constituency_30_14_3,ภูมิใจไทย,0
constituency_30_14_4,เศรษฐกิจ,0
constituency_30_14_5,รวมไทยสร้างชาติ,0
constituency_30_14_6,ประชาธิปัตย์,0
constituency_30_15_1,เพื่อไทย,0
constituency_30_15_2,ภูมิใจไทย,0
constituency_30_15_3,กล้าธรรม,0
constituency_30_15_4,ประชาชน,0
constituency_30_15_5,เศรษฐกิจ,0
constituency_30_15_6,พลังประชารัฐ,0
constituency_30_15_7,ประชาธิปัตย์,0
constituency_30_15_8,ไทยก้าวใหม่,0
constituency_30_15_9,ทางเลือกใหม่,0
constituency_30_16_1,ภูมิใจไทย,0
constituency_30_16_2,เพื่อไทย,0
constituency_30_16_3,ประชาชน,0
constituency_30_16_4,กล้าธรรม,0
constituency_30_16_5,พลังประชารัฐ,0
constituency_30_16_6,เศรษฐกิจ,0
constituency_30_16_7,เพื่อบ้านเมือง,0
constituency_30_16_8,ประชาธิปัตย์,0
constituency_30_16_9,ไทยธรรม,0
constituency_30_16_10,ไทยภักดี,0
constituency_30_2_1,เพื่อไทย,0
constituency_30_2_2,ประชาชน,0
constituency_30_2_3,ภูมิใจไทย,0
constituency_30_2_4,เศรษฐกิจ,0
constituency_30_2_5,ชาติ,0
constituency_30_2_6,ประชาธิปัตย์,0
constituency_30_2_7,พลังประชารัฐ,0
constituency_30_2_8,ไทยก้าวใหม่,0
constituency_30_2_9,กล้าธรรม,0
constituency_30_2_10,รักชาติ,0
constituency_30_3_1,ประชาชน,0
constituency_30_3_2,เพื่อไทย,0
constituency_30_3_3,ภูมิใจไทย,0
constituency_30_3_4,เศรษฐกิจ,0
constituency_30_3_5,ชาติ,0
constituency_30_3_6,ประชาธิปัตย์,0
constituency_30_3_7,กล้าธรรม,0
constituency_30_3_8,พลังประชารัฐ,0
constituency_30_3_9,ไทยก้าวใหม่,0
constituency_30_4_1,เพื่อไทย,0
constituency_30_4_2,ประชาชน,0
constituency_30_4_3,ภูมิใจไทย,0
constituency_30_4_4,รวมไทยสร้างชาติ,0
constituency_30_4_5,เศรษฐกิจ,0
constituency_30_4_6,ประชาธิปัตย์,0
constituency_30_4_7,ไทยก้าวหน้า,0
constituency_30_4_8,กล้าธรรม,0
constituency_30_4_9,ปวงชนไทย,0
constituency_30_4_10,ไทยพร้อม,0
constituency_30_5_1,เพื่อไทย,0
constituency_30_5_2,ภูมิใจไทย,0
constituency_30_5_3,ประชาชน,0
constituency_30_5_4,เศรษฐกิจ,0
constituency_30_5_5,พลังประชารัฐ,0
constituency_30_5_6,ประชาธิปัตย์,0
constituency_30_5_7,กล้าธรรม,0
constituency_30_5_8,ไทยภักดี,0
constituency_30_5_9,ไทยก้าวใหม่,0
constituency_30_6_1,เพื่อไทย,0
constituency_30_6_2,ภูมิใจไทย,0
constituency_30_6_3,กล้าธรรม,0
constituency_30_6_4,ประชาชน,0
constituency_30_6_5,พลังประชารัฐ,0
constituency_30_6_6,รวมไทยสร้างชาติ,0
constituency_30_6_7,ปวงชนไทย,0
constituency_30_6_8,เศรษฐกิจ,0
constituency_30_6_9,เพื่อบ้านเมือง,0
constituency_30_6_10,ประชาธิปัตย์,0
constituency_30_6_11,ไทยพร้อม,0
constituency_30_6_12,ไทยก้าวใหม่,0
constituency_30_7_1,เพื่อไทย,0
constituency_30_7_2,ภูมิใจไทย,0
constituency_30_7_3,ประชาชน,0
constituency_30_7_4,เศรษฐกิจ,0
constituency_30_7_5,ประชาธิปัตย์,0
constituency_30_7_6,ไทยก้าวใหม่,0
constituency_30_7_7,กล้าธรรม,0
constituency_30_7_8,ไทยธรรม,0
constituency_30_7_9,เพื่อบ้านเมือง,0
constituency_30_8_1,เพื่อไทย,0
constituency_30_8_2,ประชาชน,0
constituency_30_8_3,ภูมิใจไทย,0
constituency_30_8_4,เศรษฐกิจ,0
constituency_30_8_5,ประชาธิปัตย์,0
constituency_30_9_1,ภูมิใจไทย,0
constituency_30_9_2,กล้าธรรม,0
constituency_30_9_3,ประชาชน,0
constituency_30_9_4,เพื่อไทย,0
constituency_30_9_5,เศรษฐกิจ,0
constituency_30_9_6,รวมไทยสร้างชาติ,0
constituency_30_9_7,ประชาธิปัตย์,0
constituency_30_9_8,ไทยภักดี,0
constituency_30_9_9,ไทยก้าวใหม่,0
constituency_31_1_1,ภูมิใจไทย,0
constituency_31_1_2,ประชาชน,0
constituency_31_1_3,เพื่อไทย,0
constituency_31_1_4,ประชาธิปัตย์,0
constituency_31_1_5,เศรษฐกิจ,0
constituency_31_1_6,รวมไทยสร้างชาติ,0
constituency_31_1_7,ประชากรไทย,0
constituency_31_1_8,กล้าธรรม,0
constituency_31_10_1,ภูมิใจไทย,0
constituency_31_10_2,ประชาชน,0
constituency_31_10_3,เพื่อไทย,0
constituency_31_10_4,ประชาธิปัตย์,0
constituency_31_10_5,เศรษฐกิจ,0
constituency_31_10_6,รวมไทยสร้างชาติ,0
constituency_31_10_7,ประชากรไทย,0
constituency_31_10_8,ปวงชนไทย,0
constituency_31_10_9,กล้าธรรม,0
constituency_31_2_1,ภูมิใจไทย,0
constituency_31_2_2,ประชาชน,0
constituency_31_2_3,เพื่อไทย,0
constituency_31_2_4,เศรษฐกิจ,0
constituency_31_2_5,ประชากรไทย,0
constituency_31_2_6,ประชาธิปัตย์,0
constituency_31_2_7,ปวงชนไทย,0
constituency_31_2_8,รวมไทยสร้างชาติ,0
constituency_31_2_9,กล้าธรรม,0
constituency_31_3_1,ภูมิใจไทย,0
constituency_31_3_2,ประชาชน,0
constituency_31_3_3,เพื่อไทย,0
constituency_31_3_4,รวมไทยสร้างชาติ,0
constituency_31_3_5,ประชากรไทย,0
constituency_31_3_6,กล้าธรรม,0
constituency_31_3_7,ปวงชนไทย,0
constituency_31_3_8,ประชาธิปัตย์,0
constituency_31_4_1,ภูมิใจไทย,0
constituency_31_4_2,ประชาชน,0
constituency_31_4_3,เพื่อไทย,0
constituency_31_4_4,ประชาธิปัตย์,0
constituency_31_4_5,รวมไทยสร้างชาติ,0
constituency_31_4_6,เศรษฐกิจ,0
constituency_31_4_7,กล้าธรรม,0
constituency_31_5_1,ภูมิใจไทย,0
constituency_31_5_2,ประชาชน,0
constituency_31_5_3,เพื่อไทย,0
constituency_31_5_4,เศรษฐกิจ,0
constituency_31_5_5,ประชาธิปัตย์,0
constituency_31_5_6,ไทยสร้างไทย,0
constituency_31_5_7,รวมไทยสร้างชาติ,0
constituency_31_5_8,ประชากรไทย,0
constituency_31_5_9,กล้าธรรม,0
constituency_31_6_1,ภูมิใจไทย,0
constituency_31_6_2,ประชาชน,0
constituency_31_6_3,เพื่อไทย,0
constituency_31_6_4,ประชาธิปัตย์,0
constituency_31_6_5,รวมไทยสร้างชาติ,0
constituency_31_6_6,เศรษฐกิจ,0
constituency_31_6_7,ประชากรไทย,0
constituency_31_6_8,ปวงชนไทย,0
constituency_31_6_9,กล้าธรรม,0
constituency_31_6_10,ไทยสร้างไทย,0
constituency_31_7_1,ภูมิใจไทย,0
constituency_31_7_2,เพื่อไทย,0
constituency_31_7_3,ประชาชน,0
constituency_31_7_4,เศรษฐกิจ,0
constituency_31_7_5,ประชากรไทย,0
constituency_31_7_6,ประชาธิปัตย์,0
constituency_31_7_7,รวมไทยสร้างชาติ,0
constituency_31_7_8,กล้าธรรม,0
constituency_31_7_9,ปวงชนไทย,0
constituency_31_8_1,ภูมิใจไทย,0
constituency_31_8_2,ประชาชน,0
constituency_31_8_3,เพื่อไทย,0
constituency_31_8_4,เศรษฐกิจ,0
constituency_31_8_5,ประชาธิปัตย์,0
constituency_31_8_6,ประชากรไทย,0
constituency_31_8_7,รวมไทยสร้างชาติ,0
constituency_31_8_8,กล้าธรรม,0
constituency_31_8_9,ปวงชนไทย,0
constituency_31_8_10,ประชาธิปไตยใหม่,0
constituency_31_9_1,เศรษฐกิจ,0
constituency_31_9_2,ประชาธิปัตย์,0
constituency_31_9_3,กล้าธรรม,0
constituency_31_9_4,ปวงชนไทย,0
constituency_31_9_5,ภูมิใจไทย,0
constituency_31_9_6,เพื่อไทย,0
constituency_31_9_7,ประชากรไทย,0
constituency_31_9_8,ประชาชน,0
constituency_31_9_9,รวมไทยสร้างชาติ,0
constituency_32_1_1,ภูมิใจไทย,0
constituency_32_1_2,ประชาชน,0
constituency_32_1_3,เพื่อไทย,0
constituency_32_1_4,กล้าธรรม,0
constituency_32_1_5,เศรษฐกิจ,0
constituency_32_1_6,ประชาธิปัตย์,0
constituency_32_1_7,รวมไทยสร้างชาติ,0
constituency_32_1_8,พลังประชารัฐ,0
constituency_32_2_1,ภูมิใจไทย,0
constituency_32_2_2,เพื่อไทย,0
constituency_32_2_3,ประชาชน,0
constituency_32_2_4,เศรษฐกิจ,0
constituency_32_2_5,รวมไทยสร้างชาติ,0
constituency_32_2_6,ประชาธิปัตย์,0
constituency_32_2_7,กล้าธรรม,0
constituency_32_2_8,ประชาธิปไตยใหม่,0
constituency_32_2_9,พลังประชารัฐ,0
constituency_32_2_10,ปวงชนไทย,0
constituency_32_3_1,ภูมิใจไทย,0
constituency_32_3_2,ประชาชน,0
constituency_32_3_3,เพื่อไทย,0
constituency_32_3_4,พลังประชารัฐ,0
constituency_32_3_5,ปวงชนไทย,0
constituency_32_3_6,เศรษฐกิจ,0
constituency_32_3_7,ประชาธิปัตย์,0
constituency_32_3_8,รวมไทยสร้างชาติ,0
constituency_32_3_9,กล้าธรรม,0
constituency_32_4_1,ภูมิใจไทย,0
constituency_32_4_2,เพื่อไทย,0
constituency_32_4_3,ประชาชน,0
constituency_32_4_4,กล้าธรรม,0
constituency_32_4_5,พลังประชารัฐ,0
constituency_32_4_6,เศรษฐกิจ,0
constituency_32_4_7,ประชาธิปัตย์,0
constituency_32_4_8,แรงงานสร้างชาติ,0
constituency_32_4_9,ปวงชนไทย,0
constituency_32_4_10,สร้างชาติ,0
constituency_32_4_11,ใหม่,0
constituency_32_5_1,ภูมิใจไทย,0
constituency_32_5_2,กล้าธรรม,0
constituency_32_5_3,ประชาชน,0
constituency_32_5_4,เพื่อไทย,0
constituency_32_5_5,แรงงานสร้างชาติ,0
constituency_32_5_6,เศรษฐกิจ,0
constituency_32_5_7,ประชาธิปัตย์,0
constituency_32_5_8,พลังสังคมใหม่,0
constituency_32_5_9,ปวงชนไทย,0
constituency_32_5_10,สร้างอนาคตไทย,0
constituency_32_5_11,รวมไทยสร้างชาติ,0
constituency_32_6_1,ภูมิใจไทย,0
constituency_32_6_2,ประชาชน,0
constituency_32_6_3,เพื่อไทย,0
constituency_32_6_4,เศรษฐกิจ,0
constituency_32_6_5,กล้าธรรม,0
constituency_32_6_6,ประชาธิปัตย์,0
constituency_32_6_7,ปวงชนไทย,0
constituency_32_6_8,รวมไทยสร้างชาติ,0
constituency_32_6_9,ไทยทรัพย์ทวี,0
constituency_32_7_1,ภูมิใจไทย,0
constituency_32_7_2,เพื่อไทย,0
constituency_32_7_3,ประชาชน,0
constituency_32_7_4,เศรษฐกิจ,0
constituency_32_7_5,กล้าธรรม,0
constituency_32_7_6,ประชาธิปัตย์,0
constituency_32_7_7,ปวงชนไทย,0
constituency_32_8_1,ภูมิใจไทย,0
constituency_32_8_2,ประชาชน,0
constituency_32_8_3,เพื่อไทย,0
constituency_32_8_4,เศรษฐกิจ,0
constituency_32_8_5,กล้าธรรม,0
constituency_32_8_6,รวมไทยสร้างชาติ,0
constituency_32_8_7,ประชาธิปัตย์,0
constituency_32_8_8,ปวงชนไทย,0
constituency_33_1_1,ภูมิใจไทย,0
constituency_33_1_2,เพื่อไทย,0
constituency_33_1_3,ประชาชน,0
constituency_33_1_4,ปวงชนไทย,0
constituency_33_1_5,ประชาธิปัตย์,0
constituency_33_1_6,เศรษฐกิจ,0
constituency_33_1_7,ประชาธิปไตยใหม่,0
constituency_33_1_8,กล้าธรรม,0
constituency_33_1_9,รวมไทยสร้างชาติ,0
constituency_33_2_1,ภูมิใจไทย,0
constituency_33_2_2,เพื่อไทย,0
constituency_33_2_3,ประชาชน,0
constituency_33_2_4,รวมพลังประชาชน,0
constituency_33_2_5,กล้าธรรม,0
constituency_33_2_6,เศรษฐกิจ,0
constituency_33_2_7,ทางเลือกใหม่,0
constituency_33_2_8,ประชาธิปัตย์,0
constituency_33_2_9,ประชาธิปไตยใหม่,0
constituency_33_2_10,ไทยก้าวใหม่,0
constituency_33_2_11,ปวงชนไทย,0
constituency_33_3_1,ภูมิใจไทย,0
constituency_33_3_2,ประชาชน,0
constituency_33_3_3,เพื่อไทย,0
constituency_33_3_4,พลังประชารัฐ,0
constituency_33_3_5,เศรษฐกิจ,0
constituency_33_3_6,กล้าธรรม,0
constituency_33_3_7,ประชาธิปัตย์,0
constituency_33_3_8,ประชาธิปไตยใหม่,0
constituency_33_3_9,ประชากรไทย,0
constituency_33_3_10,รวมพลัง,0
constituency_33_4_1,ภูมิใจไทย,0
constituency_33_4_2,กล้าธรรม,0
constituency_33_4_3,ประชาชน,0
constituency_33_4_4,เพื่อไทย,0
constituency_33_4_5,เศรษฐกิจ,0
constituency_33_4_6,รวมไทยสร้างชาติ,0
constituency_33_4_7,ประชากรไทย,0
constituency_33_4_8,ประชาธิปัตย์,0
constituency_33_4_9,พลังประชารัฐ,0
constituency_33_4_10,ปวงชนไทย,0
constituency_33_5_1,ภูมิใจไทย,0
constituency_33_5_2,เพื่อไทย,0
constituency_33_5_3,ประชาชน,0
constituency_33_5_4,เศรษฐกิจ,0
constituency_33_5_5,ประชากรไทย,0
constituency_33_5_6,ประชาธิปัตย์,0
constituency_33_5_7,กล้าธรรม,0
constituency_33_5_8,รวมไทยสร้างชาติ,0
constituency_33_5_9,ปวงชนไทย,0
constituency_33_6_1,เพื่อไทย,0
constituency_33_6_2,ภูมิใจไทย,0
constituency_33_6_3,ประชาชน,0
constituency_33_6_4,เศรษฐกิจ,0
constituency_33_6_5,กล้าธรรม,0
constituency_33_6_6,ประชาธิปไตยใหม่,0
constituency_33_6_7,ประชาธิปัตย์,0
constituency_33_6_8,รวมไทยสร้างชาติ,0
constituency_33_7_1,เพื่อไทย,0
constituency_33_7_2,ภูมิใจไทย,0
constituency_33_7_3,ประชาชน,0
constituency_33_7_4,พลังประชารัฐ,0
constituency_33_7_5,ประชาธิปัตย์,0
constituency_33_7_6,กล้าธรรม,0
constituency_33_7_7,ประชาธิปไตยใหม่,0
constituency_33_7_8,ประชากรไทย,0
constituency_33_8_1,ประชาชน,0
constituency_33_8_2,ภูมิใจไทย,0
constituency_33_8_3,เศรษฐกิจ,0
constituency_33_8_4,เพื่อไทย,0
constituency_33_8_5,ประชาธิปัตย์,0
constituency_33_8_6,ประชาธิปไตยใหม่,0
constituency_33_8_7,ปวงชนไทย,0
constituency_33_8_8,กล้าธรรม,0
constituency_33_9_1,ภูมิใจไทย,0
constituency_33_9_2,เพื่อไทย,0
constituency_33_9_3,ประชาชน,0
constituency_33_9_4,กล้าธรรม,0
constituency_33_9_5,พลังประชารัฐ,0
constituency_33_9_6,เศรษฐกิจ,0
constituency_33_9_7,ประชาธิปัตย์,0
constituency_33_9_8,รวมไทยสร้างชาติ,0
constituency_33_9_9,ประชาธิปไตยใหม่,0
constituency_33_9_10,ปวงชนไทย,0
constituency_34_1_1,เพื่อไทย,0
constituency_34_1_2,ประชาชน,0
constituency_34_1_3,ประชาธิปัตย์,0
constituency_34_1_4,ไทยสร้างไทย,0
constituency_34_1_5,ภูมิใจไทย,0
constituency_34_1_6,เศรษฐกิจ,0
constituency_34_1_7,พลวัต,0
constituency_34_1_8,พลังประชารัฐ,0
constituency_34_10_1,ไทรวมพลัง,0
constituency_34_10_2,ประชาชน,0
constituency_34_10_3,เพื่อไทย,0
constituency_34_10_4,ภูมิใจไทย,0
constituency_34_10_5,ประชาธิปัตย์,0
constituency_34_10_6,พลังประชารัฐ,0
constituency_34_11_1,ภูมิใจไทย,0
constituency_34_11_2,ประชาชน,0
constituency_34_11_3,เพื่อไทย,0
constituency_34_11_4,ไทยสร้างไทย,0
constituency_34_11_5,รวมไทยสร้างชาติ,0
constituency_34_11_6,ประชาธิปัตย์,0
constituency_34_11_7,กล้าธรรม,0
party_list_10_1_1,ไทยทรัพย์ทวี,0
party_list_10_1_2,เพื่อชาติไทย,0
party_list_10_1_3,ใหม่,0
party_list_10_1_4,มิติใหม่,0
party_list_10_1_5,รวมใจไทย,0
party_list_10_1_6,รวมไทยสร้างชาติ,0
party_list_10_1_7,พลวัต,0
party_list_10_1_8,ประชาธิปไตยใหม่,0
party_list_10_1_9,เพื่อไทย,0
party_list_10_1_10,ทางเลือกใหม่,0
party_list_10_1_11,เศรษฐกิจ,0
party_list_10_1_12,เสรีรวมไทย,0
party_list_10_1_13,รวมพลังประชาชน,0
party_list_10_1_14,ท้องที่ไทย,0
party_list_10_1_15,อนาคตไทย,0
party_list_10_1_16,พลังเพื่อไทย,0
party_list_10_1_17,ไทยชนะ,0
party_list_10_1_18,พลังสังคมใหม่,0
party_list_10_1_19,สังคมประชาธิปไตยไทย,0
party_list_10_1_20,ฟิวชัน,0
party_list_10_1_21,ไทรวมพลัง,0
party_list_10_1_22,ก้าวอิสระ,0
party_list_10_1_23,ปวงชนไทย,0
party_list_10_1_24,วิชชั่นใหม่,0
party_list_10_1_25,เพื่อชีวิตใหม่,0
party_list_10_1_26,คลองไทย,0
party_list_10_1_27,ประชาธิปัตย์,0
party_list_10_1_28,ไทยก้าวหน้า,0
party_list_10_1_29,ไทยภักดี,0
party_list_10_1_30,แรงงานสร้างชาติ,0
party_list_10_1_31,ประชากรไทย,0
party_list_10_1_32,ครูไทยเพื่อประชาชน,0
party_list_10_1_33,ประชาชาติ,0
party_list_10_1_34,สร้างอนาคตไทย,0
party_list_10_1_35,รักชาติ,0
party_list_10_1_36,ไทยพร้อม,0
party_list_10_1_37,ภูมิใจไทย,0
party_list_10_1_38,พลังธรรมใหม่,0
party_list_10_1_39,กรีน,0
party_list_10_1_40,ไทยธรรม,0
party_list_10_1_41,แผ่นดินธรรม,0
party_list_10_1_42,กล้าธรรม,0
party_list_10_1_43,พลังประชารัฐ,0
party_list_10_1_44,โอกาสใหม่,0
party_list_10_1_45,เป็นธรรม,0
party_list_10_1_46,ประชาชน,0
party_list_10_1_47,ประชาไทย,0
party_list_10_1_48,ไทยสร้างไทย,0
party_list_10_1_49,ไทยก้าวใหม่,0
party_list_10_1_50,ประชาอาสาชาติ,0
party_list_10_1_51,พร้อม,0
party_list_10_1_52,เครือข่ายชาวนาแห่งประเทศไทย,0
party_list_10_1_53,ไทยพิทักษ์ธรรม,0
party_list_10_1_54,ความหวังใหม่,0
party_list_10_1_55,ไทยรวมไทย,0
party_list_10_1_56,เพื่อบ้านเมือง,0
party_list_10_1_57,พลังไทยรักชาติ,0
party_list_10_10_1,ไทยทรัพย์ทวี,0
party_list_10_10_2,เพื่อชาติไทย,0
party_list_10_10_3,ใหม่,0
party_list_10_10_4,มิติใหม่,0
party_list_10_10_5,รวมใจไทย,0
party_list_10_10_6,รวมไทยสร้างชาติ,0
party_list_10_10_7,พลวัต,0
party_list_10_10_8,ประชาธิปไตยใหม่,0
party_list_10_10_9,เพื่อไทย,0
party_list_10_10_10,ทางเลือกใหม่,0
party_list_10_10_11,เศรษฐกิจ,0
party_list_10_10_12,เสรีรวมไทย,0
party_list_10_10_13,รวมพลังประชาชน,0
party_list_10_10_14,ท้องที่ไทย,0
party_list_10_10_15,อนาคตไทย,0
party_list_10_10_16,พลังเพื่อไทย,0
party_list_10_10_17,ไทยชนะ,0
party_list_10_10_18,พลังสังคมใหม่,0
party_list_10_10_19,สังคมประชาธิปไตยไทย,0
party_list_10_10_20,ฟิวชัน,0
party_list_10_10_21,ไทรวมพลัง,0
party_list_10_10_22,ก้าวอิสระ,0
party_list_10_10_23,ปวงชนไทย,0
party_list_10_10_24,วิชชั่นใหม่,0
party_list_10_10_25,เพื่อชีวิตใหม่,0
party_list_10_10_26,คลองไทย,0
party_list_10_10_27,ประชาธิปัตย์,0
party_list_10_10_28,ไทยก้าวหน้า,0
party_list_10_10_29,ไทยภักดี,0
party_list_10_10_30,แรงงานสร้างชาติ,0
party_list_10_10_31,ประชากรไทย,0
party_list_10_10_32,ครูไทยเพื่อประชาชน,0
party_list_10_10_33,ประชาชาติ,0
party_list_10_10_34,สร้างอนาคตไทย,0
party_list_10_10_35,รักชาติ,0
party_list_10_10_36,ไทยพร้อม,0
party_list_10_10_37,ภูมิใจไทย,0
party_list_10_10_38,พลังธรรมใหม่,0
party_list_10_10_39,กรีน,0
party_list_10_10_40,ไทยธรรม,0
party_list_10_10_41,แผ่นดินธรรม,0
party_list_10_10_42,กล้าธรรม,0
party_list_10_10_43,พลังประชารัฐ,0
party_list_10_10_44,โอกาสใหม่,0
party_list_10_10_45,เป็นธรรม,0
party_list_10_10_46,ประชาชน,0
party_list_10_10_47,ประชาไทย,0
party_list_10_10_48,ไทยสร้างไทย,0
party_list_10_10_49,ไทยก้าวใหม่,0
party_list_10_10_50,ประชาอาสาชาติ,0
party_list_10_10_51,พร้อม,0
party_list_10_10_52,เครือข่ายชาวนาแห่งประเทศไทย,0
party_list_10_10_53,ไทยพิทักษ์ธรรม,0
party_list_10_10_54,ความหวังใหม่,0
party_list_10_10_55,ไทยรวมไทย,0
party_list_10_10_56,เพื่อบ้านเมือง,0
party_list_10_10_57,พลังไทยรักชาติ,0
party_list_10_11_1,ไทยทรัพย์ทวี,0
party_list_10_11_2,เพื่อชาติไทย,0
party_list_10_11_3,ใหม่,0
party_list_10_11_4,มิติใหม่,0
party_list_10_11_5,รวมใจไทย,0
party_list_10_11_6,รวมไทยสร้างชาติ,0
party_list_10_11_7,พลวัต,0
party_list_10_11_8,ประชาธิปไตยใหม่,0
party_list_10_11_9,เพื่อไทย,0
party_list_10_11_10,ทางเลือกใหม่,0
party_list_10_11_11,เศรษฐกิจ,0
party_list_10_11_12,เสรีรวมไทย,0
party_list_10_11_13,รวมพลังประชาชน,0
party_list_10_11_14,ท้องที่ไทย,0
party_list_10_11_15,อนาคตไทย,0
party_list_10_11_16,พลังเพื่อไทย,0
party_list_10_11_17,ไทยชนะ,0
party_list_10_11_18,พลังสังคมใหม่,0
party_list_10_11_19,สังคมประชาธิปไตยไทย,0
party_list_10_11_20,ฟิวชัน,0
party_list_10_11_21,ไทรวมพลัง,0
party_list_10_11_22,ก้าวอิสระ,0
party_list_10_11_23,ปวงชนไทย,0
party_list_10_11_24,วิชชั่นใหม่,0
party_list_10_11_25,เพื่อชีวิตใหม่,0
party_list_10_11_26,คลองไทย,0
party_list_10_11_27,ประชาธิปัตย์,0
party_list_10_11_28,ไทยก้าวหน้า,0
party_list_10_11_29,ไทยภักดี,0
party_list_10_11_30,แรงงานสร้างชาติ,0
party_list_10_11_31,ประชากรไทย,0
party_list_10_11_32,ครูไทยเพื่อประชาชน,0
party_list_10_11_33,ประชาชาติ,0
party_list_10_11_34,สร้างอนาคตไทย,0
party_list_10_11_35,รักชาติ,0
party_list_10_11_36,ไทยพร้อม,0
party_list_10_11_37,ภูมิใจไทย,0
party_list_10_11_38,พลังธรรมใหม่,0
party_list_10_11_39,กรีน,0
party_list_10_11_40,ไทยธรรม,0
party_list_10_11_41,แผ่นดินธรรม,0
party_list_10_11_42,กล้าธรรม,0
party_list_10_11_43,พลังประชารัฐ,0
party_list_10_11_44,โอกาสใหม่,0
party_list_10_11_45,เป็นธรรม,0
party_list_10_11_46,ประชาชน,0
party_list_10_11_47,ประชาไทย,0
party_list_10_11_48,ไทยสร้างไทย,0
party_list_10_11_49,ไทยก้าวใหม่,0
party_list_10_11_50,ประชาอาสาชาติ,0
party_list_10_11_51,พร้อม,0
party_list_10_11_52,เครือข่ายชาวนาแห่งประเทศไทย,0
party_list_10_11_53,ไทยพิทักษ์ธรรม,0
party_list_10_11_54,ความหวังใหม่,0
party_list_10_11_55,ไทยรวมไทย,0
party_list_10_11_56,เพื่อบ้านเมือง,0
party_list_10_11_57,พลังไทยรักชาติ,0
party_list_10_12_1,ไทยทรัพย์ทวี,0
party_list_10_12_2,เพื่อชาติไทย,0
party_list_10_12_3,ใหม่,0
party_list_10_12_4,มิติใหม่,0
party_list_10_12_5,รวมใจไทย,0
party_list_10_12_6,รวมไทยสร้างชาติ,0
party_list_10_12_7,พลวัต,0
party_list_10_12_8,ประชาธิปไตยใหม่,0
party_list_10_12_9,เพื่อไทย,0
party_list_10_12_10,ทางเลือกใหม่,0
party_list_10_12_11,เศรษฐกิจ,0
party_list_10_12_12,เสรีรวมไทย,0
party_list_10_12_13,รวมพลังประชาชน,0
party_list_10_12_14,ท้องที่ไทย,0
party_list_10_12_15,อนาคตไทย,0
party_list_10_12_16,พลังเพื่อไทย,0
party_list_10_12_17,ไทยชนะ,0
party_list_10_12_18,พลังสังคมใหม่,0
party_list_10_12_19,สังคมประชาธิปไตยไทย,0
party_list_10_12_20,ฟิวชัน,0
party_list_10_12_21,ไทรวมพลัง,0
party_list_10_12_22,ก้าวอิสระ,0
party_list_10_12_23,ปวงชนไทย,0
party_list_10_12_24,วิชชั่นใหม่,0
party_list_10_12_25,เพื่อชีวิตใหม่,0
party_list_10_12_26,คลองไทย,0
party_list_10_12_27,ประชาธิปัตย์,0
party_list_10_12_28,ไทยก้าวหน้า,0
party_list_10_12_29,ไทยภักดี,0
party_list_10_12_30,แรงงานสร้างชาติ,0
party_list_10_12_31,ประชากรไทย,0
party_list_10_12_32,ครูไทยเพื่อประชาชน,0
party_list_10_12_33,ประชาชาติ,0
party_list_10_12_34,สร้างอนาคตไทย,0
party_list_10_12_35,รักชาติ,0
party_list_10_12_36,ไทยพร้อม,0
party_list_10_12_37,ภูมิใจไทย,0
party_list_10_12_38,พลังธรรมใหม่,0
party_list_10_12_39,กรีน,0
party_list_10_12_40,ไทยธรรม,0
party_list_10_12_41,แผ่นดินธรรม,0
party_list_10_12_42,กล้าธรรม,0
party_list_10_12_43,พลังประชารัฐ,0
party_list_10_12_44,โอกาสใหม่,0
party_list_10_12_45,เป็นธรรม,0
party_list_10_12_46,ประชาชน,0
party_list_10_12_47,ประชาไทย,0
party_list_10_12_48,ไทยสร้างไทย,0
party_list_10_12_49,ไทยก้าวใหม่,0
party_list_10_12_50,ประชาอาสาชาติ,0
party_list_10_12_51,พร้อม,0
party_list_10_12_52,เครือข่ายชาวนาแห่งประเทศไทย,0
party_list_10_12_53,ไทยพิทักษ์ธรรม,0
party_list_10_12_54,ความหวังใหม่,0
party_list_10_12_55,ไทยรวมไทย,0
party_list_10_12_56,เพื่อบ้านเมือง,0
party_list_10_12_57,พลังไทยรักชาติ,0
party_list_10_13_1,ไทยทรัพย์ทวี,0
party_list_10_13_2,เพื่อชาติไทย,0
party_list_10_13_3,ใหม่,0
party_list_10_13_4,มิติใหม่,0
party_list_10_13_5,รวมใจไทย,0
party_list_10_13_6,รวมไทยสร้างชาติ,0
party_list_10_13_7,พลวัต,0
party_list_10_13_8,ประชาธิปไตยใหม่,0
party_list_10_13_9,เพื่อไทย,0
party_list_10_13_10,ทางเลือกใหม่,0
party_list_10_13_11,เศรษฐกิจ,0
party_list_10_13_12,เสรีรวมไทย,0
party_list_10_13_13,รวมพลังประชาชน,0
party_list_10_13_14,ท้องที่ไทย,0
party_list_10_13_15,อนาคตไทย,0
party_list_10_13_16,พลังเพื่อไทย,0
party_list_10_13_17,ไทยชนะ,0
party_list_10_13_18,พลังสังคมใหม่,0
party_list_10_13_19,สังคมประชาธิปไตยไทย,0
party_list_10_13_20,ฟิวชัน,0
party_list_10_13_21,ไทรวมพลัง,0
party_list_10_13_22,ก้าวอิสระ,0
party_list_10_13_23,ปวงชนไทย,0
party_list_10_13_24,วิชชั่นใหม่,0
party_list_10_13_25,เพื่อชีวิตใหม่,0
party_list_10_13_26,คลองไทย,0
party_list_10_13_27,ประชาธิปัตย์,0
party_list_10_13_28,ไทยก้าวหน้า,0
party_list_10_13_29,ไทยภักดี,0
party_list_10_13_30,แรงงานสร้างชาติ,0
party_list_10_13_31,ประชากรไทย,0
party_list_10_13_32,ครูไทยเพื่อประชาชน,0
party_list_10_13_33,ประชาชาติ,0
party_list_10_13_34,สร้างอนาคตไทย,0
party_list_10_13_35,รักชาติ,0
party_list_10_13_36,ไทยพร้อม,0
party_list_10_13_37,ภูมิใจไทย,0
party_list_10_13_38,พลังธรรมใหม่,0
party_list_10_13_39,กรีน,0
party_list_10_13_40,ไทยธรรม,0
party_list_10_13_41,แผ่นดินธรรม,0
party_list_10_13_42,กล้าธรรม,0
party_list_10_13_43,พลังประชารัฐ,0
party_list_10_13_44,โอกาสใหม่,0
party_list_10_13_45,เป็นธรรม,0
party_list_10_13_46,ประชาชน,0
party_list_10_13_47,ประชาไทย,0
party_list_10_13_48,ไทยสร้างไทย,0
party_list_10_13_49,ไทยก้าวใหม่,0
party_list_10_13_50,ประชาอาสาชาติ,0
party_list_10_13_51,พร้อม,0
party_list_10_13_52,เครือข่ายชาวนาแห่งประเทศไทย,0
party_list_10_13_53,ไทยพิทักษ์ธรรม,0
party_list_10_13_54,ความหวังใหม่,0
party_list_10_13_55,ไทยรวมไทย,0
party_list_10_13_56,เพื่อบ้านเมือง,0
party_list_10_13_57,พลังไทยรักชาติ,0
party_list_10_14_1,ไทยทรัพย์ทวี,0
party_list_10_14_2,เพื่อชาติไทย,0
party_list_10_14_3,ใหม่,0
party_list_10_14_4,มิติใหม่,0
party_list_10_14_5,รวมใจไทย,0
party_list_10_14_6,รวมไทยสร้างชาติ,0
party_list_10_14_7,พลวัต,0
party_list_10_14_8,ประชาธิปไตยใหม่,0
party_list_10_14_9,เพื่อไทย,0
party_list_10_14_10,ทางเลือกใหม่,0
party_list_10_14_11,เศรษฐกิจ,0
party_list_10_14_12,เสรีรวมไทย,0
party_list_10_14_13,รวมพลังประชาชน,0
party_list_10_14_14,ท้องที่ไทย,0
party_list_10_14_15,อนาคตไทย,0
party_list_10_14_16,พลังเพื่อไทย,0
party_list_10_14_17,ไทยชนะ,0
party_list_10_14_18,พลังสังคมใหม่,0
party_list_10_14_19,สังคมประชาธิปไตยไทย,0
party_list_10_14_20,ฟิวชัน,0
party_list_10_14_21,ไทรวมพลัง,0
party_list_10_14_22,ก้าวอิสระ,0
party_list_10_14_23,ปวงชนไทย,0
party_list_10_14_24,วิชชั่นใหม่,0
party_list_10_14_25,เพื่อชีวิตใหม่,0
party_list_10_14_26,คลองไทย,0
party_list_10_14_27,ประชาธิปัตย์,0
party_list_10_14_28,ไทยก้าวหน้า,0
party_list_10_14_29,ไทยภักดี,0
party_list_10_14_30,แรงงานสร้างชาติ,0
party_list_10_14_31,ประชากรไทย,0
party_list_10_14_32,ครูไทยเพื่อประชาชน,0
party_list_10_14_33,ประชาชาติ,0
party_list_10_14_34,สร้างอนาคตไทย,0
party_list_10_14_35,รักชาติ,0
party_list_10_14_36,ไทยพร้อม,0
party_list_10_14_37,ภูมิใจไทย,0
party_list_10_14_38,พลังธรรมใหม่,0
party_list_10_14_39,กรีน,0
party_list_10_14_40,ไทยธรรม,0
party_list_10_14_41,แผ่นดินธรรม,0
party_list_10_14_42,กล้าธรรม,0
party_list_10_14_43,พลังประชารัฐ,0
party_list_10_14_44,โอกาสใหม่,0
party_list_10_14_45,เป็นธรรม,0
party_list_10_14_46,ประชาชน,0
party_list_10_14_47,ประชาไทย,0
party_list_10_14_48,ไทยสร้างไทย,0
party_list_10_14_49,ไทยก้าวใหม่,0
party_list_10_14_50,ประชาอาสาชาติ,0
party_list_10_14_51,พร้อม,0
party_list_10_14_52,เครือข่ายชาวนาแห่งประเทศไทย,0
party_list_10_14_53,ไทยพิทักษ์ธรรม,0
party_list_10_14_54,ความหวังใหม่,0
party_list_10_14_55,ไทยรวมไทย,0
party_list_10_14_56,เพื่อบ้านเมือง,0
party_list_10_14_57,พลังไทยรักชาติ,0
party_list_10_16_1,ไทยทรัพย์ทวี,0
party_list_10_16_2,เพื่อชาติไทย,0
party_list_10_16_3,ใหม่,0
party_list_10_16_4,มิติใหม่,0
party_list_10_16_5,รวมใจไทย,0
party_list_10_16_6,รวมไทยสร้างชาติ,0
party_list_10_16_7,พลวัต,0
party_list_10_16_8,ประชาธิปไตยใหม่,0
party_list_10_16_9,เพื่อไทย,0
party_list_10_16_10,ทางเลือกใหม่,0
party_list_10_16_11,เศรษฐกิจ,0
party_list_10_16_12,เสรีรวมไทย,0
party_list_10_16_13,รวมพลังประชาชน,0
party_list_10_16_14,ท้องที่ไทย,0
party_list_10_16_15,อนาคตไทย,0
party_list_10_16_16,พลังเพื่อไทย,0
party_list_10_16_17,ไทยชนะ,0
party_list_10_16_18,พลังสังคมใหม่,0
party_list_10_16_19,สังคมประชาธิปไตยไทย,0
party_list_10_16_20,ฟิวชัน,0
party_list_10_16_21,ไทรวมพลัง,0
party_list_10_16_22,ก้าวอิสระ,0
party_list_10_16_23,ปวงชนไทย,0
party_list_10_16_24,วิชชั่นใหม่,0
party_list_10_16_25,เพื่อชีวิตใหม่,0
party_list_10_16_26,คลองไทย,0
party_list_10_16_27,ประชาธิปัตย์,0
party_list_10_16_28,ไทยก้าวหน้า,0
party_list_10_16_29,ไทยภักดี,0
party_list_10_16_30,แรงงานสร้างชาติ,0
party_list_10_16_31,ประชากรไทย,0
party_list_10_16_32,ครูไทยเพื่อประชาชน,0
party_list_10_16_33,ประชาชาติ,0
party_list_10_16_34,สร้างอนาคตไทย,0
party_list_10_16_35,รักชาติ,0
party_list_10_16_36,ไทยพร้อม,0
party_list_10_16_37,ภูมิใจไทย,0
party_list_10_16_38,พลังธรรมใหม่,0
party_list_10_16_39,กรีน,0
party_list_10_16_40,ไทยธรรม,0
party_list_10_16_41,แผ่นดินธรรม,0
party_list_10_16_42,กล้าธรรม,0
party_list_10_16_43,พลังประชารัฐ,0
party_list_10_16_44,โอกาสใหม่,0
party_list_10_16_45,เป็นธรรม,0
party_list_10_16_46,ประชาชน,0
party_list_10_16_47,ประชาไทย,0
party_list_10_16_48,ไทยสร้างไทย,0
party_list_10_16_49,ไทยก้าวใหม่,0
party_list_10_16_50,ประชาอาสาชาติ,0
party_list_10_16_51,พร้อม,0
party_list_10_16_52,เครือข่ายชาวนาแห่งประเทศไทย,0
party_list_10_16_53,ไทยพิทักษ์ธรรม,0
party_list_10_16_54,ความหวังใหม่,0
party_list_10_16_55,ไทยรวมไทย,0
party_list_10_16_56,เพื่อบ้านเมือง,0
party_list_10_16_57,พลังไทยรักชาติ,0
party_list_10_17_1,ไทยทรัพย์ทวี,0
party_list_10_17_2,เพื่อชาติไทย,0
party_list_10_17_3,ใหม่,0
party_list_10_17_4,มิติใหม่,0
party_list_10_17_5,รวมใจไทย,0
party_list_10_17_6,รวมไทยสร้างชาติ,0
party_list_10_17_7,พลวัต,0
party_list_10_17_8,ประชาธิปไตยใหม่,0
party_list_10_17_9,เพื่อไทย,0
party_list_10_17_10,ทางเลือกใหม่,0
party_list_10_17_11,เศรษฐกิจ,0
party_list_10_17_12,เสรีรวมไทย,0
party_list_10_17_13,รวมพลังประชาชน,0
party_list_10_17_14,ท้องที่ไทย,0
party_list_10_17_15,อนาคตไทย,0
party_list_10_17_16,พลังเพื่อไทย,0
party_list_10_17_17,ไทยชนะ,0
party_list_10_17_18,พลังสังคมใหม่,0
party_list_10_17_19,สังคมประชาธิปไตยไทย,0
party_list_10_17_20,ฟิวชัน,0
party_list_10_17_21,ไทรวมพลัง,0
party_list_10_17_22,ก้าวอิสระ,0
party_list_10_17_23,ปวงชนไทย,0
party_list_10_17_24,วิชชั่นใหม่,0
party_list_10_17_25,เพื่อชีวิตใหม่,0
party_list_10_17_26,คลองไทย,0
party_list_10_17_27,ประชาธิปัตย์,0
party_list_10_17_28,ไทยก้าวหน้า,0
party_list_10_17_29,ไทยภักดี,0
party_list_10_17_30,แรงงานสร้างชาติ,0
party_list_10_17_31,ประชากรไทย,0
party_list_10_17_32,ครูไทยเพื่อประชาชน,0
party_list_10_17_33,ประชาชาติ,0
party_list_10_17_34,สร้างอนาคตไทย,0
party_list_10_17_35,รักชาติ,0
party_list_10_17_36,ไทยพร้อม,0
party_list_10_17_37,ภูมิใจไทย,0
party_list_10_17_38,พลังธรรมใหม่,0
party_list_10_17_39,กรีน,0
party_list_10_17_40,ไทยธรรม,0
party_list_10_17_41,แผ่นดินธรรม,0
party_list_10_17_42,กล้าธรรม,0
party_list_10_17_43,พลังประชารัฐ,0
party_list_10_17_44,โอกาสใหม่,0
party_list_10_17_45,เป็นธรรม,0
party_list_10_17_46,ประชาชน,0
party_list_10_17_47,ประชาไทย,0
party_list_10_17_48,ไทยสร้างไทย,0
party_list_10_17_49,ไทยก้าวใหม่,0
party_list_10_17_50,ประชาอาสาชาติ,0
party_list_10_17_51,พร้อม,0
party_list_10_17_52,เครือข่ายชาวนาแห่งประเทศไทย,0
party_list_10_17_53,ไทยพิทักษ์ธรรม,0
party_list_10_17_54,ความหวังใหม่,0
party_list_10_17_55,ไทยรวมไทย,0
party_list_10_17_56,เพื่อบ้านเมือง,0
party_list_10_17_57,พลังไทยรักชาติ,0
party_list_10_18_1,ไทยทรัพย์ทวี,0
party_list_10_18_2,เพื่อชาติไทย,0
party_list_10_18_3,ใหม่,0
party_list_10_18_4,มิติใหม่,0
party_list_10_18_5,รวมใจไทย,0
party_list_10_18_6,รวมไทยสร้างชาติ,0
party_list_10_18_7,พลวัต,0
party_list_10_18_8,ประชาธิปไตยใหม่,0
party_list_10_18_9,เพื่อไทย,0
party_list_10_18_10,ทางเลือกใหม่,0
party_list_10_18_11,เศรษฐกิจ,0
party_list_10_18_12,เสรีรวมไทย,0
party_list_10_18_13,รวมพลังประชาชน,0
party_list_10_18_14,ท้องที่ไทย,0
party_list_10_18_15,อนาคตไทย,0
party_list_10_18_16,พลังเพื่อไทย,0
party_list_10_18_17,ไทยชนะ,0
party_list_10_18_18,พลังสังคมใหม่,0
party_list_10_18_19,สังคมประชาธิปไตยไทย,0
party_list_10_18_20,ฟิวชัน,0
party_list_10_18_21,ไทรวมพลัง,0
party_list_10_18_22,ก้าวอิสระ,0
party_list_10_18_23,ปวงชนไทย,0
party_list_10_18_24,วิชชั่นใหม่,0
party_list_10_18_25,เพื่อชีวิตใหม่,0
party_list_10_18_26,คลองไทย,0
party_list_10_18_27,ประชาธิปัตย์,0
party_list_10_18_28,ไทยก้าวหน้า,0
party_list_10_18_29,ไทยภักดี,0
party_list_10_18_30,แรงงานสร้างชาติ,0
party_list_10_18_31,ประชากรไทย,0
party_list_10_18_32,ครูไทยเพื่อประชาชน,0
party_list_10_18_33,ประชาชาติ,0
party_list_10_18_34,สร้างอนาคตไทย,0
party_list_10_18_35,รักชาติ,0
party_list_10_18_36,ไทยพร้อม,0
party_list_10_18_37,ภูมิใจไทย,0
party_list_10_18_38,พลังธรรมใหม่,0
party_list_10_18_39,กรีน,0
party_list_10_18_40,ไทยธรรม,0
party_list_10_18_41,แผ่นดินธรรม,0
party_list_10_18_42,กล้าธรรม,0
party_list_10_18_43,พลังประชารัฐ,0
party_list_10_18_44,โอกาสใหม่,0
party_list_10_18_45,เป็นธรรม,0
party_list_10_18_46,ประชาชน,0
party_list_10_18_47,ประชาไทย,0
party_list_10_18_48,ไทยสร้างไทย,0
party_list_10_18_49,ไทยก้าวใหม่,0
party_list_10_18_50,ประชาอาสาชาติ,0
party_list_10_18_51,พร้อม,0
party_list_10_18_52,เครือข่ายชาวนาแห่งประเทศไทย,0
party_list_10_18_53,ไทยพิทักษ์ธรรม,0
party_list_10_18_54,ความหวังใหม่,0
party_list_10_18_55,ไทยรวมไทย,0
party_list_10_18_56,เพื่อบ้านเมือง,0
party_list_10_18_57,พลังไทยรักชาติ,0
party_list_10_19_1,ไทยทรัพย์ทวี,0
party_list_10_19_2,เพื่อชาติไทย,0
party_list_10_19_3,ใหม่,0
party_list_10_19_4,มิติใหม่,0
party_list_10_19_5,รวมใจไทย,0
party_list_10_19_6,รวมไทยสร้างชาติ,0
party_list_10_19_7,พลวัต,0
party_list_10_19_8,ประชาธิปไตยใหม่,0
party_list_10_19_9,เพื่อไทย,0
party_list_10_19_10,ทางเลือกใหม่,0
party_list_10_19_11,เศรษฐกิจ,0
party_list_10_19_12,เสรีรวมไทย,0
party_list_10_19_13,รวมพลังประชาชน,0
party_list_10_19_14,ท้องที่ไทย,0
party_list_10_19_15,อนาคตไทย,0
party_list_10_19_16,พลังเพื่อไทย,0
party_list_10_19_17,ไทยชนะ,0
party_list_10_19_18,พลังสังคมใหม่,0
party_list_10_19_19,สังคมประชาธิปไตยไทย,0
party_list_10_19_20,ฟิวชัน,0
party_list_10_19_21,ไทรวมพลัง,0
party_list_10_19_22,ก้าวอิสระ,0
party_list_10_19_23,ปวงชนไทย,0
party_list_10_19_24,วิชชั่นใหม่,0
party_list_10_19_25,เพื่อชีวิตใหม่,0
party_list_10_19_26,คลองไทย,0
party_list_10_19_27,ประชาธิปัตย์,0
party_list_10_19_28,ไทยก้าวหน้า,0
party_list_10_19_29,ไทยภักดี,0
party_list_10_19_30,แรงงานสร้างชาติ,0
party_list_10_19_31,ประชากรไทย,0
party_list_10_19_32,ครูไทยเพื่อประชาชน,0
party_list_10_19_33,ประชาชาติ,0
party_list_10_19_34,สร้างอนาคตไทย,0
party_list_10_19_35,รักชาติ,0
party_list_10_19_36,ไทยพร้อม,0
party_list_10_19_37,ภูมิใจไทย,0
party_list_10_19_38,พลังธรรมใหม่,0
party_list_10_19_39,กรีน,0
party_list_10_19_40,ไทยธรรม,0
party_list_10_19_41,แผ่นดินธรรม,0
party_list_10_19_42,กล้าธรรม,0
party_list_10_19_43,พลังประชารัฐ,0
party_list_10_19_44,โอกาสใหม่,0
party_list_10_19_45,เป็นธรรม,0
party_list_10_19_46,ประชาชน,0
party_list_10_19_47,ประชาไทย,0
party_list_10_19_48,ไทยสร้างไทย,0
party_list_10_19_49,ไทยก้าวใหม่,0
party_list_10_19_50,ประชาอาสาชาติ,0
party_list_10_19_51,พร้อม,0
party_list_10_19_52,เครือข่ายชาวนาแห่งประเทศไทย,0
party_list_10_19_53,ไทยพิทักษ์ธรรม,0
party_list_10_19_54,ความหวังใหม่,0
party_list_10_19_55,ไทยรวมไทย,0
party_list_10_19_56,เพื่อบ้านเมือง,0
party_list_10_19_57,พลังไทยรักชาติ,0
party_list_10_2_1,ไทยทรัพย์ทวี,0
party_list_10_2_2,เพื่อชาติไทย,0
party_list_10_2_3,ใหม่,0
party_list_10_2_4,มิติใหม่,0
party_list_10_2_5,รวมใจไทย,0
party_list_10_2_6,รวมไทยสร้างชาติ,0
party_list_10_2_7,พลวัต,0
party_list_10_2_8,ประชาธิปไตยใหม่,0
party_list_10_2_9,เพื่อไทย,0
party_list_10_2_10,ทางเลือกใหม่,0
party_list_10_2_11,เศรษฐกิจ,0
party_list_10_2_12,เสรีรวมไทย,0
party_list_10_2_13,รวมพลังประชาชน,0
party_list_10_2_14,ท้องที่ไทย,0
party_list_10_2_15,อนาคตไทย,0
party_list_10_2_16,พลังเพื่อไทย,0
party_list_10_2_17,ไทยชนะ,0
party_list_10_2_18,พลังสังคมใหม่,0
party_list_10_2_19,สังคมประชาธิปไตยไทย,0
party_list_10_2_20,ฟิวชัน,0
party_list_10_2_21,ไทรวมพลัง,0
party_list_10_2_22,ก้าวอิสระ,0
party_list_10_2_23,ปวงชนไทย,0
party_list_10_2_24,วิชชั่นใหม่,0
party_list_10_2_25,เพื่อชีวิตใหม่,0
party_list_10_2_26,คลองไทย,0
party_list_10_2_27,ประชาธิปัตย์,0
party_list_10_2_28,ไทยก้าวหน้า,0
party_list_10_2_29,ไทยภักดี,0
party_list_10_2_30,แรงงานสร้างชาติ,0
party_list_10_2_31,ประชากรไทย,0
party_list_10_2_32,ครูไทยเพื่อประชาชน,0
party_list_10_2_33,ประชาชาติ,0
party_list_10_2_34,สร้างอนาคตไทย,0
party_list_10_2_35,รักชาติ,0
party_list_10_2_36,ไทยพร้อม,0
party_list_10_2_37,ภูมิใจไทย,0
party_list_10_2_38,พลังธรรมใหม่,0
party_list_10_2_39,กรีน,0
party_list_10_2_40,ไทยธรรม,0
party_list_10_2_41,แผ่นดินธรรม,0
party_list_10_2_42,กล้าธรรม,0
party_list_10_2_43,พลังประชารัฐ,0
party_list_10_2_44,โอกาสใหม่,0
party_list_10_2_45,เป็นธรรม,0
party_list_10_2_46,ประชาชน,0
party_list_10_2_47,ประชาไทย,0
party_list_10_2_48,ไทยสร้างไทย,0
party_list_10_2_49,ไทยก้าวใหม่,0
party_list_10_2_50,ประชาอาสาชาติ,0
party_list_10_2_51,พร้อม,0
party_list_10_2_52,เครือข่ายชาวนาแห่งประเทศไทย,0
party_list_10_2_53,ไทยพิทักษ์ธรรม,0
party_list_10_2_54,ความหวังใหม่,0
party_list_10_2_55,ไทยรวมไทย,0
party_list_10_2_56,เพื่อบ้านเมือง,0
party_list_10_2_57,พลังไทยรักชาติ,0
party_list_10_20_1,ไทยทรัพย์ทวี,0
party_list_10_20_2,เพื่อชาติไทย,0
party_list_10_20_3,ใหม่,0
party_list_10_20_4,มิติใหม่,0
party_list_10_20_5,รวมใจไทย,0
party_list_10_20_6,รวมไทยสร้างชาติ,0
party_list_10_20_7,พลวัต,0
party_list_10_20_8,ประชาธิปไตยใหม่,0
party_list_10_20_9,เพื่อไทย,0
party_list_10_20_10,ทางเลือกใหม่,0
party_list_10_20_11,เศรษฐกิจ,0
party_list_10_20_12,เสรีรวมไทย,0
party_list_10_20_13,รวมพลังประชาชน,0
party_list_10_20_14,ท้องที่ไทย,0
party_list_10_20_15,อนาคตไทย,0
party_list_10_20_16,พลังเพื่อไทย,0
party_list_10_20_17,ไทยชนะ,0
party_list_10_20_18,พลังสังคมใหม่,0
party_list_10_20_19,สังคมประชาธิปไตยไทย,0
party_list_10_20_20,ฟิวชัน,0
party_list_10_20_21,ไทรวมพลัง,0
party_list_10_20_22,ก้าวอิสระ,0
party_list_10_20_23,ปวงชนไทย,0
party_list_10_20_24,วิชชั่นใหม่,0
party_list_10_20_25,เพื่อชีวิตใหม่,0
party_list_10_20_26,คลองไทย,0
party_list_10_20_27,ประชาธิปัตย์,0
party_list_10_20_28,ไทยก้าวหน้า,0
party_list_10_20_29,ไทยภักดี,0
party_list_10_20_30,แรงงานสร้างชาติ,0
party_list_10_20_31,ประชากรไทย,0
party_list_10_20_32,ครูไทยเพื่อประชาชน,0
party_list_10_20_33,ประชาชาติ,0
party_list_10_20_34,สร้างอนาคตไทย,0
party_list_10_20_35,รักชาติ,0
party_list_10_20_36,ไทยพร้อม,0
party_list_10_20_37,ภูมิใจไทย,0
party_list_10_20_38,พลังธรรมใหม่,0
party_list_10_20_39,กรีน,0
party_list_10_20_40,ไทยธรรม,0
party_list_10_20_41,แผ่นดินธรรม,0
party_list_10_20_42,กล้าธรรม,0
party_list_10_20_43,พลังประชารัฐ,0
party_list_10_20_44,โอกาสใหม่,0
party_list_10_20_45,เป็นธรรม,0
party_list_10_20_46,ประชาชน,0
party_list_10_20_47,ประชาไทย,0
party_list_10_20_48,ไทยสร้างไทย,0
party_list_10_20_49,ไทยก้าวใหม่,0
party_list_10_20_50,ประชาอาสาชาติ,0
party_list_10_20_51,พร้อม,0
party_list_10_20_52,เครือข่ายชาวนาแห่งประเทศไทย,0
party_list_10_20_53,ไทยพิทักษ์ธรรม,0
party_list_10_20_54,ความหวังใหม่,0
party_list_10_20_55,ไทยรวมไทย,0
party_list_10_20_56,เพื่อบ้านเมือง,0
party_list_10_20_57,พลังไทยรักชาติ,0
party_list_10_21_1,ไทยทรัพย์ทวี,0
party_list_10_21_2,เพื่อชาติไทย,0
party_list_10_21_3,ใหม่,0
party_list_10_21_4,มิติใหม่,0
party_list_10_21_5,รวมใจไทย,0
party_list_10_21_6,รวมไทยสร้างชาติ,0
party_list_10_21_7,พลวัต,0
party_list_10_21_8,ประชาธิปไตยใหม่,0
party_list_10_21_9,เพื่อไทย,0
party_list_10_21_10,ทางเลือกใหม่,0
party_list_10_21_11,เศรษฐกิจ,0
party_list_10_21_12,เสรีรวมไทย,0
party_list_10_21_13,รวมพลังประชาชน,0
party_list_10_21_14,ท้องที่ไทย,0
party_list_10_21_15,อนาคตไทย,0
party_list_10_21_16,พลังเพื่อไทย,0
party_list_10_21_17,ไทยชนะ,0
party_list_10_21_18,พลังสังคมใหม่,0
party_list_10_21_19,สังคมประชาธิปไตยไทย,0
party_list_10_21_20,ฟิวชัน,0
party_list_10_21_21,ไทรวมพลัง,0
party_list_10_21_22,ก้าวอิสระ,0
party_list_10_21_23,ปวงชนไทย,0
party_list_10_21_24,วิชชั่นใหม่,0
party_list_10_21_25,เพื่อชีวิตใหม่,0
party_list_10_21_26,คลองไทย,0
party_list_10_21_27,ประชาธิปัตย์,0
party_list_10_21_28,ไทยก้าวหน้า,0
party_list_10_21_29,ไทยภักดี,0
party_list_10_21_30,แรงงานสร้างชาติ,0
party_list_10_21_31,ประชากรไทย,0
party_list_10_21_32,ครูไทยเพื่อประชาชน,0
party_list_10_21_33,ประชาชาติ,0
party_list_10_21_34,สร้างอนาคตไทย,0
party_list_10_21_35,รักชาติ,0
party_list_10_21_36,ไทยพร้อม,0
party_list_10_21_37,ภูมิใจไทย,0
party_list_10_21_38,พลังธรรมใหม่,0
party_list_10_21_39,กรีน,0
party_list_10_21_40,ไทยธรรม,0
party_list_10_21_41,แผ่นดินธรรม,0
party_list_10_21_42,กล้าธรรม,0
party_list_10_21_43,พลังประชารัฐ,0
party_list_10_21_44,โอกาสใหม่,0
party_list_10_21_45,เป็นธรรม,0
party_list_10_21_46,ประชาชน,0
party_list_10_21_47,ประชาไทย,0
party_list_10_21_48,ไทยสร้างไทย,0
party_list_10_21_49,ไทยก้าวใหม่,0
party_list_10_21_50,ประชาอาสาชาติ,0
party_list_10_21_51,พร้อม,0
party_list_10_21_52,เครือข่ายชาวนาแห่งประเทศไทย,0
party_list_10_21_53,ไทยพิทักษ์ธรรม,0
party_list_10_21_54,ความหวังใหม่,0
party_list_10_21_55,ไทยรวมไทย,0
party_list_10_21_56,เพื่อบ้านเมือง,0
party_list_10_21_57,พลังไทยรักชาติ,0
party_list_10_22_1,ไทยทรัพย์ทวี,0
party_list_10_22_2,เพื่อชาติไทย,0
party_list_10_22_3,ใหม่,0
party_list_10_22_4,มิติใหม่,0
party_list_10_22_5,รวมใจไทย,0
party_list_10_22_6,รวมไทยสร้างชาติ,0
party_list_10_22_7,พลวัต,0
party_list_10_22_8,ประชาธิปไตยใหม่,0
party_list_10_22_9,เพื่อไทย,0
party_list_10_22_10,ทางเลือกใหม่,0
party_list_10_22_11,เศรษฐกิจ,0
party_list_10_22_12,เสรีรวมไทย,0
party_list_10_22_13,รวมพลังประชาชน,0
party_list_10_22_14,ท้องที่ไทย,0
party_list_10_22_15,อนาคตไทย,0
party_list_10_22_16,พลังเพื่อไทย,0
party_list_10_22_17,ไทยชนะ,0
party_list_10_22_18,พลังสังคมใหม่,0
party_list_10_22_19,สังคมประชาธิปไตยไทย,0
party_list_10_22_20,ฟิวชัน,0
party_list_10_22_21,ไทรวมพลัง,0
party_list_10_22_22,ก้าวอิสระ,0
party_list_10_22_23,ปวงชนไทย,0
party_list_10_22_24,วิชชั่นใหม่,0
party_list_10_22_25,เพื่อชีวิตใหม่,0
party_list_10_22_26,คลองไทย,0
party_list_10_22_27,ประชาธิปัตย์,0
party_list_10_22_28,ไทยก้าวหน้า,0
party_list_10_22_29,ไทยภักดี,0
party_list_10_22_30,แรงงานสร้างชาติ,0
party_list_10_22_31,ประชากรไทย,0
party_list_10_22_32,ครูไทยเพื่อประชาชน,0
party_list_10_22_33,ประชาชาติ,0
party_list_10_22_34,สร้างอนาคตไทย,0
party_list_10_22_35,รักชาติ,0
party_list_10_22_36,ไทยพร้อม,0
party_list_10_22_37,ภูมิใจไทย,0
party_list_10_22_38,พลังธรรมใหม่,0
party_list_10_22_39,กรีน,0
party_list_10_22_40,ไทยธรรม,0
party_list_10_22_41,แผ่นดินธรรม,0
party_list_10_22_42,กล้าธรรม,0
party_list_10_22_43,พลังประชารัฐ,0
party_list_10_22_44,โอกาสใหม่,0
party_list_10_22_45,เป็นธรรม,0
party_list_10_22_46,ประชาชน,0
party_list_10_22_47,ประชาไทย,0
party_list_10_22_48,ไทยสร้างไทย,0
party_list_10_22_49,ไทยก้าวใหม่,0
party_list_10_22_50,ประชาอาสาชาติ,0
party_list_10_22_51,พร้อม,0
party_list_10_22_52,เครือข่ายชาวนาแห่งประเทศไทย,0
party_list_10_22_53,ไทยพิทักษ์ธรรม,0
party_list_10_22_54,ความหวังใหม่,0
party_list_10_22_55,ไทยรวมไทย,0
party_list_10_22_56,เพื่อบ้านเมือง,0
party_list_10_22_57,พลังไทยรักชาติ,0
party_list_10_23_1,ไทยทรัพย์ทวี,0
party_list_10_23_2,เพื่อชาติไทย,0
party_list_10_23_3,ใหม่,0
party_list_10_23_4,มิติใหม่,0
party_list_10_23_5,รวมใจไทย,0
party_list_10_23_6,รวมไทยสร้างชาติ,0
party_list_10_23_7,พลวัต,0
party_list_10_23_8,ประชาธิปไตยใหม่,0
party_list_10_23_9,เพื่อไทย,0
party_list_10_23_10,ทางเลือกใหม่,0
party_list_10_23_11,เศรษฐกิจ,0
party_list_10_23_12,เสรีรวมไทย,0
party_list_10_23_13,รวมพลังประชาชน,0
party_list_10_23_14,ท้องที่ไทย,0
party_list_10_23_15,อนาคตไทย,0
party_list_10_23_16,พลังเพื่อไทย,0
party_list_10_23_17,ไทยชนะ,0
party_list_10_23_18,พลังสังคมใหม่,0
party_list_10_23_19,สังคมประชาธิปไตยไทย,0
party_list_10_23_20,ฟิวชัน,0
party_list_10_23_21,ไทรวมพลัง,0
party_list_10_23_22,ก้าวอิสระ,0
party_list_10_23_23,ปวงชนไทย,0
party_list_10_23_24,วิชชั่นใหม่,0
party_list_10_23_25,เพื่อชีวิตใหม่,0
party_list_10_23_26,คลองไทย,0
party_list_10_23_27,ประชาธิปัตย์,0
party_list_10_23_28,ไทยก้าวหน้า,0
party_list_10_23_29,ไทยภักดี,0
party_list_10_23_30,แรงงานสร้างชาติ,0
party_list_10_23_31,ประชากรไทย,0
party_list_10_23_32,ครูไทยเพื่อประชาชน,0
party_list_10_23_33,ประชาชาติ,0
party_list_10_23_34,สร้างอนาคตไทย,0
party_list_10_23_35,รักชาติ,0
party_list_10_23_36,ไทยพร้อม,0
party_list_10_23_37,ภูมิใจไทย,0
party_list_10_23_38,พลังธรรมใหม่,0
party_list_10_23_39,กรีน,0
party_list_10_23_40,ไทยธรรม,0
party_list_10_23_41,แผ่นดินธรรม,0
party_list_10_23_42,กล้าธรรม,0
party_list_10_23_43,พลังประชารัฐ,0
party_list_10_23_44,โอกาสใหม่,0
party_list_10_23_45,เป็นธรรม,0
party_list_10_23_46,ประชาชน,0
party_list_10_23_47,ประชาไทย,0
party_list_10_23_48,ไทยสร้างไทย,0
party_list_10_23_49,ไทยก้าวใหม่,0
party_list_10_23_50,ประชาอาสาชาติ,0
party_list_10_23_51,พร้อม,0
party_list_10_23_52,เครือข่ายชาวนาแห่งประเทศไทย,0
party_list_10_23_53,ไทยพิทักษ์ธรรม,0
party_list_10_23_54,ความหวังใหม่,0
party_list_10_23_55,ไทยรวมไทย,0
party_list_10_23_56,เพื่อบ้านเมือง,0
party_list_10_23_57,พลังไทยรักชาติ,0
party_list_10_24_1,ไทยทรัพย์ทวี,0
party_list_10_24_2,เพื่อชาติไทย,0
party_list_10_24_3,ใหม่,0
party_list_10_24_4,มิติใหม่,0
party_list_10_24_5,รวมใจไทย,0
party_list_10_24_6,รวมไทยสร้างชาติ,0
party_list_10_24_7,พลวัต,0
party_list_10_24_8,ประชาธิปไตยใหม่,0
party_list_10_24_9,เพื่อไทย,0
party_list_10_24_10,ทางเลือกใหม่,0
party_list_10_24_11,เศรษฐกิจ,0
party_list_10_24_12,เสรีรวมไทย,0
party_list_10_24_13,รวมพลังประชาชน,0
party_list_10_24_14,ท้องที่ไทย,0
party_list_10_24_15,อนาคตไทย,0
party_list_10_24_16,พลังเพื่อไทย,0
party_list_10_24_17,ไทยชนะ,0
party_list_10_24_18,พลังสังคมใหม่,0
party_list_10_24_19,สังคมประชาธิปไตยไทย,0
party_list_10_24_20,ฟิวชัน,0
party_list_10_24_21,ไทรวมพลัง,0
party_list_10_24_22,ก้าวอิสระ,0
party_list_10_24_23,ปวงชนไทย,0
party_list_10_24_24,วิชชั่นใหม่,0
party_list_10_24_25,เพื่อชีวิตใหม่,0
party_list_10_24_26,คลองไทย,0
party_list_10_24_27,ประชาธิปัตย์,0
party_list_10_24_28,ไทยก้าวหน้า,0
party_list_10_24_29,ไทยภักดี,0
party_list_10_24_30,แรงงานสร้างชาติ,0
party_list_10_24_31,ประชากรไทย,0
party_list_10_24_32,ครูไทยเพื่อประชาชน,0
party_list_10_24_33,ประชาชาติ,0
party_list_10_24_34,สร้างอนาคตไทย,0
party_list_10_24_35,รักชาติ,0
party_list_10_24_36,ไทยพร้อม,0
party_list_10_24_37,ภูมิใจไทย,0
party_list_10_24_38,พลังธรรมใหม่,0
party_list_10_24_39,กรีน,0
party_list_10_24_40,ไทยธรรม,0
party_list_10_24_41,แผ่นดินธรรม,0
party_list_10_24_42,กล้าธรรม,0
party_list_10_24_43,พลังประชารัฐ,0
party_list_10_24_44,โอกาสใหม่,0
party_list_10_24_45,เป็นธรรม,0
party_list_10_24_46,ประชาชน,0
party_list_10_24_47,ประชาไทย,0
party_list_10_24_48,ไทยสร้างไทย,0
party_list_10_24_49,ไทยก้าวใหม่,0
party_list_10_24_50,ประชาอาสาชาติ,0
party_list_10_24_51,พร้อม,0
party_list_10_24_52,เครือข่ายชาวนาแห่งประเทศไทย,0
party_list_10_24_53,ไทยพิทักษ์ธรรม,0
party_list_10_24_54,ความหวังใหม่,0
party_list_10_24_55,ไทยรวมไทย,0
party_list_10_24_56,เพื่อบ้านเมือง,0
party_list_10_24_57,พลังไทยรักชาติ,0
party_list_10_25_1,ไทยทรัพย์ทวี,0
party_list_10_25_2,เพื่อชาติไทย,0
party_list_10_25_3,ใหม่,0
party_list_10_25_4,มิติใหม่,0
party_list_10_25_5,รวมใจไทย,0
party_list_10_25_6,รวมไทยสร้างชาติ,0
party_list_10_25_7,พลวัต,0
party_list_10_25_8,ประชาธิปไตยใหม่,0
party_list_10_25_9,เพื่อไทย,0
party_list_10_25_10,ทางเลือกใหม่,0
party_list_10_25_11,เศรษฐกิจ,0
party_list_10_25_12,เสรีรวมไทย,0
party_list_10_25_13,รวมพลังประชาชน,0
party_list_10_25_14,ท้องที่ไทย,0
party_list_10_25_15,อนาคตไทย,0
party_list_10_25_16,พลังเพื่อไทย,0
party_list_10_25_17,ไทยชนะ,0
party_list_10_25_18,พลังสังคมใหม่,0
party_list_10_25_19,สังคมประชาธิปไตยไทย,0
party_list_10_25_20,ฟิวชัน,0
party_list_10_25_21,ไทรวมพลัง,0
party_list_10_25_22,ก้าวอิสระ,0
party_list_10_25_23,ปวงชนไทย,0
party_list_10_25_24,วิชชั่นใหม่,0
party_list_10_25_25,เพื่อชีวิตใหม่,0
party_list_10_25_26,คลองไทย,0
party_list_10_25_27,ประชาธิปัตย์,0
party_list_10_25_28,ไทยก้าวหน้า,0
party_list_10_25_29,ไทยภักดี,0
party_list_10_25_30,แรงงานสร้างชาติ,0
party_list_10_25_31,ประชากรไทย,0
party_list_10_25_32,ครูไทยเพื่อประชาชน,0
party_list_10_25_33,ประชาชาติ,0
party_list_10_25_34,สร้างอนาคตไทย,0
party_list_10_25_35,รักชาติ,0
party_list_10_25_36,ไทยพร้อม,0
party_list_10_25_37,ภูมิใจไทย,0
party_list_10_25_38,พลังธรรมใหม่,0
party_list_10_25_39,กรีน,0
party_list_10_25_40,ไทยธรรม,0
party_list_10_25_41,แผ่นดินธรรม,0
party_list_10_25_42,กล้าธรรม,0
party_list_10_25_43,พลังประชารัฐ,0
party_list_10_25_44,โอกาสใหม่,0
party_list_10_25_45,เป็นธรรม,0
party_list_10_25_46,ประชาชน,0
party_list_10_25_47,ประชาไทย,0
party_list_10_25_48,ไทยสร้างไทย,0
party_list_10_25_49,ไทยก้าวใหม่,0
party_list_10_25_50,ประชาอาสาชาติ,0
party_list_10_25_51,พร้อม,0
party_list_10_25_52,เครือข่ายชาวนาแห่งประเทศไทย,0
party_list_10_25_53,ไทยพิทักษ์ธรรม,0
party_list_10_25_54,ความหวังใหม่,0
party_list_10_25_55,ไทยรวมไทย,0
party_list_10_25_56,เพื่อบ้านเมือง,0
party_list_10_25_57,พลังไทยรักชาติ,0
party_list_10_26_1,ไทยทรัพย์ทวี,0
party_list_10_26_2,เพื่อชาติไทย,0
party_list_10_26_3,ใหม่,0
party_list_10_26_4,มิติใหม่,0
party_list_10_26_5,รวมใจไทย,0
party_list_10_26_6,รวมไทยสร้างชาติ,0
party_list_10_26_7,พลวัต,0
party_list_10_26_8,ประชาธิปไตยใหม่,0
party_list_10_26_9,เพื่อไทย,0
party_list_10_26_10,ทางเลือกใหม่,0
party_list_10_26_11,เศรษฐกิจ,0
party_list_10_26_12,เสรีรวมไทย,0
party_list_10_26_13,รวมพลังประชาชน,0
party_list_10_26_14,ท้องที่ไทย,0
party_list_10_26_15,อนาคตไทย,0
party_list_10_26_16,พลังเพื่อไทย,0
party_list_10_26_17,ไทยชนะ,0
party_list_10_26_18,พลังสังคมใหม่,0
party_list_10_26_19,สังคมประชาธิปไตยไทย,0
party_list_10_26_20,ฟิวชัน,0
party_list_10_26_21,ไทรวมพลัง,0
party_list_10_26_22,ก้าวอิสระ,0
party_list_10_26_23,ปวงชนไทย,0
party_list_10_26_24,วิชชั่นใหม่,0
party_list_10_26_25,เพื่อชีวิตใหม่,0
party_list_10_26_26,คลองไทย,0
party_list_10_26_27,ประชาธิปัตย์,0
party_list_10_26_28,ไทยก้าวหน้า,0
party_list_10_26_29,ไทยภักดี,0
party_list_10_26_30,แรงงานสร้างชาติ,0
party_list_10_26_31,ประชากรไทย,0
party_list_10_26_32,ครูไทยเพื่อประชาชน,0
party_list_10_26_33,ประชาชาติ,0
party_list_10_26_34,สร้างอนาคตไทย,0
party_list_10_26_35,รักชาติ,0
party_list_10_26_36,ไทยพร้อม,0
party_list_10_26_37,ภูมิใจไทย,0
party_list_10_26_38,พลังธรรมใหม่,0
party_list_10_26_39,กรีน,0
party_list_10_26_40,ไทยธรรม,0
party_list_10_26_41,แผ่นดินธรรม,0
party_list_10_26_42,กล้าธรรม,0
party_list_10_26_43,พลังประชารัฐ,0
party_list_10_26_44,โอกาสใหม่,0
party_list_10_26_45,เป็นธรรม,0
party_list_10_26_46,ประชาชน,0
party_list_10_26_47,ประชาไทย,0
party_list_10_26_48,ไทยสร้างไทย,0
party_list_10_26_49,ไทยก้าวใหม่,0
party_list_10_26_50,ประชาอาสาชาติ,0
party_list_10_26_51,พร้อม,0
party_list_10_26_52,เครือข่ายชาวนาแห่งประเทศไทย,0
party_list_10_26_53,ไทยพิทักษ์ธรรม,0
party_list_10_26_54,ความหวังใหม่,0
party_list_10_26_55,ไทยรวมไทย,0
party_list_10_26_56,เพื่อบ้านเมือง,0
party_list_10_26_57,พลังไทยรักชาติ,0
party_list_10_27_1,ไทยทรัพย์ทวี,0
party_list_10_27_2,เพื่อชาติไทย,0
party_list_10_27_3,ใหม่,0
party_list_10_27_4,มิติใหม่,0
party_list_10_27_5,รวมใจไทย,0
party_list_10_27_6,รวมไทยสร้างชาติ,0
party_list_10_27_7,พลวัต,0
party_list_10_27_8,ประชาธิปไตยใหม่,0
party_list_10_27_9,เพื่อไทย,0
party_list_10_27_10,ทางเลือกใหม่,0
party_list_10_27_11,เศรษฐกิจ,0
party_list_10_27_12,เสรีรวมไทย,0
party_list_10_27_13,รวมพลังประชาชน,0
party_list_10_27_14,ท้องที่ไทย,0
party_list_10_27_15,อนาคตไทย,0
party_list_10_27_16,พลังเพื่อไทย,0
party_list_10_27_17,ไทยชนะ,0
party_list_10_27_18,พลังสังคมใหม่,0
party_list_10_27_19,สังคมประชาธิปไตยไทย,0
party_list_10_27_20,ฟิวชัน,0
party_list_10_27_21,ไทรวมพลัง,0
party_list_10_27_22,ก้าวอิสระ,0
party_list_10_27_23,ปวงชนไทย,0
party_list_10_27_24,วิชชั่นใหม่,0
party_list_10_27_25,เพื่อชีวิตใหม่,0
party_list_10_27_26,คลองไทย,0
party_list_10_27_27,ประชาธิปัตย์,0
party_list_10_27_28,ไทยก้าวหน้า,0
party_list_10_27_29,ไทยภักดี,0
party_list_10_27_30,แรงงานสร้างชาติ,0
party_list_10_27_31,ประชากรไทย,0
party_list_10_27_32,ครูไทยเพื่อประชาชน,0
party_list_10_27_33,ประชาชาติ,0
party_list_10_27_34,สร้างอนาคตไทย,0
party_list_10_27_35,รักชาติ,0
party_list_10_27_36,ไทยพร้อม,0
party_list_10_27_37,ภูมิใจไทย,0
party_list_10_27_38,พลังธรรมใหม่,0
party_list_10_27_39,กรีน,0
party_list_10_27_40,ไทยธรรม,0
party_list_10_27_41,แผ่นดินธรรม,0
party_list_10_27_42,กล้าธรรม,0
party_list_10_27_43,พลังประชารัฐ,0
party_list_10_27_44,โอกาสใหม่,0
party_list_10_27_45,เป็นธรรม,0
party_list_10_27_46,ประชาชน,0
party_list_10_27_47,ประชาไทย,0
party_list_10_27_48,ไทยสร้างไทย,0
party_list_10_27_49,ไทยก้าวใหม่,0
party_list_10_27_50,ประชาอาสาชาติ,0
party_list_10_27_51,พร้อม,0
party_list_10_27_52,เครือข่ายชาวนาแห่งประเทศไทย,0
party_list_10_27_53,ไทยพิทักษ์ธรรม,0
party_list_10_27_54,ความหวังใหม่,0
party_list_10_27_55,ไทยรวมไทย,0
party_list_10_27_56,เพื่อบ้านเมือง,0
party_list_10_27_57,พลังไทยรักชาติ,0
party_list_10_28_1,ไทยทรัพย์ทวี,0
party_list_10_28_2,เพื่อชาติไทย,0
party_list_10_28_3,ใหม่,0
party_list_10_28_4,มิติใหม่,0
party_list_10_28_5,รวมใจไทย,0
party_list_10_28_6,รวมไทยสร้างชาติ,0
party_list_10_28_7,พลวัต,0
party_list_10_28_8,ประชาธิปไตยใหม่,0
party_list_10_28_9,เพื่อไทย,0
party_list_10_28_10,ทางเลือกใหม่,0
party_list_10_28_11,เศรษฐกิจ,0
party_list_10_28_12,เสรีรวมไทย,0
party_list_10_28_13,รวมพลังประชาชน,0
party_list_10_28_14,ท้องที่ไทย,0
party_list_10_28_15,อนาคตไทย,0
party_list_10_28_16,พลังเพื่อไทย,0
party_list_10_28_17,ไทยชนะ,0
party_list_10_28_18,พลังสังคมใหม่,0
party_list_10_28_19,สังคมประชาธิปไตยไทย,0
party_list_10_28_20,ฟิวชัน,0
party_list_10_28_21,ไทรวมพลัง,0
party_list_10_28_22,ก้าวอิสระ,0
party_list_10_28_23,ปวงชนไทย,0
party_list_10_28_24,วิชชั่นใหม่,0
party_list_10_28_25,เพื่อชีวิตใหม่,0
party_list_10_28_26,คลองไทย,0
party_list_10_28_27,ประชาธิปัตย์,0
party_list_10_28_28,ไทยก้าวหน้า,0
party_list_10_28_29,ไทยภักดี,0
party_list_10_28_30,แรงงานสร้างชาติ,0
party_list_10_28_31,ประชากรไทย,0
party_list_10_28_32,ครูไทยเพื่อประชาชน,0
party_list_10_28_33,ประชาชาติ,0
party_list_10_28_34,สร้างอนาคตไทย,0
party_list_10_28_35,รักชาติ,0
party_list_10_28_36,ไทยพร้อม,0
party_list_10_28_37,ภูมิใจไทย,0
party_list_10_28_38,พลังธรรมใหม่,0
party_list_10_28_39,กรีน,0
party_list_10_28_40,ไทยธรรม,0
party_list_10_28_41,แผ่นดินธรรม,0
party_list_10_28_42,กล้าธรรม,0
party_list_10_28_43,พลังประชารัฐ,0
party_list_10_28_44,โอกาสใหม่,0
party_list_10_28_45,เป็นธรรม,0
party_list_10_28_46,ประชาชน,0
party_list_10_28_47,ประชาไทย,0
party_list_10_28_48,ไทยสร้างไทย,0
party_list_10_28_49,ไทยก้าวใหม่,0
party_list_10_28_50,ประชาอาสาชาติ,0
party_list_10_28_51,พร้อม,0
party_list_10_28_52,เครือข่ายชาวนาแห่งประเทศไทย,0
party_list_10_28_53,ไทยพิทักษ์ธรรม,0
party_list_10_28_54,ความหวังใหม่,0
party_list_10_28_55,ไทยรวมไทย,0
party_list_10_28_56,เพื่อบ้านเมือง,0
party_list_10_29_1,ไทยทรัพย์ทวี,0
party_list_10_29_2,เพื่อชาติไทย,0
party_list_10_29_3,ใหม่,0
party_list_10_29_4,มิติใหม่,0
party_list_10_29_5,รวมใจไทย,0
party_list_10_29_6,รวมไทยสร้างชาติ,0
party_list_10_29_7,พลวัต,0
party_list_10_29_8,ประชาธิปไตยใหม่,0
party_list_10_29_9,เพื่อไทย,0
party_list_10_29_10,ทางเลือกใหม่,0
party_list_10_29_11,เศรษฐกิจ,0
party_list_10_29_12,เสรีรวมไทย,0
party_list_10_29_13,รวมพลังประชาชน,0
party_list_10_29_14,ท้องที่ไทย,0
party_list_10_29_15,อนาคตไทย,0
party_list_10_29_16,พลังเพื่อไทย,0
party_list_10_29_17,ไทยชนะ,0
party_list_10_29_18,พลังสังคมใหม่,0
party_list_10_29_19,สังคมประชาธิปไตยไทย,0
party_list_10_29_20,ฟิวชัน,0
party_list_10_29_21,ไทรวมพลัง,0
party_list_10_29_22,ก้าวอิสระ,0
party_list_10_29_23,ปวงชนไทย,0
party_list_10_29_24,วิชชั่นใหม่,0
party_list_10_29_25,เพื่อชีวิตใหม่,0
party_list_10_29_26,คลองไทย,0
party_list_10_29_27,ประชาธิปัตย์,0
party_list_10_29_28,ไทยก้าวหน้า,0
party_list_10_29_29,ไทยภักดี,0
party_list_10_29_30,แรงงานสร้างชาติ,0
party_list_10_29_31,ประชากรไทย,0
party_list_10_29_32,ครูไทยเพื่อประชาชน,0
party_list_10_29_33,ประชาชาติ,0
party_list_10_29_34,สร้างอนาคตไทย,0
party_list_10_29_35,รักชาติ,0
party_list_10_29_36,ไทยพร้อม,0
party_list_10_29_37,ภูมิใจไทย,0
party_list_10_29_38,พลังธรรมใหม่,0
party_list_10_29_39,กรีน,0
party_list_10_29_40,ไทยธรรม,0
party_list_10_29_41,แผ่นดินธรรม,0
party_list_10_29_42,กล้าธรรม,0
party_list_10_29_43,พลังประชารัฐ,0
party_list_10_29_44,โอกาสใหม่,0
party_list_10_29_45,เป็นธรรม,0
party_list_10_29_46,ประชาชน,0
party_list_10_29_47,ประชาไทย,0
party_list_10_29_48,ไทยสร้างไทย,0
party_list_10_29_49,ไทยก้าวใหม่,0
party_list_10_29_50,ประชาอาสาชาติ,0
party_list_10_29_51,พร้อม,0
party_list_10_29_52,เครือข่ายชาวนาแห่งประเทศไทย,0
party_list_10_29_53,ไทยพิทักษ์ธรรม,0
party_list_10_29_54,ความหวังใหม่,0
party_list_10_29_55,ไทยรวมไทย,0
party_list_10_29_56,เพื่อบ้านเมือง,0
party_list_10_29_57,พลังไทยรักชาติ,0
party_list_10_3_1,ไทยทรัพย์ทวี,0
party_list_10_3_2,เพื่อชาติไทย,0
party_list_10_3_3,ใหม่,0
party_list_10_3_4,มิติใหม่,0
party_list_10_3_5,รวมใจไทย,0
party_list_10_3_6,รวมไทยสร้างชาติ,0
party_list_10_3_7,พลวัต,0
party_list_10_3_8,ประชาธิปไตยใหม่,0
party_list_10_3_9,เพื่อไทย,0
party_list_10_3_10,ทางเลือกใหม่,0
party_list_10_3_11,เศรษฐกิจ,0
party_list_10_3_12,เสรีรวมไทย,0
party_list_10_3_13,รวมพลังประชาชน,0
party_list_10_3_14,ท้องที่ไทย,0
party_list_10_3_15,อนาคตไทย,0
party_list_10_3_16,พลังเพื่อไทย,0
party_list_10_3_17,ไทยชนะ,0
party_list_10_3_18,พลังสังคมใหม่,0
party_list_10_3_19,สังคมประชาธิปไตยไทย,0
party_list_10_3_20,ฟิวชัน,0
party_list_10_3_21,ไทรวมพลัง,0
party_list_10_3_22,ก้าวอิสระ,0
party_list_10_3_23,ปวงชนไทย,0
party_list_10_3_24,วิชชั่นใหม่,0
party_list_10_3_25,เพื่อชีวิตใหม่,0
party_list_10_3_26,คลองไทย,0
party_list_10_3_27,ประชาธิปัตย์,0
party_list_10_3_28,ไทยก้าวหน้า,0
party_list_10_3_29,ไทยภักดี,0
party_list_10_3_30,แรงงานสร้างชาติ,0
party_list_10_3_31,ประชากรไทย,0
party_list_10_3_32,ครูไทยเพื่อประชาชน,0
party_list_10_3_33,ประชาชาติ,0
party_list_10_3_34,สร้างอนาคตไทย,0
party_list_10_3_35,รักชาติ,0
party_list_10_3_36,ไทยพร้อม,0
party_list_10_3_37,ภูมิใจไทย,0
party_list_10_3_38,พลังธรรมใหม่,0
party_list_10_3_39,กรีน,0
party_list_10_3_40,ไทยธรรม,0
party_list_10_3_41,แผ่นดินธรรม,0
party_list_10_3_42,กล้าธรรม,0
party_list_10_3_43,พลังประชารัฐ,0
party_list_10_3_44,โอกาสใหม่,0
party_list_10_3_45,เป็นธรรม,0
party_list_10_3_46,ประชาชน,0
party_list_10_3_47,ประชาไทย,0
party_list_10_3_48,ไทยสร้างไทย,0
party_list_10_3_49,ไทยก้าวใหม่,0
party_list_10_3_50,ประชาอาสาชาติ,0
party_list_10_3_51,พร้อม,0
party_list_10_3_52,เครือข่ายชาวนาแห่งประเทศไทย,0
party_list_10_3_53,ไทยพิทักษ์ธรรม,0
party_list_10_3_54,ความหวังใหม่,0
party_list_10_3_55,ไทยรวมไทย,0
party_list_10_3_56,เพื่อบ้านเมือง,0
party_list_10_3_57,พลังไทยรักชาติ,0
party_list_10_30_1,ไทยทรัพย์ทวี,0
party_list_10_30_2,เพื่อชาติไทย,0
party_list_10_30_3,ใหม่,0
party_list_10_30_4,มิติใหม่,0
party_list_10_30_5,รวมใจไทย,0
party_list_10_30_6,รวมไทยสร้างชาติ,0
party_list_10_30_7,พลวัต,0
party_list_10_30_8,ประชาธิปไตยใหม่,0
party_list_10_30_9,เพื่อไทย,0
party_list_10_30_10,ทางเลือกใหม่,0
party_list_10_30_11,เศรษฐกิจ,0
party_list_10_30_12,เสรีรวมไทย,0
party_list_10_30_13,รวมพลังประชาชน,0
party_list_10_30_14,ท้องที่ไทย,0
party_list_10_30_15,อนาคตไทย,0
party_list_10_30_16,พลังเพื่อไทย,0
party_list_10_30_17,ไทยชนะ,0
party_list_10_30_18,พลังสังคมใหม่,0
party_list_10_30_19,สังคมประชาธิปไตยไทย,0
party_list_10_30_20,ฟิวชัน,0
party_list_10_30_21,ไทรวมพลัง,0
party_list_10_30_22,ก้าวอิสระ,0
party_list_10_30_23,ปวงชนไทย,0
party_list_10_30_24,วิชชั่นใหม่,0
party_list_10_30_25,เพื่อชีวิตใหม่,0
party_list_10_30_26,คลองไทย,0
party_list_10_30_27,ประชาธิปัตย์,0
party_list_10_30_28,ไทยก้าวหน้า,0
party_list_10_30_29,ไทยภักดี,0
party_list_10_30_30,แรงงานสร้างชาติ,0
party_list_10_30_31,ประชากรไทย,0
party_list_10_30_32,ครูไทยเพื่อประชาชน,0
party_list_10_30_33,ประชาชาติ,0
party_list_10_30_34,สร้างอนาคตไทย,0
party_list_10_30_35,รักชาติ,0
party_list_10_30_36,ไทยพร้อม,0
party_list_10_30_37,ภูมิใจไทย,0
party_list_10_30_38,พลังธรรมใหม่,0
party_list_10_30_39,กรีน,0
party_list_10_30_40,ไทยธรรม,0
party_list_10_30_41,แผ่นดินธรรม,0
party_list_10_30_42,กล้าธรรม,0
party_list_10_30_43,พลังประชารัฐ,0
party_list_10_30_44,โอกาสใหม่,0
party_list_10_30_45,เป็นธรรม,0
party_list_10_30_46,ประชาชน,0
party_list_10_30_47,ประชาไทย,0
party_list_10_30_48,ไทยสร้างไทย,0
party_list_10_30_49,ไทยก้าวใหม่,0
party_list_10_30_50,ประชาอาสาชาติ,0
party_list_10_30_51,พร้อม,0
party_list_10_30_52,เครือข่ายชาวนาแห่งประเทศไทย,0
party_list_10_30_53,ไทยพิทักษ์ธรรม,0
party_list_10_30_54,ความหวังใหม่,0
party_list_10_30_55,ไทยรวมไทย,0
party_list_10_30_56,เพื่อบ้านเมือง,0
party_list_10_30_57,พลังไทยรักชาติ,0
party_list_10_31_1,ไทยทรัพย์ทวี,0
party_list_10_31_2,เพื่อชาติไทย,0
party_list_10_31_3,ใหม่,0
party_list_10_31_4,มิติใหม่,0
party_list_10_31_5,รวมใจไทย,0
party_list_10_31_6,รวมไทยสร้างชาติ,0
party_list_10_31_7,พลวัต,0
party_list_10_31_8,ประชาธิปไตยใหม่,0
party_list_10_31_9,เพื่อไทย,0
party_list_10_31_10,ทางเลือกใหม่,0
party_list_10_31_11,เศรษฐกิจ,0
party_list_10_31_12,เสรีรวมไทย,0
party_list_10_31_13,รวมพลังประชาชน,0
party_list_10_31_14,ท้องที่ไทย,0
party_list_10_31_15,อนาคตไทย,0
party_list_10_31_16,พลังเพื่อไทย,0
party_list_10_31_17,ไทยชนะ,0
party_list_10_31_18,พลังสังคมใหม่,0
party_list_10_31_19,สังคมประชาธิปไตยไทย,0
party_list_10_31_20,ฟิวชัน,0
party_list_10_31_21,ไทรวมพลัง,0
party_list_10_31_22,ก้าวอิสระ,0
party_list_10_31_23,ปวงชนไทย,0
party_list_10_31_24,วิชชั่นใหม่,0
party_list_10_31_25,เพื่อชีวิตใหม่,0
party_list_10_31_26,คลองไทย,0
party_list_10_31_27,ประชาธิปัตย์,0
party_list_10_31_28,ไทยก้าวหน้า,0
party_list_10_31_29,ไทยภักดี,0
party_list_10_31_30,แรงงานสร้างชาติ,0
party_list_10_31_31,ประชากรไทย,0
party_list_10_31_32,ครูไทยเพื่อประชาชน,0
party_list_10_31_33,ประชาชาติ,0
party_list_10_31_34,สร้างอนาคตไทย,0
party_list_10_31_35,รักชาติ,0
party_list_10_31_36,ไทยพร้อม,0
party_list_10_31_37,ภูมิใจไทย,0
party_list_10_31_38,พลังธรรมใหม่,0
party_list_10_31_39,กรีน,0
party_list_10_31_40,ไทยธรรม,0
party_list_10_31_41,แผ่นดินธรรม,0
party_list_10_31_42,กล้าธรรม,0
party_list_10_31_43,พลังประชารัฐ,0
party_list_10_31_44,โอกาสใหม่,0
party_list_10_31_45,เป็นธรรม,0
party_list_10_31_46,ประชาชน,0
party_list_10_31_47,ประชาไทย,0
party_list_10_31_48,ไทยสร้างไทย,0
party_list_10_31_49,ไทยก้าวใหม่,0
party_list_10_31_50,ประชาอาสาชาติ,0
party_list_10_31_51,พร้อม,0
party_list_10_31_52,เครือข่ายชาวนาแห่งประเทศไทย,0
party_list_10_31_53,ไทยพิทักษ์ธรรม,0
party_list_10_31_54,ความหวังใหม่,0
party_list_10_31_55,ไทยรวมไทย,0
party_list_10_31_56,เพื่อบ้านเมือง,0
party_list_10_31_57,พลังไทยรักชาติ,0
party_list_10_32_1,ไทยทรัพย์ทวี,0
party_list_10_32_2,เพื่อชาติไทย,0
party_list_10_32_3,ใหม่,0
party_list_10_32_4,มิติใหม่,0
party_list_10_32_5,รวมใจไทย,0
party_list_10_32_6,รวมไทยสร้างชาติ,0
party_list_10_32_7,พลวัต,0
party_list_10_32_8,ประชาธิปไตยใหม่,0
party_list_10_32_9,เพื่อไทย,0
party_list_10_32_10,ทางเลือกใหม่,0
party_list_10_32_11,เศรษฐกิจ,0
party_list_10_32_12,เสรีรวมไทย,0
party_list_10_32_13,รวมพลังประชาชน,0
party_list_10_32_14,ท้องที่ไทย,0
party_list_10_32_15,อนาคตไทย,0
party_list_10_32_16,พลังเพื่อไทย,0
party_list_10_32_17,ไทยชนะ,0
party_list_10_32_18,พลังสังคมใหม่,0
party_list_10_32_19,สังคมประชาธิปไตยไทย,0
party_list_10_32_20,ฟิวชัน,0
party_list_10_32_21,ไทรวมพลัง,0
party_list_10_32_22,ก้าวอิสระ,0
party_list_10_32_23,ปวงชนไทย,0
party_list_10_32_24,วิชชั่นใหม่,0
party_list_10_32_25,เพื่อชีวิตใหม่,0
party_list_10_32_26,คลองไทย,0
party_list_10_32_27,ประชาธิปัตย์,0
party_list_10_32_28,ไทยก้าวหน้า,0
party_list_10_32_29,ไทยภักดี,0
party_list_10_32_30,แรงงานสร้างชาติ,0
party_list_10_32_31,ประชากรไทย,0
party_list_10_32_32,ครูไทยเพื่อประชาชน,0
party_list_10_32_33,ประชาชาติ,0
party_list_10_32_34,สร้างอนาคตไทย,0
party_list_10_32_35,รักชาติ,0
party_list_10_32_36,ไทยพร้อม,0
party_list_10_32_37,ภูมิใจไทย,0
party_list_10_32_38,พลังธรรมใหม่,0
party_list_10_32_39,กรีน,0
party_list_10_32_40,ไทยธรรม,0
party_list_10_32_41,แผ่นดินธรรม,0
party_list_10_32_42,กล้าธรรม,0
party_list_10_32_43,พลังประชารัฐ,0
party_list_10_32_44,โอกาสใหม่,0
party_list_10_32_45,เป็นธรรม,0
party_list_10_32_46,ประชาชน,0
party_list_10_32_47,ประชาไทย,0
party_list_10_32_48,ไทยสร้างไทย,0
party_list_10_32_49,ไทยก้าวใหม่,0
party_list_10_32_50,ประชาอาสาชาติ,0
party_list_10_32_51,พร้อม,0
party_list_10_32_52,เครือข่ายชาวนาแห่งประเทศไทย,0
party_list_10_32_53,ไทยพิทักษ์ธรรม,0
party_list_10_32_54,ความหวังใหม่,0
party_list_10_32_55,ไทยรวมไทย,0
party_list_10_32_56,เพื่อบ้านเมือง,0
party_list_10_32_57,พลังไทยรักชาติ,0
party_list_10_33_1,ไทยทรัพย์ทวี,0
party_list_10_33_2,เพื่อชาติไทย,0
party_list_10_33_3,ใหม่,0
party_list_10_33_4,มิติใหม่,0
party_list_10_33_5,รวมใจไทย,0
party_list_10_33_6,รวมไทยสร้างชาติ,0
party_list_10_33_7,พลวัต,0
party_list_10_33_8,ประชาธิปไตยใหม่,0
party_list_10_33_9,เพื่อไทย,0
party_list_10_33_10,ทางเลือกใหม่,0
party_list_10_33_11,เศรษฐกิจ,0
party_list_10_33_12,เสรีรวมไทย,0
party_list_10_33_13,รวมพลังประชาชน,0
party_list_10_33_14,ท้องที่ไทย,0
party_list_10_33_15,อนาคตไทย,0
party_list_10_33_16,พลังเพื่อไทย,0
party_list_10_33_17,ไทยชนะ,0
party_list_10_33_18,พลังสังคมใหม่,0
party_list_10_33_19,สังคมประชาธิปไตยไทย,0
party_list_10_33_20,ฟิวชัน,0
party_list_10_33_21,ไทรวมพลัง,0
party_list_10_33_22,ก้าวอิสระ,0
party_list_10_33_23,ปวงชนไทย,0
party_list_10_33_24,วิชชั่นใหม่,0
party_list_10_33_25,เพื่อชีวิตใหม่,0
party_list_10_33_26,คลองไทย,0
party_list_10_33_27,ประชาธิปัตย์,0
party_list_10_33_28,ไทยก้าวหน้า,0
party_list_10_33_29,ไทยภักดี,0
party_list_10_33_30,แรงงานสร้างชาติ,0
party_list_10_33_31,ประชากรไทย,0
party_list_10_33_32,ครูไทยเพื่อประชาชน,0
party_list_10_33_33,ประชาชาติ,0
party_list_10_33_34,สร้างอนาคตไทย,0
party_list_10_33_35,รักชาติ,0
party_list_10_33_36,ไทยพร้อม,0
party_list_10_33_37,ภูมิใจไทย,0
party_list_10_33_38,พลังธรรมใหม่,0
party_list_10_33_39,กรีน,0
party_list_10_33_40,ไทยธรรม,0
party_list_10_33_41,แผ่นดินธรรม,0
party_list_10_33_42,กล้าธรรม,0
party_list_10_33_43,พลังประชารัฐ,0
party_list_10_33_44,โอกาสใหม่,0
party_list_10_33_45,เป็นธรรม,0
party_list_10_33_46,ประชาชน,0
party_list_10_33_47,ประชาไทย,0
party_list_10_33_48,ไทยสร้างไทย,0
party_list_10_33_49,ไทยก้าวใหม่,0
party_list_10_33_50,ประชาอาสาชาติ,0
party_list_10_33_51,พร้อม,0
party_list_10_33_52,เครือข่ายชาวนาแห่งประเทศไทย,0
party_list_10_33_53,ไทยพิทักษ์ธรรม,0
party_list_10_33_54,ความหวังใหม่,0
party_list_10_33_55,ไทยรวมไทย,0
party_list_10_33_56,เพื่อบ้านเมือง,0
party_list_10_33_57,พลังไทยรักชาติ,0
party_list_10_4_1,ไทยทรัพย์ทวี,0
party_list_10_4_2,เพื่อชาติไทย,0
party_list_10_4_3,ใหม่,0
party_list_10_4_4,มิติใหม่,0
party_list_10_4_5,รวมใจไทย,0
party_list_10_4_6,รวมไทยสร้างชาติ,0
party_list_10_4_7,พลวัต,0
party_list_10_4_8,ประชาธิปไตยใหม่,0
party_list_10_4_9,เพื่อไทย,0
party_list_10_4_10,ทางเลือกใหม่,0
party_list_10_4_11,เศรษฐกิจ,0
party_list_10_4_12,เสรีรวมไทย,0
party_list_10_4_13,รวมพลังประชาชน,0
party_list_10_4_14,ท้องที่ไทย,0
party_list_10_4_15,อนาคตไทย,0
party_list_10_4_16,พลังเพื่อไทย,0
party_list_10_4_17,ไทยชนะ,0
party_list_10_4_18,พลังสังคมใหม่,0
party_list_10_4_19,สังคมประชาธิปไตยไทย,0
party_list_10_4_20,ฟิวชัน,0
party_list_10_4_21,ไทรวมพลัง,0
party_list_10_4_22,ก้าวอิสระ,0
party_list_10_4_23,ปวงชนไทย,0
party_list_10_4_24,วิชชั่นใหม่,0
party_list_10_4_25,เพื่อชีวิตใหม่,0
party_list_10_4_26,คลองไทย,0
party_list_10_4_27,ประชาธิปัตย์,0
party_list_10_4_28,ไทยก้าวหน้า,0
party_list_10_4_29,ไทยภักดี,0
party_list_10_4_30,แรงงานสร้างชาติ,0
party_list_10_4_31,ประชากรไทย,0
party_list_10_4_32,ครูไทยเพื่อประชาชน,0
party_list_10_4_33,ประชาชาติ,0
party_list_10_4_34,สร้างอนาคตไทย,0
party_list_10_4_35,รักชาติ,0
party_list_10_4_36,ไทยพร้อม,0
party_list_10_4_37,ภูมิใจไทย,0
party_list_10_4_38,พลังธรรมใหม่,0
party_list_10_4_39,กรีน,0
party_list_10_4_40,ไทยธรรม,0
party_list_10_4_41,แผ่นดินธรรม,0
party_list_10_4_42,กล้าธรรม,0
party_list_10_4_43,พลังประชารัฐ,0
party_list_10_4_44,โอกาสใหม่,0
party_list_10_4_45,เป็นธรรม,0
party_list_10_4_46,ประชาชน,0
party_list_10_4_47,ประชาไทย,0
party_list_10_4_48,ไทยสร้างไทย,0
party_list_10_4_49,ไทยก้าวใหม่,0
party_list_10_4_50,ประชาอาสาชาติ,0
party_list_10_4_51,พร้อม,0
party_list_10_4_52,เครือข่ายชาวนาแห่งประเทศไทย,0
party_list_10_4_53,ไทยพิทักษ์ธรรม,0
party_list_10_4_54,ความหวังใหม่,0
party_list_10_4_55,ไทยรวมไทย,0
party_list_10_4_56,เพื่อบ้านเมือง,0
party_list_10_4_57,พลังไทยรักชาติ,0
party_list_10_5_1,ไทยทรัพย์ทวี,0
party_list_10_5_2,เพื่อชาติไทย,0
party_list_10_5_3,ใหม่,0
party_list_10_5_4,มิติใหม่,0
party_list_10_5_5,รวมใจไทย,0
party_list_10_5_6,รวมไทยสร้างชาติ,0
party_list_10_5_7,พลวัต,0
party_list_10_5_8,ประชาธิปไตยใหม่,0
party_list_10_5_9,เพื่อไทย,0
party_list_10_5_10,ทางเลือกใหม่,0
party_list_10_5_11,เศรษฐกิจ,0
party_list_10_5_12,เสรีรวมไทย,0
party_list_10_5_13,รวมพลังประชาชน,0
party_list_10_5_14,ท้องที่ไทย,0
party_list_10_5_15,อนาคตไทย,0
party_list_10_5_16,พลังเพื่อไทย,0
party_list_10_5_17,ไทยชนะ,0
party_list_10_5_18,พลังสังคมใหม่,0
party_list_10_5_19,สังคมประชาธิปไตยไทย,0
party_list_10_5_20,ฟิวชัน,0
party_list_10_5_21,ไทรวมพลัง,0
party_list_10_5_22,ก้าวอิสระ,0
party_list_10_5_23,ปวงชนไทย,0
party_list_10_5_24,วิชชั่นใหม่,0
party_list_10_5_25,เพื่อชีวิตใหม่,0
party_list_10_5_26,คลองไทย,0
party_list_10_5_27,ประชาธิปัตย์,0
party_list_10_5_28,ไทยก้าวหน้า,0
party_list_10_5_29,ไทยภักดี,0
party_list_10_5_30,แรงงานสร้างชาติ,0
party_list_10_5_31,ประชากรไทย,0
party_list_10_5_32,ครูไทยเพื่อประชาชน,0
party_list_10_5_33,ประชาชาติ,0
party_list_10_5_34,สร้างอนาคตไทย,0
party_list_10_5_35,รักชาติ,0
party_list_10_5_36,ไทยพร้อม,0
party_list_10_5_37,ภูมิใจไทย,0
party_list_10_5_38,พลังธรรมใหม่,0
party_list_10_5_39,กรีน,0
party_list_10_5_40,ไทยธรรม,0
party_list_10_5_41,แผ่นดินธรรม,0
party_list_10_5_42,กล้าธรรม,0
party_list_10_5_43,พลังประชารัฐ,0
party_list_10_5_44,โอกาสใหม่,0
party_list_10_5_45,เป็นธรรม,0
party_list_10_5_46,ประชาชน,0
party_list_10_5_47,ประชาไทย,0
party_list_10_5_48,ไทยสร้างไทย,0
party_list_10_5_49,ไทยก้าวใหม่,0
party_list_10_5_50,ประชาอาสาชาติ,0
party_list_10_5_51,พร้อม,0
party_list_10_5_52,เครือข่ายชาวนาแห่งประเทศไทย,0
party_list_10_5_53,ไทยพิทักษ์ธรรม,0
party_list_10_5_54,ความหวังใหม่,0
party_list_10_5_55,ไทยรวมไทย,0
party_list_10_5_56,เพื่อบ้านเมือง,0
party_list_10_5_57,พลังไทยรักชาติ,0
party_list_10_6_1,ไทยทรัพย์ทวี,0
party_list_10_6_2,เพื่อชาติไทย,0
party_list_10_6_3,ใหม่,0
party_list_10_6_4,มิติใหม่,0
party_list_10_6_5,รวมใจไทย,0
party_list_10_6_6,รวมไทยสร้างชาติ,0
party_list_10_6_7,พลวัต,0
party_list_10_6_8,ประชาธิปไตยใหม่,0
party_list_10_6_9,เพื่อไทย,0
party_list_10_6_10,ทางเลือกใหม่,0
party_list_10_6_11,เศรษฐกิจ,0
party_list_10_6_12,เสรีรวมไทย,0
party_list_10_6_13,รวมพลังประชาชน,0
party_list_10_6_14,ท้องที่ไทย,0
party_list_10_6_15,อนาคตไทย,0
party_list_10_6_16,พลังเพื่อไทย,0
party_list_10_6_17,ไทยชนะ,0
party_list_10_6_18,พลังสังคมใหม่,0
party_list_10_6_19,สังคมประชาธิปไตยไทย,0
party_list_10_6_20,ฟิวชัน,0
party_list_10_6_21,ไทรวมพลัง,0
party_list_10_6_22,ก้าวอิสระ,0
party_list_10_6_23,ปวงชนไทย,0
party_list_10_6_24,วิชชั่นใหม่,0
party_list_10_6_25,เพื่อชีวิตใหม่,0
party_list_10_6_26,คลองไทย,0
party_list_10_6_27,ประชาธิปัตย์,0
party_list_10_6_28,ไทยก้าวหน้า,0
party_list_10_6_29,ไทยภักดี,0
party_list_10_6_30,แรงงานสร้างชาติ,0
party_list_10_6_31,ประชากรไทย,0
party_list_10_6_32,ครูไทยเพื่อประชาชน,0
party_list_10_6_33,ประชาชาติ,0
party_list_10_6_34,สร้างอนาคตไทย,0
party_list_10_6_35,รักชาติ,0
party_list_10_6_36,ไทยพร้อม,0
party_list_10_6_37,ภูมิใจไทย,0
party_list_10_6_38,พลังธรรมใหม่,0
party_list_10_6_39,กรีน,0
party_list_10_6_40,ไทยธรรม,0
party_list_10_6_41,แผ่นดินธรรม,0
party_list_10_6_42,กล้าธรรม,0
party_list_10_6_43,พลังประชารัฐ,0
party_list_10_6_44,โอกาสใหม่,0
party_list_10_6_45,เป็นธรรม,0
party_list_10_6_46,ประชาชน,0
party_list_10_6_47,ประชาไทย,0
party_list_10_6_48,ไทยสร้างไทย,0
party_list_10_6_49,ไทยก้าวใหม่,0
party_list_10_6_50,ประชาอาสาชาติ,0
party_list_10_6_51,พร้อม,0
party_list_10_6_52,เครือข่ายชาวนาแห่งประเทศไทย,0
party_list_10_6_53,ไทยพิทักษ์ธรรม,0
party_list_10_6_54,ความหวังใหม่,0
party_list_10_6_55,ไทยรวมไทย,0
party_list_10_6_56,เพื่อบ้านเมือง,0
party_list_10_6_57,พลังไทยรักชาติ,0
party_list_10_7_1,ไทยทรัพย์ทวี,0
party_list_10_7_2,เพื่อชาติไทย,0
party_list_10_7_3,ใหม่,0
party_list_10_7_4,มิติใหม่,0
party_list_10_7_5,รวมใจไทย,0
party_list_10_7_6,รวมไทยสร้างชาติ,0
party_list_10_7_7,พลวัต,0
party_list_10_7_8,ประชาธิปไตยใหม่,0
party_list_10_7_9,เพื่อไทย,0
party_list_10_7_10,ทางเลือกใหม่,0
party_list_10_7_11,เศรษฐกิจ,0
party_list_10_7_12,เสรีรวมไทย,0
party_list_10_7_13,รวมพลังประชาชน,0
party_list_10_7_14,ท้องที่ไทย,0
party_list_10_7_15,อนาคตไทย,0
party_list_10_7_16,พลังเพื่อไทย,0
party_list_10_7_17,ไทยชนะ,0
party_list_10_7_18,พลังสังคมใหม่,0
party_list_10_7_19,สังคมประชาธิปไตยไทย,0
party_list_10_7_20,ฟิวชัน,0
party_list_10_7_21,ไทรวมพลัง,0
party_list_10_7_22,ก้าวอิสระ,0
party_list_10_7_23,ปวงชนไทย,0
party_list_10_7_24,วิชชั่นใหม่,0
party_list_10_7_25,เพื่อชีวิตใหม่,0
party_list_10_7_26,คลองไทย,0
party_list_10_7_27,ประชาธิปัตย์,0
party_list_10_7_28,ไทยก้าวหน้า,0
party_list_10_7_29,ไทยภักดี,0
party_list_10_7_30,แรงงานสร้างชาติ,0
party_list_10_7_31,ประชากรไทย,0
party_list_10_7_32,ครูไทยเพื่อประชาชน,0
party_list_10_7_33,ประชาชาติ,0
party_list_10_7_34,สร้างอนาคตไทย,0
party_list_10_7_35,รักชาติ,0
party_list_10_7_36,ไทยพร้อม,0
party_list_10_7_37,ภูมิใจไทย,0
party_list_10_7_38,พลังธรรมใหม่,0
party_list_10_7_39,กรีน,0
party_list_10_7_40,ไทยธรรม,0
party_list_10_7_41,แผ่นดินธรรม,0
party_list_10_7_42,กล้าธรรม,0
party_list_10_7_43,พลังประชารัฐ,0
party_list_10_7_44,โอกาสใหม่,0
party_list_10_7_45,เป็นธรรม,0
party_list_10_7_46,ประชาชน,0
party_list_10_7_47,ประชาไทย,0
party_list_10_7_48,ไทยสร้างไทย,0
party_list_10_7_49,ไทยก้าวใหม่,0
party_list_10_7_50,ประชาอาสาชาติ,0
party_list_10_7_51,พร้อม,0
party_list_10_7_52,เครือข่ายชาวนาแห่งประเทศไทย,0
party_list_10_7_53,ไทยพิทักษ์ธรรม,0
party_list_10_7_54,ความหวังใหม่,0
party_list_10_7_55,ไทยรวมไทย,0
party_list_10_7_56,เพื่อบ้านเมือง,0
party_list_10_7_57,พลังไทยรักชาติ,0
party_list_10_8_1,ไทยทรัพย์ทวี,0
party_list_10_8_2,เพื่อชาติไทย,0
party_list_10_8_3,ใหม่,0
party_list_10_8_4,มิติใหม่,0
party_list_10_8_5,รวมใจไทย,0
party_list_10_8_6,รวมไทยสร้างชาติ,0
party_list_10_8_7,พลวัต,0
party_list_10_8_8,ประชาธิปไตยใหม่,0
party_list_10_8_9,เพื่อไทย,0
party_list_10_8_10,ทางเลือกใหม่,0
party_list_10_8_11,เศรษฐกิจ,0
party_list_10_8_12,เสรีรวมไทย,0
party_list_10_8_13,รวมพลังประชาชน,0
party_list_10_8_14,ท้องที่ไทย,0
party_list_10_8_15,อนาคตไทย,0
party_list_10_8_16,พลังเพื่อไทย,0
party_list_10_8_17,ไทยชนะ,0
party_list_10_8_18,พลังสังคมใหม่,0
party_list_10_8_19,สังคมประชาธิปไตยไทย,0
party_list_10_8_20,ฟิวชัน,0
party_list_10_8_21,ไทรวมพลัง,0
party_list_10_8_22,ก้าวอิสระ,0
party_list_10_8_23,ปวงชนไทย,0
party_list_10_8_24,วิชชั่นใหม่,0
party_list_10_8_25,เพื่อชีวิตใหม่,0
party_list_10_8_26,คลองไทย,0
party_list_10_8_27,ประชาธิปัตย์,0
party_list_10_8_28,ไทยก้าวหน้า,0
party_list_10_8_29,ไทยภักดี,0
party_list_10_8_30,แรงงานสร้างชาติ,0
party_list_10_8_31,ประชากรไทย,0
party_list_10_8_32,ครูไทยเพื่อประชาชน,0
party_list_10_8_33,ประชาชาติ,0
party_list_10_8_34,สร้างอนาคตไทย,0
party_list_10_8_35,รักชาติ,0
party_list_10_8_36,ไทยพร้อม,0
party_list_10_8_37,ภูมิใจไทย,0
party_list_10_8_38,พลังธรรมใหม่,0
party_list_10_8_39,กรีน,0
party_list_10_8_40,ไทยธรรม,0
party_list_10_8_41,แผ่นดินธรรม,0
party_list_10_8_42,กล้าธรรม,0
party_list_10_8_43,พลังประชารัฐ,0
party_list_10_8_44,โอกาสใหม่,0
party_list_10_8_45,เป็นธรรม,0
party_list_10_8_46,ประชาชน,0
party_list_10_8_47,ประชาไทย,0
party_list_10_8_48,ไทยสร้างไทย,0
party_list_10_8_49,ไทยก้าวใหม่,0
party_list_10_8_50,ประชาอาสาชาติ,0
party_list_10_8_51,พร้อม,0
party_list_10_8_52,เครือข่ายชาวนาแห่งประเทศไทย,0
party_list_10_8_53,ไทยพิทักษ์ธรรม,0
party_list_10_8_54,ความหวังใหม่,0
party_list_10_8_55,ไทยรวมไทย,0
party_list_10_8_56,เพื่อบ้านเมือง,0
party_list_10_8_57,พลังไทยรักชาติ,0
party_list_10_9_1,ไทยทรัพย์ทวี,0
party_list_10_9_2,เพื่อชาติไทย,0
party_list_10_9_3,ใหม่,0
party_list_10_9_4,มิติใหม่,0
party_list_10_9_5,รวมใจไทย,0
party_list_10_9_6,รวมไทยสร้างชาติ,0
party_list_10_9_7,พลวัต,0
party_list_10_9_8,ประชาธิปไตยใหม่,0
party_list_10_9_9,เพื่อไทย,0
party_list_10_9_10,ทางเลือกใหม่,0
party_list_10_9_11,เศรษฐกิจ,0
party_list_10_9_12,เสรีรวมไทย,0
party_list_10_9_13,รวมพลังประชาชน,0
party_list_10_9_14,ท้องที่ไทย,0
party_list_10_9_15,อนาคตไทย,0
party_list_10_9_16,พลังเพื่อไทย,0
party_list_10_9_17,ไทยชนะ,0
party_list_10_9_18,พลังสังคมใหม่,0
party_list_10_9_19,สังคมประชาธิปไตยไทย,0
party_list_10_9_20,ฟิวชัน,0
party_list_10_9_21,ไทรวมพลัง,0
party_list_10_9_22,ก้าวอิสระ,0
party_list_10_9_23,ปวงชนไทย,0
party_list_10_9_24,วิชชั่นใหม่,0
party_list_10_9_25,เพื่อชีวิตใหม่,0
party_list_10_9_26,คลองไทย,0
party_list_10_9_27,ประชาธิปัตย์,0
party_list_10_9_28,ไทยก้าวหน้า,0
party_list_10_9_29,ไทยภักดี,0
party_list_10_9_30,แรงงานสร้างชาติ,0
party_list_10_9_31,ประชากรไทย,0
party_list_10_9_32,ครูไทยเพื่อประชาชน,0
party_list_10_9_33,ประชาชาติ,0
party_list_10_9_34,สร้างอนาคตไทย,0
party_list_10_9_35,รักชาติ,0
party_list_10_9_36,ไทยพร้อม,0
party_list_10_9_37,ภูมิใจไทย,0
party_list_10_9_38,พลังธรรมใหม่,0
party_list_10_9_39,กรีน,0
party_list_10_9_40,ไทยธรรม,0
party_list_10_9_41,แผ่นดินธรรม,0
party_list_10_9_42,กล้าธรรม,0
party_list_10_9_43,พลังประชารัฐ,0
party_list_10_9_44,โอกาสใหม่,0
party_list_10_9_45,เป็นธรรม,0
party_list_10_9_46,ประชาชน,0
party_list_10_9_47,ประชาไทย,0
party_list_10_9_48,ไทยสร้างไทย,0
party_list_10_9_49,ไทยก้าวใหม่,0
party_list_10_9_50,ประชาอาสาชาติ,0
party_list_10_9_51,พร้อม,0
party_list_10_9_52,เครือข่ายชาวนาแห่งประเทศไทย,0
party_list_10_9_53,ไทยพิทักษ์ธรรม,0
party_list_10_9_54,ความหวังใหม่,0
party_list_10_9_55,ไทยรวมไทย,0
party_list_10_9_56,เพื่อบ้านเมือง,0
party_list_10_9_57,พลังไทยรักชาติ,0
party_list_11_1_1,ไทยทรัพย์ทวี,0
party_list_11_1_2,เพื่อชาติไทย,0
party_list_11_1_3,ใหม่,0
party_list_11_1_4,มิติใหม่,0
party_list_11_1_5,รวมใจไทย,0
party_list_11_1_6,รวมไทยสร้างชาติ,0
party_list_11_1_7,พลวัต,0
party_list_11_1_8,ประชาธิปไตยใหม่,0
party_list_11_1_9,เพื่อไทย,0
party_list_11_1_10,ทางเลือกใหม่,0
party_list_11_1_11,เศรษฐกิจ,0
party_list_11_1_12,เสรีรวมไทย,0
party_list_11_1_13,รวมพลังประชาชน,0
party_list_11_1_14,ท้องที่ไทย,0
party_list_11_1_15,อนาคตไทย,0
party_list_11_1_16,พลังเพื่อไทย,0
party_list_11_1_17,ไทยชนะ,0
party_list_11_1_18,พลังสังคมใหม่,0
party_list_11_1_19,สังคมประชาธิปไตยไทย,0
party_list_11_1_20,ฟิวชัน,0
party_list_11_1_21,ไทรวมพลัง,0
party_list_11_1_22,ก้าวอิสระ,0
party_list_11_1_23,ปวงชนไทย,0
party_list_11_1_24,วิชชั่นใหม่,0
party_list_11_1_25,เพื่อชีวิตใหม่,0
party_list_11_1_26,คลองไทย,0
party_list_11_1_27,ประชาธิปัตย์,0
party_list_11_1_28,ไทยก้าวหน้า,0
party_list_11_1_29,ไทยภักดี,0
party_list_11_1_30,แรงงานสร้างชาติ,0
party_list_11_1_31,ประชากรไทย,0
party_list_11_1_32,ครูไทยเพื่อประชาชน,0
party_list_11_1_33,ประชาชาติ,0
party_list_11_1_34,สร้างอนาคตไทย,0
party_list_11_1_35,รักชาติ,0
party_list_11_1_36,ไทยพร้อม,0
party_list_11_1_37,ภูมิใจไทย,0
party_list_11_1_38,พลังธรรมใหม่,0
party_list_11_1_39,กรีน,0
party_list_11_1_40,ไทยธรรม,0
party_list_11_1_41,แผ่นดินธรรม,0
party_list_11_1_42,กล้าธรรม,0
party_list_11_1_43,พลังประชารัฐ,0
party_list_11_1_44,โอกาสใหม่,0
party_list_11_1_45,เป็นธรรม,0
party_list_11_1_46,ประชาชน,0
party_list_11_1_47,ประชาไทย,0
party_list_11_1_48,ไทยสร้างไทย,0
party_list_11_1_49,ไทยก้าวใหม่,0
party_list_11_1_50,ประชาอาสาชาติ,0
party_list_11_1_51,พร้อม,0
party_list_11_1_52,เครือข่ายชาวนาแห่งประเทศไทย,0
party_list_11_1_53,ไทยพิทักษ์ธรรม,0
party_list_11_1_54,ความหวังใหม่,0
party_list_11_1_55,ไทยรวมไทย,0
party_list_11_1_56,เพื่อบ้านเมือง,0
party_list_11_1_57,พลังไทยรักชาติ,0
party_list_11_2_1,ไทยทรัพย์ทวี,0
party_list_11_2_2,เพื่อชาติไทย,0
party_list_11_2_3,ใหม่,0
party_list_11_2_4,มิติใหม่,0
party_list_11_2_5,รวมใจไทย,0
party_list_11_2_6,รวมไทยสร้างชาติ,0
party_list_11_2_7,พลวัต,0
party_list_11_2_8,ประชาธิปไตยใหม่,0
party_list_11_2_9,เพื่อไทย,0
party_list_11_2_10,ทางเลือกใหม่,0
party_list_11_2_11,เศรษฐกิจ,0
party_list_11_2_12,เสรีรวมไทย,0
party_list_11_2_13,รวมพลังประชาชน,0
party_list_11_2_14,ท้องที่ไทย,0
party_list_11_2_15,อนาคตไทย,0
party_list_11_2_16,พลังเพื่อไทย,0
party_list_11_2_17,ไทยชนะ,0
party_list_11_2_18,พลังสังคมใหม่,0
party_list_11_2_19,สังคมประชาธิปไตยไทย,0
party_list_11_2_20,ฟิวชัน,0
party_list_11_2_21,ไทรวมพลัง,0
party_list_11_2_22,ก้าวอิสระ,0
party_list_11_2_23,ปวงชนไทย,0
party_list_11_2_24,วิชชั่นใหม่,0
party_list_11_2_25,เพื่อชีวิตใหม่,0
party_list_11_2_26,คลองไทย,0
party_list_11_2_27,ประชาธิปัตย์,0
party_list_11_2_28,ไทยก้าวหน้า,0
party_list_11_2_29,ไทยภักดี,0
party_list_11_2_30,แรงงานสร้างชาติ,0
party_list_11_2_31,ประชากรไทย,0
party_list_11_2_32,ครูไทยเพื่อประชาชน,0
party_list_11_2_33,ประชาชาติ,0
party_list_11_2_34,สร้างอนาคตไทย,0
party_list_11_2_35,รักชาติ,0
party_list_11_2_36,ไทยพร้อม,0
party_list_11_2_37,ภูมิใจไทย,0
party_list_11_2_38,พลังธรรมใหม่,0
party_list_11_2_39,กรีน,0
party_list_11_2_40,ไทยธรรม,0
party_list_11_2_41,แผ่นดินธรรม,0
party_list_11_2_42,กล้าธรรม,0
party_list_11_2_43,พลังประชารัฐ,0
party_list_11_2_44,โอกาสใหม่,0
party_list_11_2_45,เป็นธรรม,0
party_list_11_2_46,ประชาชน,0
party_list_11_2_47,ประชาไทย,0
party_list_11_2_48,ไทยสร้างไทย,0
party_list_11_2_49,ไทยก้าวใหม่,0
party_list_11_2_50,ประชาอาสาชาติ,0
party_list_11_2_51,พร้อม,0
party_list_11_2_52,เครือข่ายชาวนาแห่งประเทศไทย,0
party_list_11_2_53,ไทยพิทักษ์ธรรม,0
party_list_11_2_54,ความหวังใหม่,0
party_list_11_2_55,ไทยรวมไทย,0
party_list_11_2_56,เพื่อบ้านเมือง,0
party_list_11_2_57,พลังไทยรักชาติ,0
party_list_11_3_1,ไทยทรัพย์ทวี,0
party_list_11_3_2,เพื่อชาติไทย,0
party_list_11_3_3,ใหม่,0
party_list_11_3_4,มิติใหม่,0
party_list_11_3_5,รวมใจไทย,0
party_list_11_3_6,รวมไทยสร้างชาติ,0
party_list_11_3_7,พลวัต,0
party_list_11_3_8,ประชาธิปไตยใหม่,0
party_list_11_3_9,เพื่อไทย,0
party_list_11_3_10,ทางเลือกใหม่,0
party_list_11_3_11,เศรษฐกิจ,0
party_list_11_3_12,เสรีรวมไทย,0
party_list_11_3_13,รวมพลังประชาชน,0
party_list_11_3_14,ท้องที่ไทย,0
party_list_11_3_15,อนาคตไทย,0
party_list_11_3_16,พลังเพื่อไทย,0
party_list_11_3_17,ไทยชนะ,0
party_list_11_3_18,พลังสังคมใหม่,0
party_list_11_3_19,สังคมประชาธิปไตยไทย,0
party_list_11_3_20,ฟิวชัน,0
party_list_11_3_21,ไทรวมพลัง,0
party_list_11_3_22,ก้าวอิสระ,0
party_list_11_3_23,ปวงชนไทย,0
party_list_11_3_24,วิชชั่นใหม่,0
party_list_11_3_25,เพื่อชีวิตใหม่,0
party_list_11_3_26,คลองไทย,0
party_list_11_3_27,ประชาธิปัตย์,0
party_list_11_3_28,ไทยก้าวหน้า,0
party_list_11_3_29,ไทยภักดี,0
party_list_11_3_30,แรงงานสร้างชาติ,0
party_list_11_3_31,ประชากรไทย,0
party_list_11_3_32,ครูไทยเพื่อประชาชน,0
party_list_11_3_33,ประชาชาติ,0
party_list_11_3_34,สร้างอนาคตไทย,0
party_list_11_3_35,รักชาติ,0
party_list_11_3_36,ไทยพร้อม,0
party_list_11_3_37,ภูมิใจไทย,0
party_list_11_3_38,พลังธรรมใหม่,0
party_list_11_3_39,กรีน,0
party_list_11_3_40,ไทยธรรม,0
party_list_11_3_41,แผ่นดินธรรม,0
party_list_11_3_42,กล้าธรรม,0
party_list_11_3_43,พลังประชารัฐ,0
party_list_11_3_44,โอกาสใหม่,0
party_list_11_3_45,เป็นธรรม,0
party_list_11_3_46,ประชาชน,0
party_list_11_3_47,ประชาไทย,0
party_list_11_3_48,ไทยสร้างไทย,0
party_list_11_3_49,ไทยก้าวใหม่,0
party_list_11_3_50,ประชาอาสาชาติ,0
party_list_11_3_51,พร้อม,0
party_list_11_3_52,เครือข่ายชาวนาแห่งประเทศไทย,0
party_list_11_3_53,ไทยพิทักษ์ธรรม,0
party_list_11_3_54,ความหวังใหม่,0
party_list_11_3_55,ไทยรวมไทย,0
party_list_11_3_56,เพื่อบ้านเมือง,0
party_list_11_3_57,พลังไทยรักชาติ,0
party_list_11_4_1,ไทยทรัพย์ทวี,0
party_list_11_4_2,เพื่อชาติไทย,0
party_list_11_4_3,ใหม่,0
party_list_11_4_4,มิติใหม่,0
party_list_11_4_5,รวมใจไทย,0
party_list_11_4_6,รวมไทยสร้างชาติ,0
party_list_11_4_7,พลวัต,0
party_list_11_4_8,ประชาธิปไตยใหม่,0
party_list_11_4_9,เพื่อไทย,0
party_list_11_4_10,ทางเลือกใหม่,0
party_list_11_4_11,เศรษฐกิจ,0
party_list_11_4_12,เสรีรวมไทย,0
party_list_11_4_13,รวมพลังประชาชน,0
party_list_11_4_14,ท้องที่ไทย,0
party_list_11_4_15,อนาคตไทย,0
party_list_11_4_16,พลังเพื่อไทย,0
party_list_11_4_17,ไทยชนะ,0
party_list_11_4_18,พลังสังคมใหม่,0
party_list_11_4_19,สังคมประชาธิปไตยไทย,0
party_list_11_4_20,ฟิวชัน,0
party_list_11_4_21,ไทรวมพลัง,0
party_list_11_4_22,ก้าวอิสระ,0
party_list_11_4_23,ปวงชนไทย,0
party_list_11_4_24,วิชชั่นใหม่,0
party_list_11_4_25,เพื่อชีวิตใหม่,0
party_list_11_4_26,คลองไทย,0
party_list_11_4_27,ประชาธิปัตย์,0
party_list_11_4_28,ไทยก้าวหน้า,0
party_list_11_4_29,ไทยภักดี,0
party_list_11_4_30,แรงงานสร้างชาติ,0
party_list_11_4_31,ประชากรไทย,0
party_list_11_4_32,ครูไทยเพื่อประชาชน,0
party_list_11_4_33,ประชาชาติ,0
party_list_11_4_34,สร้างอนาคตไทย,0
party_list_11_4_35,รักชาติ,0
party_list_11_4_36,ไทยพร้อม,0
party_list_11_4_37,ภูมิใจไทย,0
party_list_11_4_38,พลังธรรมใหม่,0
party_list_11_4_39,กรีน,0
party_list_11_4_40,ไทยธรรม,0
party_list_11_4_41,แผ่นดินธรรม,0
party_list_11_4_42,กล้าธรรม,0
party_list_11_4_43,พลังประชารัฐ,0
party_list_11_4_44,โอกาสใหม่,0
party_list_11_4_45,เป็นธรรม,0
party_list_11_4_46,ประชาชน,0
party_list_11_4_47,ประชาไทย,0
party_list_11_4_48,ไทยสร้างไทย,0
party_list_11_4_49,ไทยก้าวใหม่,0
party_list_11_4_50,ประชาอาสาชาติ,0
party_list_11_4_51,พร้อม,0
party_list_11_4_52,เครือข่ายชาวนาแห่งประเทศไทย,0
party_list_11_4_53,ไทยพิทักษ์ธรรม,0
party_list_11_4_54,ความหวังใหม่,0
party_list_11_4_55,ไทยรวมไทย,0
party_list_11_4_56,เพื่อบ้านเมือง,0
party_list_11_4_57,พลังไทยรักชาติ,0
party_list_11_5_1,ไทยทรัพย์ทวี,0
party_list_11_5_2,เพื่อชาติไทย,0
party_list_11_5_3,ใหม่,0
party_list_11_5_4,มิติใหม่,0
party_list_11_5_5,รวมใจไทย,0
party_list_11_5_6,รวมไทยสร้างชาติ,0
party_list_11_5_7,พลวัต,0
party_list_11_5_8,ประชาธิปไตยใหม่,0
party_list_11_5_9,เพื่อไทย,0
party_list_11_5_10,ทางเลือกใหม่,0
party_list_11_5_11,เศรษฐกิจ,0
party_list_11_5_12,เสรีรวมไทย,0
party_list_11_5_13,รวมพลังประชาชน,0
party_list_11_5_14,ท้องที่ไทย,0
party_list_11_5_15,อนาคตไทย,0
party_list_11_5_16,พลังเพื่อไทย,0
party_list_11_5_17,ไทยชนะ,0
party_list_11_5_18,พลังสังคมใหม่,0
party_list_11_5_19,สังคมประชาธิปไตยไทย,0
party_list_11_5_20,ฟิวชัน,0
party_list_11_5_21,ไทรวมพลัง,0
party_list_11_5_22,ก้าวอิสระ,0
party_list_11_5_23,ปวงชนไทย,0
party_list_11_5_24,วิชชั่นใหม่,0
party_list_11_5_25,เพื่อชีวิตใหม่,0
party_list_11_5_26,คลองไทย,0
party_list_11_5_27,ประชาธิปัตย์,0
party_list_11_5_28,ไทยก้าวหน้า,0
party_list_11_5_29,ไทยภักดี,0
party_list_11_5_30,แรงงานสร้างชาติ,0
party_list_11_5_31,ประชากรไทย,0
party_list_11_5_32,ครูไทยเพื่อประชาชน,0
party_list_11_5_33,ประชาชาติ,0
party_list_11_5_34,สร้างอนาคตไทย,0
party_list_11_5_35,รักชาติ,0
party_list_11_5_36,ไทยพร้อม,0
party_list_11_5_37,ภูมิใจไทย,0
party_list_11_5_38,พลังธรรมใหม่,0
party_list_11_5_39,กรีน,0
party_list_11_5_40,ไทยธรรม,0
party_list_11_5_41,แผ่นดินธรรม,0
party_list_11_5_42,กล้าธรรม,0
party_list_11_5_43,พลังประชารัฐ,0
party_list_11_5_44,โอกาสใหม่,0
party_list_11_5_45,เป็นธรรม,0
party_list_11_5_46,ประชาชน,0
party_list_11_5_47,ประชาไทย,0
party_list_11_5_48,ไทยสร้างไทย,0
party_list_11_5_49,ไทยก้าวใหม่,0
party_list_11_5_50,ประชาอาสาชาติ,0
party_list_11_5_51,พร้อม,0
party_list_11_5_52,เครือข่ายชาวนาแห่งประเทศไทย,0
party_list_11_5_53,ไทยพิทักษ์ธรรม,0
party_list_11_5_54,ความหวังใหม่,0
party_list_11_5_55,ไทยรวมไทย,0
party_list_11_5_56,เพื่อบ้านเมือง,0
party_list_11_5_57,พลังไทยรักชาติ,0
party_list_11_6_1,ไทยทรัพย์ทวี,0
party_list_11_6_2,เพื่อชาติไทย,0
party_list_11_6_3,ใหม่,0
party_list_11_6_4,มิติใหม่,0
party_list_11_6_5,รวมใจไทย,0
party_list_11_6_6,รวมไทยสร้างชาติ,0
party_list_11_6_7,พลวัต,0
party_list_11_6_8,ประชาธิปไตยใหม่,0
party_list_11_6_9,เพื่อไทย,0
party_list_11_6_10,ทางเลือกใหม่,0
party_list_11_6_11,เศรษฐกิจ,0
party_list_11_6_12,เสรีรวมไทย,0
party_list_11_6_13,รวมพลังประชาชน,0
party_list_11_6_14,ท้องที่ไทย,0
party_list_11_6_15,อนาคตไทย,0
party_list_11_6_16,พลังเพื่อไทย,0
party_list_11_6_17,ไทยชนะ,0
party_list_11_6_18,พลังสังคมใหม่,0
party_list_11_6_19,สังคมประชาธิปไตยไทย,0
party_list_11_6_20,ฟิวชัน,0
party_list_11_6_21,ไทรวมพลัง,0
party_list_11_6_22,ก้าวอิสระ,0
party_list_11_6_23,ปวงชนไทย,0
party_list_11_6_24,วิชชั่นใหม่,0
party_list_11_6_25,เพื่อชีวิตใหม่,0
party_list_11_6_26,คลองไทย,0
party_list_11_6_27,ประชาธิปัตย์,0
party_list_11_6_28,ไทยก้าวหน้า,0
party_list_11_6_29,ไทยภักดี,0
party_list_11_6_30,แรงงานสร้างชาติ,0
party_list_11_6_31,ประชากรไทย,0
party_list_11_6_32,ครูไทยเพื่อประชาชน,0
party_list_11_6_33,ประชาชาติ,0
party_list_11_6_34,สร้างอนาคตไทย,0
party_list_11_6_35,รักชาติ,0
party_list_11_6_36,ไทยพร้อม,0
party_list_11_6_37,ภูมิใจไทย,0
party_list_11_6_38,พลังธรรมใหม่,0
party_list_11_6_39,กรีน,0
party_list_11_6_40,ไทยธรรม,0
party_list_11_6_41,แผ่นดินธรรม,0
party_list_11_6_42,กล้าธรรม,0
party_list_11_6_43,พลังประชารัฐ,0
party_list_11_6_44,โอกาสใหม่,0
party_list_11_6_45,เป็นธรรม,0
party_list_11_6_46,ประชาชน,0
party_list_11_6_47,ประชาไทย,0
party_list_11_6_48,ไทยสร้างไทย,0
party_list_11_6_49,ไทยก้าวใหม่,0
party_list_11_6_50,ประชาอาสาชาติ,0
party_list_11_6_51,พร้อม,0
party_list_11_6_52,เครือข่ายชาวนาแห่งประเทศไทย,0
party_list_11_6_53,ไทยพิทักษ์ธรรม,0
party_list_11_6_54,ความหวังใหม่,0
party_list_11_6_55,ไทยรวมไทย,0
party_list_11_6_56,เพื่อบ้านเมือง,0
party_list_11_6_57,พลังไทยรักชาติ,0
party_list_11_7_1,ไทยทรัพย์ทวี,0
party_list_11_7_2,เพื่อชาติไทย,0
party_list_11_7_3,ใหม่,0
party_list_11_7_4,มิติใหม่,0
party_list_11_7_5,รวมใจไทย,0
party_list_11_7_6,รวมไทยสร้างชาติ,0
party_list_11_7_7,พลวัต,0
party_list_11_7_8,ประชาธิปไตยใหม่,0
party_list_11_7_9,เพื่อไทย,0
party_list_11_7_10,ทางเลือกใหม่,0
party_list_11_7_11,เศรษฐกิจ,0
party_list_11_7_12,เสรีรวมไทย,0
party_list_11_7_13,รวมพลังประชาชน,0
party_list_11_7_14,ท้องที่ไทย,0
party_list_11_7_15,อนาคตไทย,0
party_list_11_7_16,พลังเพื่อไทย,0
party_list_11_7_17,ไทยชนะ,0
party_list_11_7_18,พลังสังคมใหม่,0
party_list_11_7_19,สังคมประชาธิปไตยไทย,0
party_list_11_7_20,ฟิวชัน,0
party_list_11_7_21,ไทรวมพลัง,0
party_list_11_7_22,ก้าวอิสระ,0
party_list_11_7_23,ปวงชนไทย,0
party_list_11_7_24,วิชชั่นใหม่,0
party_list_11_7_25,เพื่อชีวิตใหม่,0
party_list_11_7_26,คลองไทย,0
party_list_11_7_27,ประชาธิปัตย์,0
party_list_11_7_28,ไทยก้าวหน้า,0
party_list_11_7_29,ไทยภักดี,0
party_list_11_7_30,แรงงานสร้างชาติ,0
party_list_11_7_31,ประชากรไทย,0
party_list_11_7_32,ครูไทยเพื่อประชาชน,0
party_list_11_7_33,ประชาชาติ,0
party_list_11_7_34,สร้างอนาคตไทย,0
party_list_11_7_35,รักชาติ,0
party_list_11_7_36,ไทยพร้อม,0
party_list_11_7_37,ภูมิใจไทย,0
party_list_11_7_38,พลังธรรมใหม่,0
party_list_11_7_39,กรีน,0
party_list_11_7_40,ไทยธรรม,0
party_list_11_7_41,แผ่นดินธรรม,0
party_list_11_7_42,กล้าธรรม,0
party_list_11_7_43,พลังประชารัฐ,0
party_list_11_7_44,โอกาสใหม่,0
party_list_11_7_45,เป็นธรรม,0
party_list_11_7_46,ประชาชน,0
party_list_11_7_47,ประชาไทย,0
party_list_11_7_48,ไทยสร้างไทย,0
party_list_11_7_49,ไทยก้าวใหม่,0
party_list_11_7_50,ประชาอาสาชาติ,0
party_list_11_7_51,พร้อม,0
party_list_11_7_52,เครือข่ายชาวนาแห่งประเทศไทย,0
party_list_11_7_53,ไทยพิทักษ์ธรรม,0
party_list_11_7_54,ความหวังใหม่,0
party_list_11_7_55,ไทยรวมไทย,0
party_list_11_7_56,เพื่อบ้านเมือง,0
party_list_11_7_57,พลังไทยรักชาติ,0
party_list_11_8_1,ไทยทรัพย์ทวี,0
party_list_11_8_2,เพื่อชาติไทย,0
party_list_11_8_3,ใหม่,0
party_list_11_8_4,มิติใหม่,0
party_list_11_8_5,รวมใจไทย,0
party_list_11_8_6,รวมไทยสร้างชาติ,0
party_list_11_8_7,พลวัต,0
party_list_11_8_8,ประชาธิปไตยใหม่,0
party_list_11_8_9,เพื่อไทย,0
party_list_11_8_10,ทางเลือกใหม่,0
party_list_11_8_11,เศรษฐกิจ,0
party_list_11_8_12,เสรีรวมไทย,0
party_list_11_8_13,รวมพลังประชาชน,0
party_list_11_8_14,ท้องที่ไทย,0
party_list_11_8_15,อนาคตไทย,0
party_list_11_8_16,พลังเพื่อไทย,0
party_list_11_8_17,ไทยชนะ,0
party_list_11_8_18,พลังสังคมใหม่,0
party_list_11_8_19,สังคมประชาธิปไตยไทย,0
party_list_11_8_20,ฟิวชัน,0
party_list_11_8_21,ไทรวมพลัง,0
party_list_11_8_22,ก้าวอิสระ,0
party_list_11_8_23,ปวงชนไทย,0
party_list_11_8_24,วิชชั่นใหม่,0
party_list_11_8_25,เพื่อชีวิตใหม่,0
party_list_11_8_26,คลองไทย,0
party_list_11_8_27,ประชาธิปัตย์,0
party_list_11_8_28,ไทยก้าวหน้า,0
party_list_11_8_29,ไทยภักดี,0
party_list_11_8_30,แรงงานสร้างชาติ,0
party_list_11_8_31,ประชากรไทย,0
party_list_11_8_32,ครูไทยเพื่อประชาชน,0
party_list_11_8_33,ประชาชาติ,0
party_list_11_8_34,สร้างอนาคตไทย,0
party_list_11_8_35,รักชาติ,0
party_list_11_8_36,ไทยพร้อม,0
party_list_11_8_37,ภูมิใจไทย,0
party_list_11_8_38,พลังธรรมใหม่,0
party_list_11_8_39,กรีน,0
party_list_11_8_40,ไทยธรรม,0
party_list_11_8_41,แผ่นดินธรรม,0
party_list_11_8_42,กล้าธรรม,0
party_list_11_8_43,พลังประชารัฐ,0
party_list_11_8_44,โอกาสใหม่,0
party_list_11_8_45,เป็นธรรม,0
party_list_11_8_46,ประชาชน,0
party_list_11_8_47,ประชาไทย,0
party_list_11_8_48,ไทยสร้างไทย,0
party_list_11_8_49,ไทยก้าวใหม่,0
party_list_11_8_50,ประชาอาสาชาติ,0
party_list_11_8_51,พร้อม,0
party_list_11_8_52,เครือข่ายชาวนาแห่งประเทศไทย,0
party_list_11_8_53,ไทยพิทักษ์ธรรม,0
party_list_11_8_54,ความหวังใหม่,0
party_list_11_8_55,ไทยรวมไทย,0
party_list_11_8_56,เพื่อบ้านเมือง,0
party_list_11_8_57,พลังไทยรักชาติ,0
party_list_12_1_1,ไทยทรัพย์ทวี,0
party_list_12_1_2,เพื่อชาติไทย,0
party_list_12_1_3,ใหม่,0
party_list_12_1_4,มิติใหม่,0
party_list_12_1_5,รวมใจไทย,0
party_list_12_1_6,รวมไทยสร้างชาติ,0
party_list_12_1_7,พลวัต,0
party_list_12_1_8,ประชาธิปไตยใหม่,0
party_list_12_1_9,เพื่อไทย,0
party_list_12_1_10,ทางเลือกใหม่,0
party_list_12_1_11,เศรษฐกิจ,0
party_list_12_1_12,เสรีรวมไทย,0
party_list_12_1_13,รวมพลังประชาชน,0
party_list_12_1_14,ท้องที่ไทย,0
party_list_12_1_15,อนาคตไทย,0
party_list_12_1_16,พลังเพื่อไทย,0
party_list_12_1_17,ไทยชนะ,0
party_list_12_1_18,พลังสังคมใหม่,0
party_list_12_1_19,สังคมประชาธิปไตยไทย,0
party_list_12_1_20,ฟิวชัน,0
party_list_12_1_21,ไทรวมพลัง,0
party_list_12_1_22,ก้าวอิสระ,0
party_list_12_1_23,ปวงชนไทย,0
party_list_12_1_24,วิชชั่นใหม่,0
party_list_12_1_25,เพื่อชีวิตใหม่,0
party_list_12_1_26,คลองไทย,0
party_list_12_1_27,ประชาธิปัตย์,0
party_list_12_1_28,ไทยก้าวหน้า,0
party_list_12_1_29,ไทยภักดี,0
party_list_12_1_30,แรงงานสร้างชาติ,0
party_list_12_1_31,ประชากรไทย,0
party_list_12_1_32,ครูไทยเพื่อประชาชน,0
party_list_12_1_33,ประชาชาติ,0
party_list_12_1_34,สร้างอนาคตไทย,0
party_list_12_1_35,รักชาติ,0
party_list_12_1_36,ไทยพร้อม,0
party_list_12_1_37,ภูมิใจไทย,0
party_list_12_1_38,พลังธรรมใหม่,0
party_list_12_1_39,กรีน,0
party_list_12_1_40,ไทยธรรม,0
party_list_12_1_41,แผ่นดินธรรม,0
party_list_12_1_42,กล้าธรรม,0
party_list_12_1_43,พลังประชารัฐ,0
party_list_12_1_44,โอกาสใหม่,0
party_list_12_1_45,เป็นธรรม,0
party_list_12_1_46,ประชาชน,0
party_list_12_1_47,ประชาไทย,0
party_list_12_1_48,ไทยสร้างไทย,0
party_list_12_1_49,ไทยก้าวใหม่,0
party_list_12_1_50,ประชาอาสาชาติ,0
party_list_12_1_51,พร้อม,0
party_list_12_1_52,เครือข่ายชาวนาแห่งประเทศไทย,0
party_list_12_1_53,ไทยพิทักษ์ธรรม,0
party_list_12_1_54,ความหวังใหม่,0
party_list_12_1_55,ไทยรวมไทย,0
party_list_12_1_56,เพื่อบ้านเมือง,0
party_list_12_1_57,พลังไทยรักชาติ,0
party_list_12_2_1,ไทยทรัพย์ทวี,0
party_list_12_2_2,เพื่อชาติไทย,0
party_list_12_2_3,ใหม่,0
party_list_12_2_4,มิติใหม่,0
party_list_12_2_5,รวมใจไทย,0
party_list_12_2_6,รวมไทยสร้างชาติ,0
party_list_12_2_7,พลวัต,0
party_list_12_2_8,ประชาธิปไตยใหม่,0
party_list_12_2_9,เพื่อไทย,0
party_list_12_2_10,ทางเลือกใหม่,0
party_list_12_2_11,เศรษฐกิจ,0
party_list_12_2_12,เสรีรวมไทย,0
party_list_12_2_13,รวมพลังประชาชน,0
party_list_12_2_14,ท้องที่ไทย,0
party_list_12_2_15,อนาคตไทย,0
party_list_12_2_16,พลังเพื่อไทย,0
party_list_12_2_17,ไทยชนะ,0
party_list_12_2_18,พลังสังคมใหม่,0
party_list_12_2_19,สังคมประชาธิปไตยไทย,0
party_list_12_2_20,ฟิวชัน,0
party_list_12_2_21,ไทรวมพลัง,0
party_list_12_2_22,ก้าวอิสระ,0
party_list_12_2_23,ปวงชนไทย,0
party_list_12_2_24,วิชชั่นใหม่,0
party_list_12_2_25,เพื่อชีวิตใหม่,0
party_list_12_2_26,คลองไทย,0
party_list_12_2_27,ประชาธิปัตย์,0
party_list_12_2_28,ไทยก้าวหน้า,0
party_list_12_2_29,ไทยภักดี,0
party_list_12_2_30,แรงงานสร้างชาติ,0
party_list_12_2_31,ประชากรไทย,0
party_list_12_2_32,ครูไทยเพื่อประชาชน,0
party_list_12_2_33,ประชาชาติ,0
party_list_12_2_34,สร้างอนาคตไทย,0
party_list_12_2_35,รักชาติ,0
party_list_12_2_36,ไทยพร้อม,0
party_list_12_2_37,ภูมิใจไทย,0
party_list_12_2_38,พลังธรรมใหม่,0
party_list_12_2_39,กรีน,0
party_list_12_2_40,ไทยธรรม,0
party_list_12_2_41,แผ่นดินธรรม,0
party_list_12_2_42,กล้าธรรม,0
party_list_12_2_43,พลังประชารัฐ,0
party_list_12_2_44,โอกาสใหม่,0
party_list_12_2_45,เป็นธรรม,0
party_list_12_2_46,ประชาชน,0
party_list_12_2_47,ประชาไทย,0
party_list_12_2_48,ไทยสร้างไทย,0
party_list_12_2_49,ไทยก้าวใหม่,0
party_list_12_2_50,ประชาอาสาชาติ,0
party_list_12_2_51,พร้อม,0
party_list_12_2_52,เครือข่ายชาวนาแห่งประเทศไทย,0
party_list_12_2_53,ไทยพิทักษ์ธรรม,0
party_list_12_2_54,ความหวังใหม่,0
party_list_12_2_55,ไทยรวมไทย,0
party_list_12_2_56,เพื่อบ้านเมือง,0
party_list_12_2_57,พลังไทยรักชาติ,0
party_list_12_3_1,ไทยทรัพย์ทวี,0
party_list_12_3_2,เพื่อชาติไทย,0
party_list_12_3_3,ใหม่,0
party_list_12_3_4,มิติใหม่,0
party_list_12_3_5,รวมใจไทย,0
party_list_12_3_6,รวมไทยสร้างชาติ,0
party_list_12_3_7,พลวัต,0
party_list_12_3_8,ประชาธิปไตยใหม่,0
party_list_12_3_9,เพื่อไทย,0
party_list_12_3_10,ทางเลือกใหม่,0
party_list_12_3_11,เศรษฐกิจ,0
party_list_12_3_12,เสรีรวมไทย,0
party_list_12_3_13,รวมพลังประชาชน,0
party_list_12_3_14,ท้องที่ไทย,0
party_list_12_3_15,อนาคตไทย,0
party_list_12_3_16,พลังเพื่อไทย,0
party_list_12_3_17,ไทยชนะ,0
party_list_12_3_18,พลังสังคมใหม่,0
party_list_12_3_19,สังคมประชาธิปไตยไทย,0
party_list_12_3_20,ฟิวชัน,0
party_list_12_3_21,ไทรวมพลัง,0
party_list_12_3_22,ก้าวอิสระ,0
party_list_12_3_23,ปวงชนไทย,0
party_list_12_3_24,วิชชั่นใหม่,0
party_list_12_3_25,เพื่อชีวิตใหม่,0
party_list_12_3_26,คลองไทย,0
party_list_12_3_27,ประชาธิปัตย์,0
party_list_12_3_28,ไทยก้าวหน้า,0
party_list_12_3_29,ไทยภักดี,0
party_list_12_3_30,แรงงานสร้างชาติ,0
party_list_12_3_31,ประชากรไทย,0
party_list_12_3_32,ครูไทยเพื่อประชาชน,0
party_list_12_3_33,ประชาชาติ,0
party_list_12_3_34,สร้างอนาคตไทย,0
party_list_12_3_35,รักชาติ,0
party_list_12_3_36,ไทยพร้อม,0
party_list_12_3_37,ภูมิใจไทย,0
party_list_12_3_38,พลังธรรมใหม่,0
party_list_12_3_39,กรีน,0
party_list_12_3_40,ไทยธรรม,0
party_list_12_3_41,แผ่นดินธรรม,0
party_list_12_3_42,กล้าธรรม,0
party_list_12_3_43,พลังประชารัฐ,0
party_list_12_3_44,โอกาสใหม่,0
party_list_12_3_45,เป็นธรรม,0
party_list_12_3_46,ประชาชน,0
party_list_12_3_47,ประชาไทย,0
party_list_12_3_48,ไทยสร้างไทย,0
party_list_12_3_49,ไทยก้าวใหม่,0
party_list_12_3_50,ประชาอาสาชาติ,0
party_list_12_3_51,พร้อม,0
party_list_12_3_52,เครือข่ายชาวนาแห่งประเทศไทย,0
party_list_12_3_53,ไทยพิทักษ์ธรรม,0
party_list_12_3_54,ความหวังใหม่,0
party_list_12_3_55,ไทยรวมไทย,0
party_list_12_3_56,เพื่อบ้านเมือง,0
party_list_12_3_57,พลังไทยรักชาติ,0
party_list_12_4_1,ไทยทรัพย์ทวี,0
party_list_12_4_2,เพื่อชาติไทย,0
party_list_12_4_3,ใหม่,0
party_list_12_4_4,มิติใหม่,0
party_list_12_4_5,รวมใจไทย,0
party_list_12_4_6,รวมไทยสร้างชาติ,0
party_list_12_4_7,พลวัต,0
party_list_12_4_8,ประชาธิปไตยใหม่,0
party_list_12_4_9,เพื่อไทย,0
party_list_12_4_10,ทางเลือกใหม่,0
party_list_12_4_11,เศรษฐกิจ,0
party_list_12_4_12,เสรีรวมไทย,0
party_list_12_4_13,รวมพลังประชาชน,0
party_list_12_4_14,ท้องที่ไทย,0
party_list_12_4_15,อนาคตไทย,0
party_list_12_4_16,พลังเพื่อไทย,0
party_list_12_4_17,ไทยชนะ,0
party_list_12_4_18,พลังสังคมใหม่,0
party_list_12_4_19,สังคมประชาธิปไตยไทย,0
party_list_12_4_20,ฟิวชัน,0
party_list_12_4_21,ไทรวมพลัง,0
party_list_12_4_22,ก้าวอิสระ,0
party_list_12_4_23,ปวงชนไทย,0
party_list_12_4_24,วิชชั่นใหม่,0
party_list_12_4_25,เพื่อชีวิตใหม่,0
party_list_12_4_26,คลองไทย,0
party_list_12_4_27,ประชาธิปัตย์,0
party_list_12_4_28,ไทยก้าวหน้า,0
party_list_12_4_29,ไทยภักดี,0
party_list_12_4_30,แรงงานสร้างชาติ,0
party_list_12_4_31,ประชากรไทย,0
party_list_12_4_32,ครูไทยเพื่อประชาชน,0
party_list_12_4_33,ประชาชาติ,0
party_list_12_4_34,สร้างอนาคตไทย,0
party_list_12_4_35,รักชาติ,0
party_list_12_4_36,ไทยพร้อม,0
party_list_12_4_37,ภูมิใจไทย,0
party_list_12_4_38,พลังธรรมใหม่,0
party_list_12_4_39,กรีน,0
party_list_12_4_40,ไทยธรรม,0
party_list_12_4_41,แผ่นดินธรรม,0
party_list_12_4_42,กล้าธรรม,0
party_list_12_4_43,พลังประชารัฐ,0
party_list_12_4_44,โอกาสใหม่,0
party_list_12_4_45,เป็นธรรม,0
party_list_12_4_46,ประชาชน,0
party_list_12_4_47,ประชาไทย,0
party_list_12_4_48,ไทยสร้างไทย,0
party_list_12_4_49,ไทยก้าวใหม่,0
party_list_12_4_50,ประชาอาสาชาติ,0
party_list_12_4_51,พร้อม,0
party_list_12_4_52,เครือข่ายชาวนาแห่งประเทศไทย,0
party_list_12_4_53,ไทยพิทักษ์ธรรม,0
party_list_12_4_54,ความหวังใหม่,0
party_list_12_4_55,ไทยรวมไทย,0
party_list_12_4_56,เพื่อบ้านเมือง,0
party_list_12_4_57,พลังไทยรักชาติ,0
party_list_12_5_1,ไทยทรัพย์ทวี,0
party_list_12_5_2,เพื่อชาติไทย,0
party_list_12_5_3,ใหม่,0
party_list_12_5_4,มิติใหม่,0
party_list_12_5_5,รวมใจไทย,0
party_list_12_5_6,รวมไทยสร้างชาติ,0
party_list_12_5_7,พลวัต,0
party_list_12_5_8,ประชาธิปไตยใหม่,0
party_list_12_5_9,เพื่อไทย,0
party_list_12_5_10,ทางเลือกใหม่,0
party_list_12_5_11,เศรษฐกิจ,0
party_list_12_5_12,เสรีรวมไทย,0
party_list_12_5_13,รวมพลังประชาชน,0
party_list_12_5_14,ท้องที่ไทย,0
party_list_12_5_15,อนาคตไทย,0
party_list_12_5_16,พลังเพื่อไทย,0
party_list_12_5_17,ไทยชนะ,0
party_list_12_5_18,พลังสังคมใหม่,0
party_list_12_5_19,สังคมประชาธิปไตยไทย,0
party_list_12_5_20,ฟิวชัน,0
party_list_12_5_21,ไทรวมพลัง,0
party_list_12_5_22,ก้าวอิสระ,0
party_list_12_5_23,ปวงชนไทย,0
party_list_12_5_24,วิชชั่นใหม่,0
party_list_12_5_25,เพื่อชีวิตใหม่,0
party_list_12_5_26,คลองไทย,0
party_list_12_5_27,ประชาธิปัตย์,0
party_list_12_5_28,ไทยก้าวหน้า,0
party_list_12_5_29,ไทยภักดี,0
party_list_12_5_30,แรงงานสร้างชาติ,0
party_list_12_5_31,ประชากรไทย,0
party_list_12_5_32,ครูไทยเพื่อประชาชน,0
party_list_12_5_33,ประชาชาติ,0
party_list_12_5_34,สร้างอนาคตไทย,0
party_list_12_5_35,รักชาติ,0
party_list_12_5_36,ไทยพร้อม,0
party_list_12_5_37,ภูมิใจไทย,0
party_list_12_5_38,พลังธรรมใหม่,0
party_list_12_5_39,กรีน,0
party_list_12_5_40,ไทยธรรม,0
party_list_12_5_41,แผ่นดินธรรม,0
party_list_12_5_42,กล้าธรรม,0
party_list_12_5_43,พลังประชารัฐ,0
party_list_12_5_44,โอกาสใหม่,0
party_list_12_5_45,เป็นธรรม,0
party_list_12_5_46,ประชาชน,0
party_list_12_5_47,ประชาไทย,0
party_list_12_5_48,ไทยสร้างไทย,0
party_list_12_5_49,ไทยก้าวใหม่,0
party_list_12_5_50,ประชาอาสาชาติ,0
party_list_12_5_51,พร้อม,0
party_list_12_5_52,เครือข่ายชาวนาแห่งประเทศไทย,0
party_list_12_5_53,ไทยพิทักษ์ธรรม,0
party_list_12_5_54,ความหวังใหม่,0
party_list_12_5_55,ไทยรวมไทย,0
party_list_12_5_56,เพื่อบ้านเมือง,0
party_list_12_5_57,พลังไทยรักชาติ,0
party_list_12_6_1,ไทยทรัพย์ทวี,0
party_list_12_6_2,เพื่อชาติไทย,0
party_list_12_6_3,ใหม่,0
party_list_12_6_4,มิติใหม่,0
party_list_12_6_5,รวมใจไทย,0
party_list_12_6_6,รวมไทยสร้างชาติ,0
party_list_12_6_7,พลวัต,0
party_list_12_6_8,ประชาธิปไตยใหม่,0
party_list_12_6_9,เพื่อไทย,0
party_list_12_6_10,ทางเลือกใหม่,0
party_list_12_6_11,เศรษฐกิจ,0
party_list_12_6_12,เสรีรวมไทย,0
party_list_12_6_13,รวมพลังประชาชน,0
party_list_12_6_14,ท้องที่ไทย,0
party_list_12_6_15,อนาคตไทย,0
party_list_12_6_16,พลังเพื่อไทย,0
party_list_12_6_17,ไทยชนะ,0
party_list_12_6_18,พลังสังคมใหม่,0
party_list_12_6_19,สังคมประชาธิปไตยไทย,0
party_list_12_6_20,ฟิวชัน,0
party_list_12_6_21,ไทรวมพลัง,0
party_list_12_6_22,ก้าวอิสระ,0
party_list_12_6_23,ปวงชนไทย,0
party_list_12_6_24,วิชชั่นใหม่,0
party_list_12_6_25,เพื่อชีวิตใหม่,0
party_list_12_6_26,คลองไทย,0
party_list_12_6_27,ประชาธิปัตย์,0
party_list_12_6_28,ไทยก้าวหน้า,0
party_list_12_6_29,ไทยภักดี,0
party_list_12_6_30,แรงงานสร้างชาติ,0
party_list_12_6_31,ประชากรไทย,0
party_list_12_6_32,ครูไทยเพื่อประชาชน,0
party_list_12_6_33,ประชาชาติ,0
party_list_12_6_34,สร้างอนาคตไทย,0
party_list_12_6_35,รักชาติ,0
party_list_12_6_36,ไทยพร้อม,0
party_list_12_6_37,ภูมิใจไทย,0
party_list_12_6_38,พลังธรรมใหม่,0
party_list_12_6_39,กรีน,0
party_list_12_6_40,ไทยธรรม,0
party_list_12_6_41,แผ่นดินธรรม,0
party_list_12_6_42,กล้าธรรม,0
party_list_12_6_43,พลังประชารัฐ,0
party_list_12_6_44,โอกาสใหม่,0
party_list_12_6_45,เป็นธรรม,0
party_list_12_6_46,ประชาชน,0
party_list_12_6_47,ประชาไทย,0
party_list_12_6_48,ไทยสร้างไทย,0
party_list_12_6_49,ไทยก้าวใหม่,0
party_list_12_6_50,ประชาอาสาชาติ,0
party_list_12_6_51,พร้อม,0
party_list_12_6_52,เครือข่ายชาวนาแห่งประเทศไทย,0
party_list_12_6_53,ไทยพิทักษ์ธรรม,0
party_list_12_6_54,ความหวังใหม่,0
party_list_12_6_55,ไทยรวมไทย,0
party_list_12_6_56,เพื่อบ้านเมือง,0
party_list_12_6_57,พลังไทยรักชาติ,0
party_list_12_7_1,ไทยทรัพย์ทวี,0
party_list_12_7_2,เพื่อชาติไทย,0
party_list_12_7_3,ใหม่,0
party_list_12_7_4,มิติใหม่,0
party_list_12_7_5,รวมใจไทย,0
party_list_12_7_6,รวมไทยสร้างชาติ,0
party_list_12_7_7,พลวัต,0
party_list_12_7_8,ประชาธิปไตยใหม่,0
party_list_12_7_9,เพื่อไทย,0
party_list_12_7_10,ทางเลือกใหม่,0
party_list_12_7_11,เศรษฐกิจ,0
party_list_12_7_12,เสรีรวมไทย,0
party_list_12_7_13,รวมพลังประชาชน,0
party_list_12_7_14,ท้องที่ไทย,0
party_list_12_7_15,อนาคตไทย,0
party_list_12_7_16,พลังเพื่อไทย,0
party_list_12_7_17,ไทยชนะ,0
party_list_12_7_18,พลังสังคมใหม่,0
party_list_12_7_19,สังคมประชาธิปไตยไทย,0
party_list_12_7_20,ฟิวชัน,0
party_list_12_7_21,ไทรวมพลัง,0
party_list_12_7_22,ก้าวอิสระ,0
party_list_12_7_23,ปวงชนไทย,0
party_list_12_7_24,วิชชั่นใหม่,0
party_list_12_7_25,เพื่อชีวิตใหม่,0
party_list_12_7_26,คลองไทย,0
party_list_12_7_27,ประชาธิปัตย์,0
party_list_12_7_28,ไทยก้าวหน้า,0
party_list_12_7_29,ไทยภักดี,0
party_list_12_7_30,แรงงานสร้างชาติ,0
party_list_12_7_31,ประชากรไทย,0
party_list_12_7_32,ครูไทยเพื่อประชาชน,0
party_list_12_7_33,ประชาชาติ,0
party_list_12_7_34,สร้างอนาคตไทย,0
party_list_12_7_35,รักชาติ,0
party_list_12_7_36,ไทยพร้อม,0
party_list_12_7_37,ภูมิใจไทย,0
party_list_12_7_38,พลังธรรมใหม่,0
party_list_12_7_39,กรีน,0
party_list_12_7_40,ไทยธรรม,0
party_list_12_7_41,แผ่นดินธรรม,0
party_list_12_7_42,กล้าธรรม,0
party_list_12_7_43,พลังประชารัฐ,0
party_list_12_7_44,โอกาสใหม่,0
party_list_12_7_45,เป็นธรรม,0
party_list_12_7_46,ประชาชน,0
party_list_12_7_47,ประชาไทย,0
party_list_12_7_48,ไทยสร้างไทย,0
party_list_12_7_49,ไทยก้าวใหม่,0
party_list_12_7_50,ประชาอาสาชาติ,0
party_list_12_7_51,พร้อม,0
party_list_12_7_52,เครือข่ายชาวนาแห่งประเทศไทย,0
party_list_12_7_53,ไทยพิทักษ์ธรรม,0
party_list_12_7_54,ความหวังใหม่,0
party_list_12_7_55,ไทยรวมไทย,0
party_list_12_7_56,เพื่อบ้านเมือง,0
party_list_12_7_57,พลังไทยรักชาติ,0
party_list_12_8_1,ไทยทรัพย์ทวี,0
party_list_12_8_2,เพื่อชาติไทย,0
party_list_12_8_3,ใหม่,0
party_list_12_8_4,มิติใหม่,0
party_list_12_8_5,รวมใจไทย,0
party_list_12_8_6,รวมไทยสร้างชาติ,0
party_list_12_8_7,พลวัต,0
party_list_12_8_8,ประชาธิปไตยใหม่,0
party_list_12_8_9,เพื่อไทย,0
party_list_12_8_10,ทางเลือกใหม่,0
party_list_12_8_11,เศรษฐกิจ,0
party_list_12_8_12,เสรีรวมไทย,0
party_list_12_8_13,รวมพลังประชาชน,0
party_list_12_8_14,ท้องที่ไทย,0
party_list_12_8_15,อนาคตไทย,0
party_list_12_8_16,พลังเพื่อไทย,0
party_list_12_8_17,ไทยชนะ,0
party_list_12_8_18,พลังสังคมใหม่,0
party_list_12_8_19,สังคมประชาธิปไตยไทย,0
party_list_12_8_20,ฟิวชัน,0
party_list_12_8_21,ไทรวมพลัง,0
party_list_12_8_22,ก้าวอิสระ,0
party_list_12_8_23,ปวงชนไทย,0
party_list_12_8_24,วิชชั่นใหม่,0
party_list_12_8_25,เพื่อชีวิตใหม่,0
party_list_12_8_26,คลองไทย,0
party_list_12_8_27,ประชาธิปัตย์,0
party_list_12_8_28,ไทยก้าวหน้า,0
party_list_12_8_29,ไทยภักดี,0
party_list_12_8_30,แรงงานสร้างชาติ,0
party_list_12_8_31,ประชากรไทย,0
party_list_12_8_32,ครูไทยเพื่อประชาชน,0
party_list_12_8_33,ประชาชาติ,0
party_list_12_8_34,สร้างอนาคตไทย,0
party_list_12_8_35,รักชาติ,0
party_list_12_8_36,ไทยพร้อม,0
party_list_12_8_37,ภูมิใจไทย,0
party_list_12_8_38,พลังธรรมใหม่,0
party_list_12_8_39,กรีน,0
party_list_12_8_40,ไทยธรรม,0
party_list_12_8_41,แผ่นดินธรรม,0
party_list_12_8_42,กล้าธรรม,0
party_list_12_8_43,พลังประชารัฐ,0
party_list_12_8_44,โอกาสใหม่,0
party_list_12_8_45,เป็นธรรม,0
party_list_12_8_46,ประชาชน,0
party_list_12_8_47,ประชาไทย,0
party_list_12_8_48,ไทยสร้างไทย,0
party_list_12_8_49,ไทยก้าวใหม่,0
party_list_12_8_50,ประชาอาสาชาติ,0
party_list_12_8_51,พร้อม,0
party_list_12_8_52,เครือข่ายชาวนาแห่งประเทศไทย,0
party_list_12_8_53,ไทยพิทักษ์ธรรม,0
party_list_12_8_54,ความหวังใหม่,0
party_list_12_8_55,ไทยรวมไทย,0
party_list_12_8_56,เพื่อบ้านเมือง,0
party_list_12_8_57,พลังไทยรักชาติ,0
party_list_13_1_1,ไทยทรัพย์ทวี,0
party_list_13_1_2,เพื่อชาติไทย,0
party_list_13_1_3,ใหม่,0
party_list_13_1_4,มิติใหม่,0
party_list_13_1_5,รวมใจไทย,0
party_list_13_1_6,รวมไทยสร้างชาติ,0
party_list_13_1_7,พลวัต,0
party_list_13_1_8,ประชาธิปไตยใหม่,0
party_list_13_1_9,เพื่อไทย,0
party_list_13_1_10,ทางเลือกใหม่,0
party_list_13_1_11,เศรษฐกิจ,0
party_list_13_1_12,เสรีรวมไทย,0
party_list_13_1_13,รวมพลังประชาชน,0
party_list_13_1_14,ท้องที่ไทย,0
party_list_13_1_15,อนาคตไทย,0
party_list_13_1_16,พลังเพื่อไทย,0
party_list_13_1_17,ไทยชนะ,0
party_list_13_1_18,พลังสังคมใหม่,0
party_list_13_1_19,สังคมประชาธิปไตยไทย,0
party_list_13_1_20,ฟิวชัน,0
party_list_13_1_21,ไทรวมพลัง,0
party_list_13_1_22,ก้าวอิสระ,0
party_list_13_1_23,ปวงชนไทย,0
party_list_13_1_24,วิชชั่นใหม่,0
party_list_13_1_25,เพื่อชีวิตใหม่,0
party_list_13_1_26,คลองไทย,0
party_list_13_1_27,ประชาธิปัตย์,0
party_list_13_1_28,ไทยก้าวหน้า,0
party_list_13_1_29,ไทยภักดี,0
party_list_13_1_30,แรงงานสร้างชาติ,0
party_list_13_1_31,ประชากรไทย,0
party_list_13_1_32,ครูไทยเพื่อประชาชน,0
party_list_13_1_33,ประชาชาติ,0
party_list_13_1_34,สร้างอนาคตไทย,0
party_list_13_1_35,รักชาติ,0
party_list_13_1_36,ไทยพร้อม,0
party_list_13_1_37,ภูมิใจไทย,0
party_list_13_1_38,พลังธรรมใหม่,0
party_list_13_1_39,กรีน,0
party_list_13_1_40,ไทยธรรม,0
party_list_13_1_41,แผ่นดินธรรม,0
party_list_13_1_42,กล้าธรรม,0
party_list_13_1_43,พลังประชารัฐ,0
party_list_13_1_44,โอกาสใหม่,0
party_list_13_1_45,เป็นธรรม,0
party_list_13_1_46,ประชาชน,0
party_list_13_1_47,ประชาไทย,0
party_list_13_1_48,ไทยสร้างไทย,0
party_list_13_1_49,ไทยก้าวใหม่,0
party_list_13_1_50,ประชาอาสาชาติ,0
party_list_13_1_51,พร้อม,0
party_list_13_1_52,เครือข่ายชาวนาแห่งประเทศไทย,0
party_list_13_1_53,ไทยพิทักษ์ธรรม,0
party_list_13_1_54,ความหวังใหม่,0
party_list_13_1_55,ไทยรวมไทย,0
party_list_13_1_56,เพื่อบ้านเมือง,0
party_list_13_1_57,พลังไทยรักชาติ,0
party_list_13_2_1,ไทยทรัพย์ทวี,0
party_list_13_2_2,เพื่อชาติไทย,0
party_list_13_2_3,ใหม่,0
party_list_13_2_4,มิติใหม่,0
party_list_13_2_5,รวมใจไทย,0
party_list_13_2_6,รวมไทยสร้างชาติ,0
party_list_13_2_7,พลวัต,0
party_list_13_2_8,ประชาธิปไตยใหม่,0
party_list_13_2_9,เพื่อไทย,0
party_list_13_2_10,ทางเลือกใหม่,0
party_list_13_2_11,เศรษฐกิจ,0
party_list_13_2_12,เสรีรวมไทย,0
party_list_13_2_13,รวมพลังประชาชน,0
party_list_13_2_14,ท้องที่ไทย,0
party_list_13_2_15,อนาคตไทย,0
party_list_13_2_16,พลังเพื่อไทย,0
party_list_13_2_17,ไทยชนะ,0
party_list_13_2_18,พลังสังคมใหม่,0
party_list_13_2_19,สังคมประชาธิปไตยไทย,0
party_list_13_2_20,ฟิวชัน,0
party_list_13_2_21,ไทรวมพลัง,0
party_list_13_2_22,ก้าวอิสระ,0
party_list_13_2_23,ปวงชนไทย,0
party_list_13_2_24,วิชชั่นใหม่,0
party_list_13_2_25,เพื่อชีวิตใหม่,0
party_list_13_2_26,คลองไทย,0
party_list_13_2_27,ประชาธิปัตย์,0
party_list_13_2_28,ไทยก้าวหน้า,0
party_list_13_2_29,ไทยภักดี,0
party_list_13_2_30,แรงงานสร้างชาติ,0
party_list_13_2_31,ประชากรไทย,0
party_list_13_2_32,ครูไทยเพื่อประชาชน,0
party_list_13_2_33,ประชาชาติ,0
party_list_13_2_34,สร้างอนาคตไทย,0
party_list_13_2_35,รักชาติ,0
party_list_13_2_36,ไทยพร้อม,0
party_list_13_2_37,ภูมิใจไทย,0
party_list_13_2_38,พลังธรรมใหม่,0
party_list_13_2_39,กรีน,0
party_list_13_2_40,ไทยธรรม,0
party_list_13_2_41,แผ่นดินธรรม,0
party_list_13_2_42,กล้าธรรม,0
party_list_13_2_43,พลังประชารัฐ,0
party_list_13_2_44,โอกาสใหม่,0
party_list_13_2_45,เป็นธรรม,0
party_list_13_2_46,ประชาชน,0
party_list_13_2_47,ประชาไทย,0
party_list_13_2_48,ไทยสร้างไทย,0
party_list_13_2_49,ไทยก้าวใหม่,0
party_list_13_2_50,ประชาอาสาชาติ,0
party_list_13_2_51,พร้อม,0
party_list_13_2_52,เครือข่ายชาวนาแห่งประเทศไทย,0
party_list_13_2_53,ไทยพิทักษ์ธรรม,0
party_list_13_2_54,ความหวังใหม่,0
party_list_13_2_55,ไทยรวมไทย,0
party_list_13_2_56,เพื่อบ้านเมือง,0
party_list_13_2_57,พลังไทยรักชาติ,0
party_list_13_3_1,ไทยทรัพย์ทวี,0
party_list_13_3_2,เพื่อชาติไทย,0
party_list_13_3_3,ใหม่,0
party_list_13_3_4,มิติใหม่,0
party_list_13_3_5,รวมใจไทย,0
party_list_13_3_6,รวมไทยสร้างชาติ,0
party_list_13_3_7,พลวัต,0
party_list_13_3_8,ประชาธิปไตยใหม่,0
party_list_13_3_9,เพื่อไทย,0
party_list_13_3_10,ทางเลือกใหม่,0
party_list_13_3_11,เศรษฐกิจ,0
party_list_13_3_12,เสรีรวมไทย,0
party_list_13_3_13,รวมพลังประชาชน,0
party_list_13_3_14,ท้องที่ไทย,0
party_list_13_3_15,อนาคตไทย,0
party_list_13_3_16,พลังเพื่อไทย,0
party_list_13_3_17,ไทยชนะ,0
party_list_13_3_18,พลังสังคมใหม่,0
party_list_13_3_19,สังคมประชาธิปไตยไทย,0
party_list_13_3_20,ฟิวชัน,0
party_list_13_3_21,ไทรวมพลัง,0
party_list_13_3_22,ก้าวอิสระ,0
party_list_13_3_23,ปวงชนไทย,0
party_list_13_3_24,วิชชั่นใหม่,0
party_list_13_3_25,เพื่อชีวิตใหม่,0
party_list_13_3_26,คลองไทย,0
party_list_13_3_27,ประชาธิปัตย์,0
party_list_13_3_28,ไทยก้าวหน้า,0
party_list_13_3_29,ไทยภักดี,0
party_list_13_3_30,แรงงานสร้างชาติ,0
party_list_13_3_31,ประชากรไทย,0
party_list_13_3_32,ครูไทยเพื่อประชาชน,0
party_list_13_3_33,ประชาชาติ,0
party_list_13_3_34,สร้างอนาคตไทย,0
party_list_13_3_35,รักชาติ,0
party_list_13_3_36,ไทยพร้อม,0
party_list_13_3_37,ภูมิใจไทย,0
party_list_13_3_38,พลังธรรมใหม่,0
party_list_13_3_39,กรีน,0
party_list_13_3_40,ไทยธรรม,0
party_list_13_3_41,แผ่นดินธรรม,0
party_list_13_3_42,กล้าธรรม,0
party_list_13_3_43,พลังประชารัฐ,0
party_list_13_3_44,โอกาสใหม่,0
party_list_13_3_45,เป็นธรรม,0
party_list_13_3_46,ประชาชน,0
party_list_13_3_47,ประชาไทย,0
party_list_13_3_48,ไทยสร้างไทย,0
party_list_13_3_49,ไทยก้าวใหม่,0
party_list_13_3_50,ประชาอาสาชาติ,0
party_list_13_3_51,พร้อม,0
party_list_13_3_52,เครือข่ายชาวนาแห่งประเทศไทย,0
party_list_13_3_53,ไทยพิทักษ์ธรรม,0
party_list_13_3_54,ความหวังใหม่,0
party_list_13_3_55,ไทยรวมไทย,0
party_list_13_3_56,เพื่อบ้านเมือง,0
party_list_13_3_57,พลังไทยรักชาติ,0
party_list_13_3_58,พลังไทยรักชาติ,0
party_list_13_4_1,ไทยทรัพย์ทวี,0
party_list_13_4_2,เพื่อชาติไทย,0
party_list_13_4_3,ใหม่,0
party_list_13_4_4,มิติใหม่,0
party_list_13_4_5,รวมใจไทย,0
party_list_13_4_6,รวมไทยสร้างชาติ,0
party_list_13_4_7,พลวัต,0
party_list_13_4_8,ประชาธิปไตยใหม่,0
party_list_13_4_9,เพื่อไทย,0
party_list_13_4_10,ทางเลือกใหม่,0
party_list_13_4_11,เศรษฐกิจ,0
party_list_13_4_12,เสรีรวมไทย,0
party_list_13_4_13,รวมพลังประชาชน,0
party_list_13_4_14,ท้องที่ไทย,0
party_list_13_4_15,อนาคตไทย,0
party_list_13_4_16,พลังเพื่อไทย,0
party_list_13_4_17,ไทยชนะ,0
party_list_13_4_18,พลังสังคมใหม่,0
party_list_13_4_19,สังคมประชาธิปไตยไทย,0
party_list_13_4_20,ฟิวชัน,0
party_list_13_4_21,ไทรวมพลัง,0
party_list_13_4_22,ก้าวอิสระ,0
party_list_13_4_23,ปวงชนไทย,0
party_list_13_4_24,วิชชั่นใหม่,0
party_list_13_4_25,เพื่อชีวิตใหม่,0
party_list_13_4_26,คลองไทย,0
party_list_13_4_27,ประชาธิปัตย์,0
party_list_13_4_28,ไทยก้าวหน้า,0
party_list_13_4_29,ไทยภักดี,0
party_list_13_4_30,แรงงานสร้างชาติ,0
party_list_13_4_31,ประชากรไทย,0
party_list_13_4_32,ครูไทยเพื่อประชาชน,0
party_list_13_4_33,ประชาชาติ,0
party_list_13_4_34,สร้างอนาคตไทย,0
party_list_13_4_35,รักชาติ,0
party_list_13_4_36,ไทยพร้อม,0
party_list_13_4_37,ภูมิใจไทย,0
party_list_13_4_38,พลังธรรมใหม่,0
party_list_13_4_39,กรีน,0
party_list_13_4_40,ไทยธรรม,0
party_list_13_4_41,แผ่นดินธรรม,0
party_list_13_4_42,กล้าธรรม,0
party_list_13_4_43,พลังประชารัฐ,0
party_list_13_4_44,โอกาสใหม่,0
party_list_13_4_45,เป็นธรรม,0
party_list_13_4_46,ประชาชน,0
party_list_13_4_47,ประชาไทย,0
party_list_13_4_48,ไทยสร้างไทย,0
party_list_13_4_49,ไทยก้าวใหม่,0
party_list_13_4_50,ประชาอาสาชาติ,0
party_list_13_4_51,พร้อม,0
party_list_13_4_52,เครือข่ายชาวนาแห่งประเทศไทย,0
party_list_13_4_53,ไทยพิทักษ์ธรรม,0
party_list_13_4_54,ความหวังใหม่,0
party_list_13_4_55,ไทยรวมไทย,0
party_list_13_4_56,เพื่อบ้านเมือง,0
party_list_13_4_57,พลังไทยรักชาติ,0
party_list_13_5_1,ไทยทรัพย์ทวี,0
party_list_13_5_2,เพื่อชาติไทย,0
party_list_13_5_3,ใหม่,0
party_list_13_5_4,มิติใหม่,0
party_list_13_5_5,รวมใจไทย,0
party_list_13_5_6,รวมไทยสร้างชาติ,0
party_list_13_5_7,พลวัต,0
party_list_13_5_8,ประชาธิปไตยใหม่,0
party_list_13_5_9,เพื่อไทย,0
party_list_13_5_10,ทางเลือกใหม่,0
party_list_13_5_11,เศรษฐกิจ,0
party_list_13_5_12,เสรีรวมไทย,0
party_list_13_5_13,รวมพลังประชาชน,0
party_list_13_5_14,ท้องที่ไทย,0
party_list_13_5_15,อนาคตไทย,0
party_list_13_5_16,พลังเพื่อไทย,0
party_list_13_5_17,ไทยชนะ,0
party_list_13_5_18,พลังสังคมใหม่,0
party_list_13_5_19,สังคมประชาธิปไตยไทย,0
party_list_13_5_20,ฟิวชัน,0
party_list_13_5_21,ไทรวมพลัง,0
party_list_13_5_22,ก้าวอิสระ,0
party_list_13_5_23,ปวงชนไทย,0
party_list_13_5_24,วิชชั่นใหม่,0
party_list_13_5_25,เพื่อชีวิตใหม่,0
party_list_13_5_26,คลองไทย,0
party_list_13_5_27,ประชาธิปัตย์,0
party_list_13_5_28,ไทยก้าวหน้า,0
party_list_13_5_29,ไทยภักดี,0
party_list_13_5_30,แรงงานสร้างชาติ,0
party_list_13_5_31,ประชากรไทย,0
party_list_13_5_32,ครูไทยเพื่อประชาชน,0
party_list_13_5_33,ประชาชาติ,0
party_list_13_5_34,สร้างอนาคตไทย,0
party_list_13_5_35,รักชาติ,0
party_list_13_5_36,ไทยพร้อม,0
party_list_13_5_37,ภูมิใจไทย,0
party_list_13_5_38,พลังธรรมใหม่,0
party_list_13_5_39,กรีน,0
party_list_13_5_40,ไทยธรรม,0
party_list_13_5_41,แผ่นดินธรรม,0
party_list_13_5_42,กล้าธรรม,0
party_list_13_5_43,พลังประชารัฐ,0
party_list_13_5_44,โอกาสใหม่,0
party_list_13_5_45,เป็นธรรม,0
party_list_13_5_46,ประชาชน,0
party_list_13_5_47,ประชาไทย,0
party_list_13_5_48,ไทยสร้างไทย,0
party_list_13_5_49,ไทยก้าวใหม่,0
party_list_13_5_50,ประชาอาสาชาติ,0
party_list_13_5_51,พร้อม,0
party_list_13_5_52,เครือข่ายชาวนาแห่งประเทศไทย,0
party_list_13_5_53,ไทยพิทักษ์ธรรม,0
party_list_13_5_54,ความหวังใหม่,0
party_list_13_5_55,ไทยรวมไทย,0
party_list_13_5_56,เพื่อบ้านเมือง,0
party_list_13_5_57,พลังไทยรักชาติ,0
party_list_13_6_1,ไทยทรัพย์ทวี,0
party_list_13_6_2,เพื่อชาติไทย,0
party_list_13_6_3,ใหม่,0
party_list_13_6_4,มิติใหม่,0
party_list_13_6_5,รวมใจไทย,0
party_list_13_6_6,รวมไทยสร้างชาติ,0
party_list_13_6_7,พลวัต,0
party_list_13_6_8,ประชาธิปไตยใหม่,0
party_list_13_6_9,เพื่อไทย,0
party_list_13_6_10,ทางเลือกใหม่,0
party_list_13_6_11,เศรษฐกิจ,0
party_list_13_6_12,เสรีรวมไทย,0
party_list_13_6_13,รวมพลังประชาชน,0
party_list_13_6_14,ท้องที่ไทย,0
party_list_13_6_15,อนาคตไทย,0
party_list_13_6_16,พลังเพื่อไทย,0
party_list_13_6_17,ไทยชนะ,0
party_list_13_6_18,พลังสังคมใหม่,0
party_list_13_6_19,สังคมประชาธิปไตยไทย,0
party_list_13_6_20,ฟิวชัน,0
party_list_13_6_21,ไทรวมพลัง,0
party_list_13_6_22,ก้าวอิสระ,0
party_list_13_6_23,ปวงชนไทย,0
party_list_13_6_24,วิชชั่นใหม่,0
party_list_13_6_25,เพื่อชีวิตใหม่,0
party_list_13_6_26,คลองไทย,0
party_list_13_6_27,ประชาธิปัตย์,0
party_list_13_6_28,ไทยก้าวหน้า,0
party_list_13_6_29,ไทยภักดี,0
party_list_13_6_30,แรงงานสร้างชาติ,0
party_list_13_6_31,ประชากรไทย,0
party_list_13_6_32,ครูไทยเพื่อประชาชน,0
party_list_13_6_33,ประชาชาติ,0
party_list_13_6_34,สร้างอนาคตไทย,0
party_list_13_6_35,รักชาติ,0
party_list_13_6_36,ไทยพร้อม,0
party_list_13_6_37,ภูมิใจไทย,0
party_list_13_6_38,พลังธรรมใหม่,0
party_list_13_6_39,กรีน,0
party_list_13_6_40,ไทยธรรม,0
party_list_13_6_41,แผ่นดินธรรม,0
party_list_13_6_42,กล้าธรรม,0
party_list_13_6_43,พลังประชารัฐ,0
party_list_13_6_44,โอกาสใหม่,0
party_list_13_6_45,เป็นธรรม,0
party_list_13_6_46,ประชาชน,0
party_list_13_6_47,ประชาไทย,0
party_list_13_6_48,ไทยสร้างไทย,0
party_list_13_6_49,ไทยก้าวใหม่,0
party_list_13_6_50,ประชาอาสาชาติ,0
party_list_13_6_51,พร้อม,0
party_list_13_6_52,เครือข่ายชาวนาแห่งประเทศไทย,0
party_list_13_6_53,ไทยพิทักษ์ธรรม,0
party_list_13_6_54,ความหวังใหม่,0
party_list_13_6_55,ไทยรวมไทย,0
party_list_13_6_56,เพื่อบ้านเมือง,0
party_list_13_6_57,พลังไทยรักชาติ,0
party_list_13_7_1,ไทยทรัพย์ทวี,0
party_list_13_7_2,เพื่อชาติไทย,0
party_list_13_7_3,ใหม่,0
party_list_13_7_4,มิติใหม่,0
party_list_13_7_5,รวมใจไทย,0
party_list_13_7_6,รวมไทยสร้างชาติ,0
party_list_13_7_7,พลวัต,0
party_list_13_7_8,ประชาธิปไตยใหม่,0
party_list_13_7_9,เพื่อไทย,0
party_list_13_7_10,ทางเลือกใหม่,0
party_list_13_7_11,เศรษฐกิจ,0
party_list_13_7_12,เสรีรวมไทย,0
party_list_13_7_13,รวมพลังประชาชน,0
party_list_13_7_14,ท้องที่ไทย,0
party_list_13_7_15,อนาคตไทย,0
party_list_13_7_16,พลังเพื่อไทย,0
party_list_13_7_17,ไทยชนะ,0
party_list_13_7_18,พลังสังคมใหม่,0
party_list_13_7_19,สังคมประชาธิปไตยไทย,0
party_list_13_7_20,ฟิวชัน,0
party_list_13_7_21,ไทรวมพลัง,0
party_list_13_7_22,ก้าวอิสระ,0
party_list_13_7_23,ปวงชนไทย,0
party_list_13_7_24,วิชชั่นใหม่,0
party_list_13_7_25,เพื่อชีวิตใหม่,0
party_list_13_7_26,คลองไทย,0
party_list_13_7_27,ประชาธิปัตย์,0
party_list_13_7_28,ไทยก้าวหน้า,0
party_list_13_7_29,ไทยภักดี,0
party_list_13_7_30,แรงงานสร้างชาติ,0
party_list_13_7_31,ประชากรไทย,0
party_list_13_7_32,ครูไทยเพื่อประชาชน,0
party_list_13_7_33,ประชาชาติ,0
party_list_13_7_34,สร้างอนาคตไทย,0
party_list_13_7_35,รักชาติ,0
party_list_13_7_36,ไทยพร้อม,0
party_list_13_7_37,ภูมิใจไทย,0
party_list_13_7_38,พลังธรรมใหม่,0
party_list_13_7_39,กรีน,0
party_list_13_7_40,ไทยธรรม,0
party_list_13_7_41,แผ่นดินธรรม,0
party_list_13_7_42,กล้าธรรม,0
party_list_13_7_43,พลังประชารัฐ,0
party_list_13_7_44,โอกาสใหม่,0
party_list_13_7_45,เป็นธรรม,0
party_list_13_7_46,ประชาชน,0
party_list_13_7_47,ประชาไทย,0
party_list_13_7_48,ไทยสร้างไทย,0
party_list_13_7_49,ไทยก้าวใหม่,0
party_list_13_7_50,ประชาอาสาชาติ,0
party_list_13_7_51,พร้อม,0
party_list_13_7_52,เครือข่ายชาวนาแห่งประเทศไทย,0
party_list_13_7_53,ไทยพิทักษ์ธรรม,0
party_list_13_7_54,ความหวังใหม่,0
party_list_13_7_55,ไทยรวมไทย,0
party_list_13_7_56,เพื่อบ้านเมือง,0
party_list_13_7_57,พลังไทยรักชาติ,0
party_list_13_8_1,ไทยทรัพย์ทวี,0
party_list_13_8_2,เพื่อชาติไทย,0
party_list_13_8_3,ใหม่,0
party_list_13_8_4,มิติใหม่,0
party_list_13_8_5,รวมใจไทย,0
party_list_13_8_6,รวมไทยสร้างชาติ,0
party_list_13_8_7,พลวัต,0
party_list_13_8_8,ประชาธิปไตยใหม่,0
party_list_13_8_9,เพื่อไทย,0
party_list_13_8_10,ทางเลือกใหม่,0
party_list_13_8_11,เศรษฐกิจ,0
party_list_13_8_12,เสรีรวมไทย,0
party_list_13_8_13,รวมพลังประชาชน,0
party_list_13_8_14,ท้องที่ไทย,0
party_list_13_8_15,อนาคตไทย,0
party_list_13_8_16,พลังเพื่อไทย,0
party_list_13_8_17,ไทยชนะ,0
party_list_13_8_18,พลังสังคมใหม่,0
party_list_13_8_19,สังคมประชาธิปไตยไทย,0
party_list_13_8_20,ฟิวชัน,0
party_list_13_8_21,ไทรวมพลัง,0
party_list_13_8_22,ก้าวอิสระ,0
party_list_13_8_23,ปวงชนไทย,0
party_list_13_8_24,วิชชั่นใหม่,0
party_list_13_8_25,เพื่อชีวิตใหม่,0
party_list_13_8_26,คลองไทย,0
party_list_13_8_27,ประชาธิปัตย์,0
party_list_13_8_28,ไทยก้าวหน้า,0
party_list_13_8_29,ไทยภักดี,0
party_list_13_8_30,แรงงานสร้างชาติ,0
party_list_13_8_31,ประชากรไทย,0
party_list_13_8_32,ครูไทยเพื่อประชาชน,0
party_list_13_8_33,ประชาชาติ,0
party_list_13_8_34,สร้างอนาคตไทย,0
party_list_13_8_35,รักชาติ,0
party_list_13_8_36,ไทยพร้อม,0
party_list_13_8_37,ภูมิใจไทย,0
party_list_13_8_38,พลังธรรมใหม่,0
party_list_13_8_39,กรีน,0
party_list_13_8_40,ไทยธรรม,0
party_list_13_8_41,แผ่นดินธรรม,0
party_list_13_8_42,กล้าธรรม,0
party_list_13_8_43,พลังประชารัฐ,0
party_list_13_8_44,โอกาสใหม่,0
party_list_13_8_45,เป็นธรรม,0
party_list_13_8_46,ประชาชน,0
party_list_13_8_47,ประชาไทย,0
party_list_13_8_48,ไทยสร้างไทย,0
party_list_13_8_49,ไทยก้าวใหม่,0
party_list_13_8_50,ประชาอาสาชาติ,0
party_list_13_8_51,พร้อม,0
party_list_13_8_52,เครือข่ายชาวนาแห่งประเทศไทย,0
party_list_13_8_53,ไทยพิทักษ์ธรรม,0
party_list_13_8_54,ความหวังใหม่,0
party_list_13_8_55,ไทยรวมไทย,0
party_list_13_8_56,เพื่อบ้านเมือง,0
party_list_13_8_57,พลังไทยรักชาติ,0
party_list_14_1_1,ไทยทรัพย์ทวี,0
party_list_14_1_2,เพื่อชาติไทย,0
party_list_14_1_3,ใหม่,0
party_list_14_1_4,มิติใหม่,0
party_list_14_1_5,รวมใจไทย,0
party_list_14_1_6,รวมไทยสร้างชาติ,0
party_list_14_1_7,พลวัต,0
party_list_14_1_8,ประชาธิปไตยใหม่,0
party_list_14_1_9,เพื่อไทย,0
party_list_14_1_10,ทางเลือกใหม่,0
party_list_14_1_11,เศรษฐกิจ,0
party_list_14_1_12,เสรีรวมไทย,0
party_list_14_1_13,รวมพลังประชาชน,0
party_list_14_1_14,ท้องที่ไทย,0
party_list_14_1_15,อนาคตไทย,0
party_list_14_1_16,พลังเพื่อไทย,0
party_list_14_1_17,ไทยชนะ,0
party_list_14_1_18,พลังสังคมใหม่,0
party_list_14_1_19,สังคมประชาธิปไตยไทย,0
party_list_14_1_20,ฟิวชัน,0
party_list_14_1_21,ไทรวมพลัง,0
party_list_14_1_22,ก้าวอิสระ,0
party_list_14_1_23,ปวงชนไทย,0
party_list_14_1_24,วิชชั่นใหม่,0
party_list_14_1_25,เพื่อชีวิตใหม่,0
party_list_14_1_26,คลองไทย,0
party_list_14_1_27,ประชาธิปัตย์,0
party_list_14_1_28,ไทยก้าวหน้า,0
party_list_14_1_29,ไทยภักดี,0
party_list_14_1_30,แรงงานสร้างชาติ,0
party_list_14_1_31,ประชากรไทย,0
party_list_14_1_32,ครูไทยเพื่อประชาชน,0
party_list_14_1_33,ประชาชาติ,0
party_list_14_1_34,สร้างอนาคตไทย,0
party_list_14_1_35,รักชาติ,0
party_list_14_1_36,ไทยพร้อม,0
party_list_14_1_37,ภูมิใจไทย,0
party_list_14_1_38,พลังธรรมใหม่,0
party_list_14_1_39,กรีน,0
party_list_14_1_40,ไทยธรรม,0
party_list_14_1_41,แผ่นดินธรรม,0
party_list_14_1_42,กล้าธรรม,0
party_list_14_1_43,พลังประชารัฐ,0
party_list_14_1_44,โอกาสใหม่,0
party_list_14_1_45,เป็นธรรม,0
party_list_14_1_46,ประชาชน,0
party_list_14_1_47,ประชาไทย,0
party_list_14_1_48,ไทยสร้างไทย,0
party_list_14_1_49,ไทยก้าวใหม่,0
party_list_14_1_50,ประชาอาสาชาติ,0
party_list_14_1_51,พร้อม,0
party_list_14_1_52,เครือข่ายชาวนาแห่งประเทศไทย,0
party_list_14_1_53,ไทยพิทักษ์ธรรม,0
party_list_14_1_54,ความหวังใหม่,0
party_list_14_1_55,ไทยรวมไทย,0
party_list_14_1_56,เพื่อบ้านเมือง,0
party_list_14_1_57,พลังไทยรักชาติ,0
party_list_14_2_1,ไทยทรัพย์ทวี,0
party_list_14_2_2,เพื่อชาติไทย,0
party_list_14_2_3,ใหม่,0
party_list_14_2_4,มิติใหม่,0
party_list_14_2_5,รวมใจไทย,0
party_list_14_2_6,รวมไทยสร้างชาติ,0
party_list_14_2_7,พลวัต,0
party_list_14_2_8,ประชาธิปไตยใหม่,0
party_list_14_2_9,เพื่อไทย,0
party_list_14_2_10,ทางเลือกใหม่,0
party_list_14_2_11,เศรษฐกิจ,0
party_list_14_2_12,เสรีรวมไทย,0
party_list_14_2_13,รวมพลังประชาชน,0
party_list_14_2_14,ท้องที่ไทย,0
party_list_14_2_15,อนาคตไทย,0
party_list_14_2_16,พลังเพื่อไทย,0
party_list_14_2_17,ไทยชนะ,0
party_list_14_2_18,พลังสังคมใหม่,0
party_list_14_2_19,สังคมประชาธิปไตยไทย,0
party_list_14_2_20,ฟิวชัน,0
party_list_14_2_21,ไทรวมพลัง,0
party_list_14_2_22,ก้าวอิสระ,0
party_list_14_2_23,ปวงชนไทย,0
party_list_14_2_24,วิชชั่นใหม่,0
party_list_14_2_25,เพื่อชีวิตใหม่,0
party_list_14_2_26,คลองไทย,0
party_list_14_2_27,ประชาธิปัตย์,0
party_list_14_2_28,ไทยก้าวหน้า,0
party_list_14_2_29,ไทยภักดี,0
party_list_14_2_30,แรงงานสร้างชาติ,0
party_list_14_2_31,ประชากรไทย,0
party_list_14_2_32,ครูไทยเพื่อประชาชน,0
party_list_14_2_33,ประชาชาติ,0
party_list_14_2_34,สร้างอนาคตไทย,0
party_list_14_2_35,รักชาติ,0
party_list_14_2_36,ไทยพร้อม,0
party_list_14_2_37,ภูมิใจไทย,0
party_list_14_2_38,พลังธรรมใหม่,0
party_list_14_2_39,กรีน,0
party_list_14_2_40,ไทยธรรม,0
party_list_14_2_41,แผ่นดินธรรม,0
party_list_14_2_42,กล้าธรรม,0
party_list_14_2_43,พลังประชารัฐ,0
party_list_14_2_44,โอกาสใหม่,0
party_list_14_2_45,เป็นธรรม,0
party_list_14_2_46,ประชาชน,0
party_list_14_2_47,ประชาไทย,0
party_list_14_2_48,ไทยสร้างไทย,0
party_list_14_2_49,ไทยก้าวใหม่,0
party_list_14_2_50,ประชาอาสาชาติ,0
party_list_14_2_51,พร้อม,0
party_list_14_2_52,เครือข่ายชาวนาแห่งประเทศไทย,0
party_list_14_2_53,ไทยพิทักษ์ธรรม,0
party_list_14_2_54,ความหวังใหม่,0
party_list_14_2_55,ไทยรวมไทย,0
party_list_14_2_56,เพื่อบ้านเมือง,0
party_list_14_2_57,พลังไทยรักชาติ,0
party_list_14_3_1,ไทยทรัพย์ทวี,0
party_list_14_3_2,เพื่อชาติไทย,0
party_list_14_3_3,ใหม่,0
party_list_14_3_4,มิติใหม่,0
party_list_14_3_5,รวมใจไทย,0
party_list_14_3_6,รวมไทยสร้างชาติ,0
party_list_14_3_7,พลวัต,0
party_list_14_3_8,ประชาธิปไตยใหม่,0
party_list_14_3_9,เพื่อไทย,0
party_list_14_3_10,ทางเลือกใหม่,0
party_list_14_3_11,เศรษฐกิจ,0
party_list_14_3_12,เสรีรวมไทย,0
party_list_14_3_13,รวมพลังประชาชน,0
party_list_14_3_14,ท้องที่ไทย,0
party_list_14_3_15,อนาคตไทย,0
party_list_14_3_16,พลังเพื่อไทย,0
party_list_14_3_17,ไทยชนะ,0
party_list_14_3_18,พลังสังคมใหม่,0
party_list_14_3_19,สังคมประชาธิปไตยไทย,0
party_list_14_3_20,ฟิวชัน,0
party_list_14_3_21,ไทรวมพลัง,0
party_list_14_3_22,ก้าวอิสระ,0
party_list_14_3_23,ปวงชนไทย,0
party_list_14_3_24,วิชชั่นใหม่,0
party_list_14_3_25,เพื่อชีวิตใหม่,0
party_list_14_3_26,คลองไทย,0
party_list_14_3_27,ประชาธิปัตย์,0
party_list_14_3_28,ไทยก้าวหน้า,0
party_list_14_3_29,ไทยภักดี,0
party_list_14_3_30,แรงงานสร้างชาติ,0
party_list_14_3_31,ประชากรไทย,0
party_list_14_3_32,ครูไทยเพื่อประชาชน,0
party_list_14_3_33,ประชาชาติ,0
party_list_14_3_34,สร้างอนาคตไทย,0
party_list_14_3_35,รักชาติ,0
party_list_14_3_36,ไทยพร้อม,0
party_list_14_3_37,ภูมิใจไทย,0
party_list_14_3_38,พลังธรรมใหม่,0
party_list_14_3_39,กรีน,0
party_list_14_3_40,ไทยธรรม,0
party_list_14_3_41,แผ่นดินธรรม,0
party_list_14_3_42,กล้าธรรม,0
party_list_14_3_43,พลังประชารัฐ,0
party_list_14_3_44,โอกาสใหม่,0
party_list_14_3_45,เป็นธรรม,0
party_list_14_3_46,ประชาชน,0
party_list_14_3_47,ประชาไทย,0
party_list_14_3_48,ไทยสร้างไทย,0
party_list_14_3_49,ไทยก้าวใหม่,0
party_list_14_3_50,ประชาอาสาชาติ,0
party_list_14_3_51,พร้อม,0
party_list_14_3_52,เครือข่ายชาวนาแห่งประเทศไทย,0
party_list_14_3_53,ไทยพิทักษ์ธรรม,0
party_list_14_3_54,ความหวังใหม่,0
party_list_14_3_55,ไทยรวมไทย,0
party_list_14_3_56,เพื่อบ้านเมือง,0
party_list_14_3_57,พลังไทยรักชาติ,0
party_list_14_4_1,ไทยทรัพย์ทวี,0
party_list_14_4_2,เพื่อชาติไทย,0
party_list_14_4_3,ใหม่,0
party_list_14_4_4,มิติใหม่,0
party_list_14_4_5,รวมใจไทย,0
party_list_14_4_6,รวมไทยสร้างชาติ,0
party_list_14_4_7,พลวัต,0
party_list_14_4_8,ประชาธิปไตยใหม่,0
party_list_14_4_9,เพื่อไทย,0
party_list_14_4_10,ทางเลือกใหม่,0
party_list_14_4_11,เศรษฐกิจ,0
party_list_14_4_12,เสรีรวมไทย,0
party_list_14_4_13,รวมพลังประชาชน,0
party_list_14_4_14,ท้องที่ไทย,0
party_list_14_4_15,อนาคตไทย,0
party_list_14_4_16,พลังเพื่อไทย,0
party_list_14_4_17,ไทยชนะ,0
party_list_14_4_18,พลังสังคมใหม่,0
party_list_14_4_19,สังคมประชาธิปไตยไทย,0
party_list_14_4_20,ฟิวชัน,0
party_list_14_4_21,ไทรวมพลัง,0
party_list_14_4_22,ก้าวอิสระ,0
party_list_14_4_23,ปวงชนไทย,0
party_list_14_4_24,วิชชั่นใหม่,0
party_list_14_4_25,เพื่อชีวิตใหม่,0
party_list_14_4_26,คลองไทย,0
party_list_14_4_27,ประชาธิปัตย์,0
party_list_14_4_28,ไทยก้าวหน้า,0
party_list_14_4_29,ไทยภักดี,0
party_list_14_4_30,แรงงานสร้างชาติ,0
party_list_14_4_31,ประชากรไทย,0
party_list_14_4_32,ครูไทยเพื่อประชาชน,0
party_list_14_4_33,ประชาชาติ,0
party_list_14_4_34,สร้างอนาคตไทย,0
party_list_14_4_35,รักชาติ,0
party_list_14_4_36,ไทยพร้อม,0
party_list_14_4_37,ภูมิใจไทย,0
party_list_14_4_38,พลังธรรมใหม่,0
party_list_14_4_39,กรีน,0
party_list_14_4_40,ไทยธรรม,0
party_list_14_4_41,แผ่นดินธรรม,0
party_list_14_4_42,กล้าธรรม,0
party_list_14_4_43,พลังประชารัฐ,0
party_list_14_4_44,โอกาสใหม่,0
party_list_14_4_45,เป็นธรรม,0
party_list_14_4_46,ประชาชน,0
party_list_14_4_47,ประชาไทย,0
party_list_14_4_48,ไทยสร้างไทย,0
party_list_14_4_49,ไทยก้าวใหม่,0
party_list_14_4_50,ประชาอาสาชาติ,0
party_list_14_4_51,พร้อม,0
party_list_14_4_52,เครือข่ายชาวนาแห่งประเทศไทย,0
party_list_14_4_53,ไทยพิทักษ์ธรรม,0
party_list_14_4_54,ความหวังใหม่,0
party_list_14_4_55,ไทยรวมไทย,0
party_list_14_4_56,เพื่อบ้านเมือง,0
party_list_14_4_57,พลังไทยรักชาติ,0
party_list_14_5_1,ไทยทรัพย์ทวี,0
party_list_14_5_2,เพื่อชาติไทย,0
party_list_14_5_3,ใหม่,0
party_list_14_5_4,มิติใหม่,0
party_list_14_5_5,รวมใจไทย,0
party_list_14_5_6,รวมไทยสร้างชาติ,0
party_list_14_5_7,พลวัต,0
party_list_14_5_8,ประชาธิปไตยใหม่,0
party_list_14_5_9,เพื่อไทย,0
party_list_14_5_10,ทางเลือกใหม่,0
party_list_14_5_11,เศรษฐกิจ,0
party_list_14_5_12,เสรีรวมไทย,0
party_list_14_5_13,รวมพลังประชาชน,0
party_list_14_5_14,ท้องที่ไทย,0
party_list_14_5_15,อนาคตไทย,0
party_list_14_5_16,พลังเพื่อไทย,0
party_list_14_5_17,ไทยชนะ,0
party_list_14_5_18,พลังสังคมใหม่,0
party_list_14_5_19,สังคมประชาธิปไตยไทย,0
party_list_14_5_20,ฟิวชัน,0
party_list_14_5_21,ไทรวมพลัง,0
party_list_14_5_22,ก้าวอิสระ,0
party_list_14_5_23,ปวงชนไทย,0
party_list_14_5_24,วิชชั่นใหม่,0
party_list_14_5_25,เพื่อชีวิตใหม่,0
party_list_14_5_26,คลองไทย,0
party_list_14_5_27,ประชาธิปัตย์,0
party_list_14_5_28,ไทยก้าวหน้า,0
party_list_14_5_29,ไทยภักดี,0
party_list_14_5_30,แรงงานสร้างชาติ,0
party_list_14_5_31,ประชากรไทย,0
party_list_14_5_32,ครูไทยเพื่อประชาชน,0
party_list_14_5_33,ประชาชาติ,0
party_list_14_5_34,สร้างอนาคตไทย,0
party_list_14_5_35,รักชาติ,0
party_list_14_5_36,ไทยพร้อม,0
party_list_14_5_37,ภูมิใจไทย,0
party_list_14_5_38,พลังธรรมใหม่,0
party_list_14_5_39,กรีน,0
party_list_14_5_40,ไทยธรรม,0
party_list_14_5_41,แผ่นดินธรรม,0
party_list_14_5_42,กล้าธรรม,0
party_list_14_5_43,พลังประชารัฐ,0
party_list_14_5_44,โอกาสใหม่,0
party_list_14_5_45,เป็นธรรม,0
party_list_14_5_46,ประชาชน,0
party_list_14_5_47,ประชาไทย,0
party_list_14_5_48,ไทยสร้างไทย,0
party_list_14_5_49,ไทยก้าวใหม่,0
party_list_14_5_50,ประชาอาสาชาติ,0
party_list_14_5_51,พร้อม,0
party_list_14_5_52,เครือข่ายชาวนาแห่งประเทศไทย,0
party_list_14_5_53,ไทยพิทักษ์ธรรม,0
party_list_14_5_54,ความหวังใหม่,0
party_list_14_5_55,ไทยรวมไทย,0
party_list_14_5_56,เพื่อบ้านเมือง,0
party_list_14_5_57,พลังไทยรักชาติ,0
party_list_15_1_1,ไทยทรัพย์ทวี,0
party_list_15_1_2,เพื่อชาติไทย,0
party_list_15_1_3,ใหม่,0
party_list_15_1_4,มิติใหม่,0
party_list_15_1_5,รวมใจไทย,0
party_list_15_1_6,รวมไทยสร้างชาติ,0
party_list_15_1_7,พลวัต,0
party_list_15_1_8,ประชาธิปไตยใหม่,0
party_list_15_1_9,เพื่อไทย,0
party_list_15_1_10,ทางเลือกใหม่,0
party_list_15_1_11,เศรษฐกิจ,0
party_list_15_1_12,เสรีรวมไทย,0
party_list_15_1_13,รวมพลังประชาชน,0
party_list_15_1_14,ท้องที่ไทย,0
party_list_15_1_15,อนาคตไทย,0
party_list_15_1_16,พลังเพื่อไทย,0
party_list_15_1_17,ไทยชนะ,0
party_list_15_1_18,พลังสังคมใหม่,0
party_list_15_1_19,สังคมประชาธิปไตยไทย,0
party_list_15_1_20,ฟิวชัน,0
party_list_15_1_21,ไทรวมพลัง,0
party_list_15_1_22,ก้าวอิสระ,0
party_list_15_1_23,ปวงชนไทย,0
party_list_15_1_24,วิชชั่นใหม่,0
party_list_15_1_25,เพื่อชีวิตใหม่,0
party_list_15_1_26,คลองไทย,0
party_list_15_1_27,ประชาธิปัตย์,0
party_list_15_1_28,ไทยก้าวหน้า,0
party_list_15_1_29,ไทยภักดี,0
party_list_15_1_30,แรงงานสร้างชาติ,0
party_list_15_1_31,ประชากรไทย,0
party_list_15_1_32,ครูไทยเพื่อประชาชน,0
party_list_15_1_33,ประชาชาติ,0
party_list_15_1_34,สร้างอนาคตไทย,0
party_list_15_1_35,รักชาติ,0
party_list_15_1_36,ไทยพร้อม,0
party_list_15_1_37,ภูมิใจไทย,0
party_list_15_1_38,พลังธรรมใหม่,0
party_list_15_1_39,กรีน,0
party_list_15_1_40,ไทยธรรม,0
party_list_15_1_41,แผ่นดินธรรม,0
party_list_15_1_42,กล้าธรรม,0
party_list_15_1_43,พลังประชารัฐ,0
party_list_15_1_44,โอกาสใหม่,0
party_list_15_1_45,เป็นธรรม,0
party_list_15_1_46,ประชาชน,0
party_list_15_1_47,ประชาไทย,0
party_list_15_1_48,ไทยสร้างไทย,0
party_list_15_1_49,ไทยก้าวใหม่,0
party_list_15_1_50,ประชาอาสาชาติ,0
party_list_15_1_51,พร้อม,0
party_list_15_1_52,เครือข่ายชาวนาแห่งประเทศไทย,0
party_list_15_1_53,ไทยพิทักษ์ธรรม,0
party_list_15_1_54,ความหวังใหม่,0
party_list_15_1_55,ไทยรวมไทย,0
party_list_15_1_56,เพื่อบ้านเมือง,0
party_list_15_1_57,พลังไทยรักชาติ,0
party_list_15_2_1,ไทยทรัพย์ทวี,0
party_list_15_2_2,เพื่อชาติไทย,0
party_list_15_2_3,ใหม่,0
party_list_15_2_4,มิติใหม่,0
party_list_15_2_5,รวมใจไทย,0
party_list_15_2_6,รวมไทยสร้างชาติ,0
party_list_15_2_7,พลวัต,0
party_list_15_2_8,ประชาธิปไตยใหม่,0
party_list_15_2_9,เพื่อไทย,0
party_list_15_2_10,ทางเลือกใหม่,0
party_list_15_2_11,เศรษฐกิจ,0
party_list_15_2_12,เสรีรวมไทย,0
party_list_15_2_13,รวมพลังประชาชน,0
party_list_15_2_14,ท้องที่ไทย,0
party_list_15_2_15,อนาคตไทย,0
party_list_15_2_16,พลังเพื่อไทย,0
party_list_15_2_17,ไทยชนะ,0
party_list_15_2_18,พลังสังคมใหม่,0
party_list_15_2_19,สังคมประชาธิปไตยไทย,0
party_list_15_2_20,ฟิวชัน,0
party_list_15_2_21,ไทรวมพลัง,0
party_list_15_2_22,ก้าวอิสระ,0
party_list_15_2_23,ปวงชนไทย,0
party_list_15_2_24,วิชชั่นใหม่,0
party_list_15_2_25,เพื่อชีวิตใหม่,0
party_list_15_2_26,คลองไทย,0
party_list_15_2_27,ประชาธิปัตย์,0
party_list_15_2_28,ไทยก้าวหน้า,0
party_list_15_2_29,ไทยภักดี,0
party_list_15_2_30,แรงงานสร้างชาติ,0
party_list_15_2_31,ประชากรไทย,0
party_list_15_2_32,ครูไทยเพื่อประชาชน,0
party_list_15_2_33,ประชาชาติ,0
party_list_15_2_34,สร้างอนาคตไทย,0
party_list_15_2_35,รักชาติ,0
party_list_15_2_36,ไทยพร้อม,0
party_list_15_2_37,ภูมิใจไทย,0
party_list_15_2_38,พลังธรรมใหม่,0
party_list_15_2_39,กรีน,0
party_list_15_2_40,ไทยธรรม,0
party_list_15_2_41,แผ่นดินธรรม,0
party_list_15_2_42,กล้าธรรม,0
party_list_15_2_43,พลังประชารัฐ,0
party_list_15_2_44,โอกาสใหม่,0
party_list_15_2_45,เป็นธรรม,0
party_list_15_2_46,ประชาชน,0
party_list_15_2_47,ประชาไทย,0
party_list_15_2_48,ไทยสร้างไทย,0
party_list_15_2_49,ไทยก้าวใหม่,0
party_list_15_2_50,ประชาอาสาชาติ,0
party_list_15_2_51,พร้อม,0
party_list_15_2_52,เครือข่ายชาวนาแห่งประเทศไทย,0
party_list_15_2_53,ไทยพิทักษ์ธรรม,0
party_list_15_2_54,ความหวังใหม่,0
party_list_15_2_55,ไทยรวมไทย,0
party_list_15_2_56,เพื่อบ้านเมือง,0
party_list_15_2_57,พลังไทยรักชาติ,0
party_list_16_1_1,ไทยทรัพย์ทวี,0
party_list_16_1_2,เพื่อชาติไทย,0
party_list_16_1_3,ใหม่,0
party_list_16_1_4,มิติใหม่,0
party_list_16_1_5,รวมใจไทย,0
party_list_16_1_6,รวมไทยสร้างชาติ,0
party_list_16_1_7,พลวัต,0
party_list_16_1_8,ประชาธิปไตยใหม่,0
party_list_16_1_9,เพื่อไทย,0
party_list_16_1_10,ทางเลือกใหม่,0
party_list_16_1_11,เศรษฐกิจ,0
party_list_16_1_12,เสรีรวมไทย,0
party_list_16_1_13,รวมพลังประชาชน,0
party_list_16_1_14,ท้องที่ไทย,0
party_list_16_1_15,อนาคตไทย,0
party_list_16_1_16,พลังเพื่อไทย,0
party_list_16_1_17,ไทยชนะ,0
party_list_16_1_18,พลังสังคมใหม่,0
party_list_16_1_19,สังคมประชาธิปไตยไทย,0
party_list_16_1_20,ฟิวชัน,0
party_list_16_1_21,ไทรวมพลัง,0
party_list_16_1_22,ก้าวอิสระ,0
party_list_16_1_23,ปวงชนไทย,0
party_list_16_1_24,วิชชั่นใหม่,0
party_list_16_1_25,เพื่อชีวิตใหม่,0
party_list_16_1_26,คลองไทย,0
party_list_16_1_27,ประชาธิปัตย์,0
party_list_16_1_28,ไทยก้าวหน้า,0
party_list_16_1_29,ไทยภักดี,0
party_list_16_1_30,แรงงานสร้างชาติ,0
party_list_16_1_31,ประชากรไทย,0
party_list_16_1_32,ครูไทยเพื่อประชาชน,0
party_list_16_1_33,ประชาชาติ,0
party_list_16_1_34,สร้างอนาคตไทย,0
party_list_16_1_35,รักชาติ,0
party_list_16_1_36,ไทยพร้อม,0
party_list_16_1_37,ภูมิใจไทย,0
party_list_16_1_38,พลังธรรมใหม่,0
party_list_16_1_39,กรีน,0
party_list_16_1_40,ไทยธรรม,0
party_list_16_1_41,แผ่นดินธรรม,0
party_list_16_1_42,กล้าธรรม,0
party_list_16_1_43,พลังประชารัฐ,0
party_list_16_1_44,โอกาสใหม่,0
party_list_16_1_45,เป็นธรรม,0
party_list_16_1_46,ประชาชน,0
party_list_16_1_47,ประชาไทย,0
party_list_16_1_48,ไทยสร้างไทย,0
party_list_16_1_49,ไทยก้าวใหม่,0
party_list_16_1_50,ประชาอาสาชาติ,0
party_list_16_1_51,พร้อม,0
party_list_16_1_52,เครือข่ายชาวนาแห่งประเทศไทย,0
party_list_16_1_53,ไทยพิทักษ์ธรรม,0
party_list_16_1_54,ความหวังใหม่,0
party_list_16_1_55,ไทยรวมไทย,0
party_list_16_1_56,เพื่อบ้านเมือง,0
party_list_16_1_57,พลังไทยรักชาติ,0
party_list_16_2_1,ไทยทรัพย์ทวี,0
party_list_16_2_2,เพื่อชาติไทย,0
party_list_16_2_3,ใหม่,0
party_list_16_2_4,มิติใหม่,0
party_list_16_2_5,รวมใจไทย,0
party_list_16_2_6,รวมไทยสร้างชาติ,0
party_list_16_2_7,พลวัต,0
party_list_16_2_8,ประชาธิปไตยใหม่,0
party_list_16_2_9,เพื่อไทย,0
party_list_16_2_10,ทางเลือกใหม่,0
party_list_16_2_11,เศรษฐกิจ,0
party_list_16_2_12,เสรีรวมไทย,0
party_list_16_2_13,รวมพลังประชาชน,0
party_list_16_2_14,ท้องที่ไทย,0
party_list_16_2_15,อนาคตไทย,0
party_list_16_2_16,พลังเพื่อไทย,0
party_list_16_2_17,ไทยชนะ,0
party_list_16_2_18,พลังสังคมใหม่,0
party_list_16_2_19,สังคมประชาธิปไตยไทย,0
party_list_16_2_20,ฟิวชัน,0
party_list_16_2_21,ไทรวมพลัง,0
party_list_16_2_22,ก้าวอิสระ,0
party_list_16_2_23,ปวงชนไทย,0
party_list_16_2_24,วิชชั่นใหม่,0
party_list_16_2_25,เพื่อชีวิตใหม่,0
party_list_16_2_26,คลองไทย,0
party_list_16_2_27,ประชาธิปัตย์,0
party_list_16_2_28,ไทยก้าวหน้า,0
party_list_16_2_29,ไทยภักดี,0
party_list_16_2_30,แรงงานสร้างชาติ,0
party_list_16_2_31,ประชากรไทย,0
party_list_16_2_32,ครูไทยเพื่อประชาชน,0
party_list_16_2_33,ประชาชาติ,0
party_list_16_2_34,สร้างอนาคตไทย,0
party_list_16_2_35,รักชาติ,0
party_list_16_2_36,ไทยพร้อม,0
party_list_16_2_37,ภูมิใจไทย,0
party_list_16_2_38,พลังธรรมใหม่,0
party_list_16_2_39,กรีน,0
party_list_16_2_40,ไทยธรรม,0
party_list_16_2_41,แผ่นดินธรรม,0
party_list_16_2_42,กล้าธรรม,0
party_list_16_2_43,พลังประชารัฐ,0
party_list_16_2_44,โอกาสใหม่,0
party_list_16_2_45,เป็นธรรม,0
party_list_16_2_46,ประชาชน,0
party_list_16_2_47,ประชาไทย,0
party_list_16_2_48,ไทยสร้างไทย,0
party_list_16_2_49,ไทยก้าวใหม่,0
party_list_16_2_50,ประชาอาสาชาติ,0
party_list_16_2_51,พร้อม,0
party_list_16_2_52,เครือข่ายชาวนาแห่งประเทศไทย,0
party_list_16_2_53,ไทยพิทักษ์ธรรม,0
party_list_16_2_54,ความหวังใหม่,0
party_list_16_2_55,ไทยรวมไทย,0
party_list_16_2_56,เพื่อบ้านเมือง,0
party_list_16_2_57,พลังไทยรักชาติ,0
party_list_16_3_1,ไทยทรัพย์ทวี,0
party_list_16_3_2,เพื่อชาติไทย,0
party_list_16_3_3,ใหม่,0
party_list_16_3_4,มิติใหม่,0
party_list_16_3_5,รวมใจไทย,0
party_list_16_3_6,รวมไทยสร้างชาติ,0
party_list_16_3_7,พลวัต,0
party_list_16_3_8,ประชาธิปไตยใหม่,0
party_list_16_3_9,เพื่อไทย,0
party_list_16_3_10,ทางเลือกใหม่,0
party_list_16_3_11,เศรษฐกิจ,0
party_list_16_3_12,เสรีรวมไทย,0
party_list_16_3_13,รวมพลังประชาชน,0
party_list_16_3_14,ท้องที่ไทย,0
party_list_16_3_15,อนาคตไทย,0
party_list_16_3_16,พลังเพื่อไทย,0
party_list_16_3_17,ไทยชนะ,0
party_list_16_3_18,พลังสังคมใหม่,0
party_list_16_3_19,สังคมประชาธิปไตยไทย,0
party_list_16_3_20,ฟิวชัน,0
party_list_16_3_21,ไทรวมพลัง,0
party_list_16_3_22,ก้าวอิสระ,0
party_list_16_3_23,ปวงชนไทย,0
party_list_16_3_24,วิชชั่นใหม่,0
party_list_16_3_25,เพื่อชีวิตใหม่,0
party_list_16_3_26,คลองไทย,0
party_list_16_3_27,ประชาธิปัตย์,0
party_list_16_3_28,ไทยก้าวหน้า,0
party_list_16_3_29,ไทยภักดี,0
party_list_16_3_30,แรงงานสร้างชาติ,0
party_list_16_3_31,ประชากรไทย,0
party_list_16_3_32,ครูไทยเพื่อประชาชน,0
party_list_16_3_33,ประชาชาติ,0
party_list_16_3_34,สร้างอนาคตไทย,0
party_list_16_3_35,รักชาติ,0
party_list_16_3_36,ไทยพร้อม,0
party_list_16_3_37,ภูมิใจไทย,0
party_list_16_3_38,พลังธรรมใหม่,0
party_list_16_3_39,กรีน,0
party_list_16_3_40,ไทยธรรม,0
party_list_16_3_41,แผ่นดินธรรม,0
party_list_16_3_42,กล้าธรรม,0
party_list_16_3_43,พลังประชารัฐ,0
party_list_16_3_44,โอกาสใหม่,0
party_list_16_3_45,เป็นธรรม,0
party_list_16_3_46,ประชาชน,0
party_list_16_3_47,ประชาไทย,0
party_list_16_3_48,ไทยสร้างไทย,0
party_list_16_3_49,ไทยก้าวใหม่,0
party_list_16_3_50,ประชาอาสาชาติ,0
party_list_16_3_51,พร้อม,0
party_list_16_3_52,เครือข่ายชาวนาแห่งประเทศไทย,0
party_list_16_3_53,ไทยพิทักษ์ธรรม,0
party_list_16_3_54,ความหวังใหม่,0
party_list_16_3_55,ไทยรวมไทย,0
party_list_16_3_56,เพื่อบ้านเมือง,0
party_list_16_3_57,พลังไทยรักชาติ,0
party_list_16_4_1,ไทยทรัพย์ทวี,0
party_list_16_4_2,เพื่อชาติไทย,0
party_list_16_4_3,ใหม่,0
party_list_16_4_4,มิติใหม่,0
party_list_16_4_5,รวมใจไทย,0
party_list_16_4_6,รวมไทยสร้างชาติ,0
party_list_16_4_7,พลวัต,0
party_list_16_4_8,ประชาธิปไตยใหม่,0
party_list_16_4_9,เพื่อไทย,0
party_list_16_4_10,ทางเลือกใหม่,0
party_list_16_4_11,เศรษฐกิจ,0
party_list_16_4_12,เสรีรวมไทย,0
party_list_16_4_13,รวมพลังประชาชน,0
party_list_16_4_14,ท้องที่ไทย,0
party_list_16_4_15,อนาคตไทย,0
party_list_16_4_16,พลังเพื่อไทย,0
party_list_16_4_17,ไทยชนะ,0
party_list_16_4_18,พลังสังคมใหม่,0
party_list_16_4_19,สังคมประชาธิปไตยไทย,0
party_list_16_4_20,ฟิวชัน,0
party_list_16_4_21,ไทรวมพลัง,0
party_list_16_4_22,ก้าวอิสระ,0
party_list_16_4_23,ปวงชนไทย,0
party_list_16_4_24,วิชชั่นใหม่,0
party_list_16_4_25,เพื่อชีวิตใหม่,0
party_list_16_4_26,คลองไทย,0
party_list_16_4_27,ประชาธิปัตย์,0
party_list_16_4_28,ไทยก้าวหน้า,0
party_list_16_4_29,ไทยภักดี,0
party_list_16_4_30,แรงงานสร้างชาติ,0
party_list_16_4_31,ประชากรไทย,0
party_list_16_4_32,ครูไทยเพื่อประชาชน,0
party_list_16_4_33,ประชาชาติ,0
party_list_16_4_34,สร้างอนาคตไทย,0
party_list_16_4_35,รักชาติ,0
party_list_16_4_36,ไทยพร้อม,0
party_list_16_4_37,ภูมิใจไทย,0
party_list_16_4_38,พลังธรรมใหม่,0
party_list_16_4_39,กรีน,0
party_list_16_4_40,ไทยธรรม,0
party_list_16_4_41,แผ่นดินธรรม,0
party_list_16_4_42,กล้าธรรม,0
party_list_16_4_43,พลังประชารัฐ,0
party_list_16_4_44,โอกาสใหม่,0
party_list_16_4_45,เป็นธรรม,0
party_list_16_4_46,ประชาชน,0
party_list_16_4_47,ประชาไทย,0
party_list_16_4_48,ไทยสร้างไทย,0
party_list_16_4_49,ไทยก้าวใหม่,0
party_list_16_4_50,ประชาอาสาชาติ,0
party_list_16_4_51,พร้อม,0
party_list_16_4_52,เครือข่ายชาวนาแห่งประเทศไทย,0
party_list_16_4_53,ไทยพิทักษ์ธรรม,0
party_list_16_4_54,ความหวังใหม่,0
party_list_16_4_55,ไทยรวมไทย,0
party_list_16_4_56,เพื่อบ้านเมือง,0
party_list_16_4_57,พลังไทยรักชาติ,0
party_list_17_1_1,ไทยทรัพย์ทวี,0
party_list_17_1_2,เพื่อชาติไทย,0
party_list_17_1_3,ใหม่,0
party_list_17_1_4,มิติใหม่,0
party_list_17_1_5,รวมใจไทย,0
party_list_17_1_6,รวมไทยสร้างชาติ,0
party_list_17_1_7,พลวัต,0
party_list_17_1_8,ประชาธิปไตยใหม่,0
party_list_17_1_9,เพื่อไทย,0
party_list_17_1_10,ทางเลือกใหม่,0
party_list_17_1_11,เศรษฐกิจ,0
party_list_17_1_12,เสรีรวมไทย,0
party_list_17_1_13,รวมพลังประชาชน,0
party_list_17_1_14,ท้องที่ไทย,0
party_list_17_1_15,อนาคตไทย,0
party_list_17_1_16,พลังเพื่อไทย,0
party_list_17_1_17,ไทยชนะ,0
party_list_17_1_18,พลังสังคมใหม่,0
party_list_17_1_19,สังคมประชาธิปไตยไทย,0
party_list_17_1_20,ฟิวชัน,0
party_list_17_1_21,ไทรวมพลัง,0
party_list_17_1_22,ก้าวอิสระ,0
party_list_17_1_23,ปวงชนไทย,0
party_list_17_1_24,วิชชั่นใหม่,0
party_list_17_1_25,เพื่อชีวิตใหม่,0
party_list_17_1_26,คลองไทย,0
party_list_17_1_27,ประชาธิปัตย์,0
party_list_17_1_28,ไทยก้าวหน้า,0
party_list_17_1_29,ไทยภักดี,0
party_list_17_1_30,แรงงานสร้างชาติ,0
party_list_17_1_31,ประชากรไทย,0
party_list_17_1_32,ครูไทยเพื่อประชาชน,0
party_list_17_1_33,ประชาชาติ,0
party_list_17_1_34,สร้างอนาคตไทย,0
party_list_17_1_35,รักชาติ,0
party_list_17_1_36,ไทยพร้อม,0
party_list_17_1_37,ภูมิใจไทย,0
party_list_17_1_38,พลังธรรมใหม่,0
party_list_17_1_39,กรีน,0
party_list_17_1_40,ไทยธรรม,0
party_list_17_1_41,แผ่นดินธรรม,0
party_list_17_1_42,กล้าธรรม,0
party_list_17_1_43,พลังประชารัฐ,0
party_list_17_1_44,โอกาสใหม่,0
party_list_17_1_45,เป็นธรรม,0
party_list_17_1_46,ประชาชน,0
party_list_17_1_47,ประชาไทย,0
party_list_17_1_48,ไทยสร้างไทย,0
party_list_17_1_49,ไทยก้าวใหม่,0
party_list_17_1_50,ประชาอาสาชาติ,0
party_list_17_1_51,พร้อม,0
party_list_17_1_52,เครือข่ายชาวนาแห่งประเทศไทย,0
party_list_17_1_53,ไทยพิทักษ์ธรรม,0
party_list_17_1_54,ความหวังใหม่,0
party_list_17_1_55,ไทยรวมไทย,0
party_list_17_1_56,เพื่อบ้านเมือง,0
party_list_17_1_57,พลังไทยรักชาติ,0
party_list_18_1_1,ไทยทรัพย์ทวี,0
party_list_18_1_2,เพื่อชาติไทย,0
party_list_18_1_3,ใหม่,0
party_list_18_1_4,มิติใหม่,0
party_list_18_1_5,รวมใจไทย,0
party_list_18_1_6,รวมไทยสร้างชาติ,0
party_list_18_1_7,พลวัต,0
party_list_18_1_8,ประชาธิปไตยใหม่,0
party_list_18_1_9,เพื่อไทย,0
party_list_18_1_10,ทางเลือกใหม่,0
party_list_18_1_11,เศรษฐกิจ,0
party_list_18_1_12,เสรีรวมไทย,0
party_list_18_1_13,รวมพลังประชาชน,0
party_list_18_1_14,ท้องที่ไทย,0
party_list_18_1_15,อนาคตไทย,0
party_list_18_1_16,พลังเพื่อไทย,0
party_list_18_1_17,ไทยชนะ,0
party_list_18_1_18,พลังสังคมใหม่,0
party_list_18_1_19,สังคมประชาธิปไตยไทย,0
party_list_18_1_20,ฟิวชัน,0
party_list_18_1_21,ไทรวมพลัง,0
party_list_18_1_22,ก้าวอิสระ,0
party_list_18_1_23,ปวงชนไทย,0
party_list_18_1_24,วิชชั่นใหม่,0
party_list_18_1_25,เพื่อชีวิตใหม่,0
party_list_18_1_26,คลองไทย,0
party_list_18_1_27,ประชาธิปัตย์,0
party_list_18_1_28,ไทยก้าวหน้า,0
party_list_18_1_29,ไทยภักดี,0
party_list_18_1_30,แรงงานสร้างชาติ,0
party_list_18_1_31,ประชากรไทย,0
party_list_18_1_32,ครูไทยเพื่อประชาชน,0
party_list_18_1_33,ประชาชาติ,0
party_list_18_1_34,สร้างอนาคตไทย,0
party_list_18_1_35,รักชาติ,0
party_list_18_1_36,ไทยพร้อม,0
party_list_18_1_37,ภูมิใจไทย,0
party_list_18_1_38,พลังธรรมใหม่,0
party_list_18_1_39,กรีน,0
party_list_18_1_40,ไทยธรรม,0
party_list_18_1_41,แผ่นดินธรรม,0
party_list_18_1_42,กล้าธรรม,0
party_list_18_1_43,พลังประชารัฐ,0
party_list_18_1_44,โอกาสใหม่,0
party_list_18_1_45,เป็นธรรม,0
party_list_18_1_46,ประชาชน,0
party_list_18_1_47,ประชาไทย,0
party_list_18_1_48,ไทยสร้างไทย,0
party_list_18_1_49,ไทยก้าวใหม่,0
party_list_18_1_50,ประชาอาสาชาติ,0
party_list_18_1_51,พร้อม,0
party_list_18_1_52,เครือข่ายชาวนาแห่งประเทศไทย,0
party_list_18_1_53,ไทยพิทักษ์ธรรม,0
party_list_18_1_54,ความหวังใหม่,0
party_list_18_1_55,ไทยรวมไทย,0
party_list_18_1_56,เพื่อบ้านเมือง,0
party_list_18_1_57,พลังไทยรักชาติ,0
party_list_18_2_1,ไทยทรัพย์ทวี,0
party_list_18_2_2,เพื่อชาติไทย,0
party_list_18_2_3,ใหม่,0
party_list_18_2_4,มิติใหม่,0
party_list_18_2_5,รวมใจไทย,0
party_list_18_2_6,รวมไทยสร้างชาติ,0
party_list_18_2_7,พลวัต,0
party_list_18_2_8,ประชาธิปไตยใหม่,0
party_list_18_2_9,เพื่อไทย,0
party_list_18_2_10,ทางเลือกใหม่,0
party_list_18_2_11,เศรษฐกิจ,0
party_list_18_2_12,เสรีรวมไทย,0
party_list_18_2_13,รวมพลังประชาชน,0
party_list_18_2_14,ท้องที่ไทย,0
party_list_18_2_15,อนาคตไทย,0
party_list_18_2_16,พลังเพื่อไทย,0
party_list_18_2_17,ไทยชนะ,0
party_list_18_2_18,พลังสังคมใหม่,0
party_list_18_2_19,สังคมประชาธิปไตยไทย,0
party_list_18_2_20,ฟิวชัน,0
party_list_18_2_21,ไทรวมพลัง,0
party_list_18_2_22,ก้าวอิสระ,0
party_list_18_2_23,ปวงชนไทย,0
party_list_18_2_24,วิชชั่นใหม่,0
party_list_18_2_25,เพื่อชีวิตใหม่,0
party_list_18_2_26,คลองไทย,0
party_list_18_2_27,ประชาธิปัตย์,0
party_list_18_2_28,ไทยก้าวหน้า,0
party_list_18_2_29,ไทยภักดี,0
party_list_18_2_30,แรงงานสร้างชาติ,0
party_list_18_2_31,ประชากรไทย,0
party_list_18_2_32,ครูไทยเพื่อประชาชน,0
party_list_18_2_33,ประชาชาติ,0
party_list_18_2_34,สร้างอนาคตไทย,0
party_list_18_2_35,รักชาติ,0
party_list_18_2_36,ไทยพร้อม,0
party_list_18_2_37,ภูมิใจไทย,0
party_list_18_2_38,พลังธรรมใหม่,0
party_list_18_2_39,กรีน,0
party_list_18_2_40,ไทยธรรม,0
party_list_18_2_41,แผ่นดินธรรม,0
party_list_18_2_42,กล้าธรรม,0
party_list_18_2_43,พลังประชารัฐ,0
party_list_18_2_44,โอกาสใหม่,0
party_list_18_2_45,เป็นธรรม,0
party_list_18_2_46,ประชาชน,0
party_list_18_2_47,ประชาไทย,0
party_list_18_2_48,ไทยสร้างไทย,0
party_list_18_2_49,ไทยก้าวใหม่,0
party_list_18_2_50,ประชาอาสาชาติ,0
party_list_18_2_51,พร้อม,0
party_list_18_2_52,เครือข่ายชาวนาแห่งประเทศไทย,0
party_list_18_2_53,ไทยพิทักษ์ธรรม,0
party_list_18_2_54,ความหวังใหม่,0
party_list_18_2_55,ไทยรวมไทย,0
party_list_18_2_56,เพื่อบ้านเมือง,0
party_list_18_2_57,พลังไทยรักชาติ,0
party_list_19_1_1,ไทยทรัพย์ทวี,0
party_list_19_1_2,เพื่อชาติไทย,0
party_list_19_1_3,ใหม่,0
party_list_19_1_4,มิติใหม่,0
party_list_19_1_5,รวมใจไทย,0
party_list_19_1_6,รวมไทยสร้างชาติ,0
party_list_19_1_7,พลวัต,0
party_list_19_1_8,ประชาธิปไตยใหม่,0
party_list_19_1_9,เพื่อไทย,0
party_list_19_1_10,ทางเลือกใหม่,0
party_list_19_1_11,เศรษฐกิจ,0
party_list_19_1_12,เสรีรวมไทย,0
party_list_19_1_13,รวมพลังประชาชน,0
party_list_19_1_14,ท้องที่ไทย,0
party_list_19_1_15,อนาคตไทย,0
party_list_19_1_16,พลังเพื่อไทย,0
party_list_19_1_17,ไทยชนะ,0
party_list_19_1_18,พลังสังคมใหม่,0
party_list_19_1_19,สังคมประชาธิปไตยไทย,0
party_list_19_1_20,ฟิวชัน,0
party_list_19_1_21,ไทรวมพลัง,0
party_list_19_1_22,ก้าวอิสระ,0
party_list_19_1_23,ปวงชนไทย,0
party_list_19_1_24,วิชชั่นใหม่,0
party_list_19_1_25,เพื่อชีวิตใหม่,0
party_list_19_1_26,คลองไทย,0
party_list_19_1_27,ประชาธิปัตย์,0
party_list_19_1_28,ไทยก้าวหน้า,0
party_list_19_1_29,ไทยภักดี,0
party_list_19_1_30,แรงงานสร้างชาติ,0
party_list_19_1_31,ประชากรไทย,0
party_list_19_1_32,ครูไทยเพื่อประชาชน,0
party_list_19_1_33,ประชาชาติ,0
party_list_19_1_34,สร้างอนาคตไทย,0
party_list_19_1_35,รักชาติ,0
party_list_19_1_36,ไทยพร้อม,0
party_list_19_1_37,ภูมิใจไทย,0
party_list_19_1_38,พลังธรรมใหม่,0
party_list_19_1_39,กรีน,0
party_list_19_1_40,ไทยธรรม,0
party_list_19_1_41,แผ่นดินธรรม,0
party_list_19_1_42,กล้าธรรม,0
party_list_19_1_43,พลังประชารัฐ,0
party_list_19_1_44,โอกาสใหม่,0
party_list_19_1_45,เป็นธรรม,0
party_list_19_1_46,ประชาชน,0
party_list_19_1_47,ประชาไทย,0
party_list_19_1_48,ไทยสร้างไทย,0
party_list_19_1_49,ไทยก้าวใหม่,0
party_list_19_1_50,ประชาอาสาชาติ,0
party_list_19_1_51,พร้อม,0
party_list_19_1_52,เครือข่ายชาวนาแห่งประเทศไทย,0
party_list_19_1_53,ไทยพิทักษ์ธรรม,0
party_list_19_1_54,ความหวังใหม่,0
party_list_19_1_55,ไทยรวมไทย,0
party_list_19_1_56,เพื่อบ้านเมือง,0
party_list_19_1_57,พลังไทยรักชาติ,0
party_list_19_2_1,ไทยทรัพย์ทวี,0
party_list_19_2_2,เพื่อชาติไทย,0
party_list_19_2_3,ใหม่,0
party_list_19_2_4,มิติใหม่,0
party_list_19_2_5,รวมใจไทย,0
party_list_19_2_6,รวมไทยสร้างชาติ,0
party_list_19_2_7,พลวัต,0
party_list_19_2_8,ประชาธิปไตยใหม่,0
party_list_19_2_9,เพื่อไทย,0
party_list_19_2_10,ทางเลือกใหม่,0
party_list_19_2_11,เศรษฐกิจ,0
party_list_19_2_12,เสรีรวมไทย,0
party_list_19_2_13,รวมพลังประชาชน,0
party_list_19_2_14,ท้องที่ไทย,0
party_list_19_2_15,อนาคตไทย,0
party_list_19_2_16,พลังเพื่อไทย,0
party_list_19_2_17,ไทยชนะ,0
party_list_19_2_18,พลังสังคมใหม่,0
party_list_19_2_19,สังคมประชาธิปไตยไทย,0
party_list_19_2_20,ฟิวชัน,0
party_list_19_2_21,ไทรวมพลัง,0
party_list_19_2_22,ก้าวอิสระ,0
party_list_19_2_23,ปวงชนไทย,0
party_list_19_2_24,วิชชั่นใหม่,0
party_list_19_2_25,เพื่อชีวิตใหม่,0
party_list_19_2_26,คลองไทย,0
party_list_19_2_27,ประชาธิปัตย์,0
party_list_19_2_28,ไทยก้าวหน้า,0
party_list_19_2_29,ไทยภักดี,0
party_list_19_2_30,แรงงานสร้างชาติ,0
party_list_19_2_31,ประชากรไทย,0
party_list_19_2_32,ครูไทยเพื่อประชาชน,0
party_list_19_2_33,ประชาชาติ,0
party_list_19_2_34,สร้างอนาคตไทย,0
party_list_19_2_35,รักชาติ,0
party_list_19_2_36,ไทยพร้อม,0
party_list_19_2_37,ภูมิใจไทย,0
party_list_19_2_38,พลังธรรมใหม่,0
party_list_19_2_39,กรีน,0
party_list_19_2_40,ไทยธรรม,0
party_list_19_2_41,แผ่นดินธรรม,0
party_list_19_2_42,กล้าธรรม,0
party_list_19_2_43,พลังประชารัฐ,0
party_list_19_2_44,โอกาสใหม่,0
party_list_19_2_45,เป็นธรรม,0
party_list_19_2_46,ประชาชน,0
party_list_19_2_47,ประชาไทย,0
party_list_19_2_48,ไทยสร้างไทย,0
party_list_19_2_49,ไทยก้าวใหม่,0
party_list_19_2_50,ประชาอาสาชาติ,0
party_list_19_2_51,พร้อม,0
party_list_19_2_52,เครือข่ายชาวนาแห่งประเทศไทย,0
party_list_19_2_53,ไทยพิทักษ์ธรรม,0
party_list_19_2_54,ความหวังใหม่,0
party_list_19_2_55,ไทยรวมไทย,0
party_list_19_2_56,เพื่อบ้านเมือง,0
party_list_19_2_57,พลังไทยรักชาติ,0
party_list_19_3_1,ไทยทรัพย์ทวี,0
party_list_19_3_2,เพื่อชาติไทย,0
party_list_19_3_3,ใหม่,0
party_list_19_3_4,มิติใหม่,0
party_list_19_3_5,รวมใจไทย,0
party_list_19_3_6,รวมไทยสร้างชาติ,0
party_list_19_3_7,พลวัต,0
party_list_19_3_8,ประชาธิปไตยใหม่,0
party_list_19_3_9,เพื่อไทย,0
party_list_19_3_10,ทางเลือกใหม่,0
party_list_19_3_11,เศรษฐกิจ,0
party_list_19_3_12,เสรีรวมไทย,0
party_list_19_3_13,รวมพลังประชาชน,0
party_list_19_3_14,ท้องที่ไทย,0
party_list_19_3_15,อนาคตไทย,0
party_list_19_3_16,พลังเพื่อไทย,0
party_list_19_3_17,ไทยชนะ,0
party_list_19_3_18,พลังสังคมใหม่,0
party_list_19_3_19,สังคมประชาธิปไตยไทย,0
party_list_19_3_20,ฟิวชัน,0
party_list_19_3_21,ไทรวมพลัง,0
party_list_19_3_22,ก้าวอิสระ,0
party_list_19_3_23,ปวงชนไทย,0
party_list_19_3_24,วิชชั่นใหม่,0
party_list_19_3_25,เพื่อชีวิตใหม่,0
party_list_19_3_26,คลองไทย,0
party_list_19_3_27,ประชาธิปัตย์,0
party_list_19_3_28,ไทยก้าวหน้า,0
party_list_19_3_29,ไทยภักดี,0
party_list_19_3_30,แรงงานสร้างชาติ,0
party_list_19_3_31,ประชากรไทย,0
party_list_19_3_32,ครูไทยเพื่อประชาชน,0
party_list_19_3_33,ประชาชาติ,0
party_list_19_3_34,สร้างอนาคตไทย,0
party_list_19_3_35,รักชาติ,0
party_list_19_3_36,ไทยพร้อม,0
party_list_19_3_37,ภูมิใจไทย,0
party_list_19_3_38,พลังธรรมใหม่,0
party_list_19_3_39,กรีน,0
party_list_19_3_40,ไทยธรรม,0
party_list_19_3_41,แผ่นดินธรรม,0
party_list_19_3_42,กล้าธรรม,0
party_list_19_3_43,พลังประชารัฐ,0
party_list_19_3_44,โอกาสใหม่,0
party_list_19_3_45,เป็นธรรม,0
party_list_19_3_46,ประชาชน,0
party_list_19_3_47,ประชาไทย,0
party_list_19_3_48,ไทยสร้างไทย,0
party_list_19_3_49,ไทยก้าวใหม่,0
party_list_19_3_50,ประชาอาสาชาติ,0
party_list_19_3_51,พร้อม,0
party_list_19_3_52,เครือข่ายชาวนาแห่งประเทศไทย,0
party_list_19_3_53,ไทยพิทักษ์ธรรม,0
party_list_19_3_54,ความหวังใหม่,0
party_list_19_3_55,ไทยรวมไทย,0
party_list_19_3_56,เพื่อบ้านเมือง,0
party_list_19_3_57,พลังไทยรักชาติ,0
party_list_19_4_1,ไทยทรัพย์ทวี,0
party_list_19_4_2,เพื่อชาติไทย,0
party_list_19_4_3,ใหม่,0
party_list_19_4_4,มิติใหม่,0
party_list_19_4_5,รวมใจไทย,0
party_list_19_4_6,รวมไทยสร้างชาติ,0
party_list_19_4_7,พลวัต,0
party_list_19_4_8,ประชาธิปไตยใหม่,0
party_list_19_4_9,เพื่อไทย,0
party_list_19_4_10,ทางเลือกใหม่,0
party_list_19_4_11,เศรษฐกิจ,0
party_list_19_4_12,เสรีรวมไทย,0
party_list_19_4_13,รวมพลังประชาชน,0
party_list_19_4_14,ท้องที่ไทย,0
party_list_19_4_15,อนาคตไทย,0
party_list_19_4_16,พลังเพื่อไทย,0
party_list_19_4_17,ไทยชนะ,0
party_list_19_4_18,พลังสังคมใหม่,0
party_list_19_4_19,สังคมประชาธิปไตยไทย,0
party_list_19_4_20,ฟิวชัน,0
party_list_19_4_21,ไทรวมพลัง,0
party_list_19_4_22,ก้าวอิสระ,0
party_list_19_4_23,ปวงชนไทย,0
party_list_19_4_24,วิชชั่นใหม่,0
party_list_19_4_25,เพื่อชีวิตใหม่,0
party_list_19_4_26,คลองไทย,0
party_list_19_4_27,ประชาธิปัตย์,0
party_list_19_4_28,ไทยก้าวหน้า,0
party_list_19_4_29,ไทยภักดี,0
party_list_19_4_30,แรงงานสร้างชาติ,0
party_list_19_4_31,ประชากรไทย,0
party_list_19_4_32,ครูไทยเพื่อประชาชน,0
party_list_19_4_33,ประชาชาติ,0
party_list_19_4_34,สร้างอนาคตไทย,0
party_list_19_4_35,รักชาติ,0
party_list_19_4_36,ไทยพร้อม,0
party_list_19_4_37,ภูมิใจไทย,0
party_list_19_4_38,พลังธรรมใหม่,0
party_list_19_4_39,กรีน,0
party_list_19_4_40,ไทยธรรม,0
party_list_19_4_41,แผ่นดินธรรม,0
party_list_19_4_42,กล้าธรรม,0
party_list_19_4_43,พลังประชารัฐ,0
party_list_19_4_44,โอกาสใหม่,0
party_list_19_4_45,เป็นธรรม,0
party_list_19_4_46,ประชาชน,0
party_list_19_4_47,ประชาไทย,0
party_list_19_4_48,ไทยสร้างไทย,0
party_list_19_4_49,ไทยก้าวใหม่,0
party_list_19_4_50,ประชาอาสาชาติ,0
party_list_19_4_51,พร้อม,0
party_list_19_4_52,เครือข่ายชาวนาแห่งประเทศไทย,0
party_list_19_4_53,ไทยพิทักษ์ธรรม,0
party_list_19_4_54,ความหวังใหม่,0
party_list_19_4_55,ไทยรวมไทย,0
party_list_19_4_56,เพื่อบ้านเมือง,0
party_list_19_4_57,พลังไทยรักชาติ,0
party_list_20_1_1,ไทยทรัพย์ทวี,0
party_list_20_1_2,เพื่อชาติไทย,0
party_list_20_1_3,ใหม่,0
party_list_20_1_4,มิติใหม่,0
party_list_20_1_5,รวมใจไทย,0
party_list_20_1_6,รวมไทยสร้างชาติ,0
party_list_20_1_7,พลวัต,0
party_list_20_1_8,ประชาธิปไตยใหม่,0
party_list_20_1_9,เพื่อไทย,0
party_list_20_1_10,ทางเลือกใหม่,0
party_list_20_1_11,เศรษฐกิจ,0
party_list_20_1_12,เสรีรวมไทย,0
party_list_20_1_13,รวมพลังประชาชน,0
party_list_20_1_14,ท้องที่ไทย,0
party_list_20_1_15,อนาคตไทย,0
party_list_20_1_16,พลังเพื่อไทย,0
party_list_20_1_17,ไทยชนะ,0
party_list_20_1_18,พลังสังคมใหม่,0
party_list_20_1_19,สังคมประชาธิปไตยไทย,0
party_list_20_1_20,ฟิวชัน,0
party_list_20_1_21,ไทรวมพลัง,0
party_list_20_1_22,ก้าวอิสระ,0
party_list_20_1_23,ปวงชนไทย,0
party_list_20_1_24,วิชชั่นใหม่,0
party_list_20_1_25,เพื่อชีวิตใหม่,0
party_list_20_1_26,คลองไทย,0
party_list_20_1_27,ประชาธิปัตย์,0
party_list_20_1_28,ไทยก้าวหน้า,0
party_list_20_1_29,ไทยภักดี,0
party_list_20_1_30,แรงงานสร้างชาติ,0
party_list_20_1_31,ประชากรไทย,0
party_list_20_1_32,ครูไทยเพื่อประชาชน,0
party_list_20_1_33,ประชาชาติ,0
party_list_20_1_34,สร้างอนาคตไทย,0
party_list_20_1_35,รักชาติ,0
party_list_20_1_36,ไทยพร้อม,0
party_list_20_1_37,ภูมิใจไทย,0
party_list_20_1_38,พลังธรรมใหม่,0
party_list_20_1_39,กรีน,0
party_list_20_1_40,ไทยธรรม,0
party_list_20_1_41,แผ่นดินธรรม,0
party_list_20_1_42,กล้าธรรม,0
party_list_20_1_43,พลังประชารัฐ,0
party_list_20_1_44,โอกาสใหม่,0
party_list_20_1_45,เป็นธรรม,0
party_list_20_1_46,ประชาชน,0
party_list_20_1_47,ประชาไทย,0
party_list_20_1_48,ไทยสร้างไทย,0
party_list_20_1_49,ไทยก้าวใหม่,0
party_list_20_1_50,ประชาอาสาชาติ,0
party_list_20_1_51,พร้อม,0
party_list_20_1_52,เครือข่ายชาวนาแห่งประเทศไทย,0
party_list_20_1_53,ไทยพิทักษ์ธรรม,0
party_list_20_1_54,ความหวังใหม่,0
party_list_20_1_55,ไทยรวมไทย,0
party_list_20_1_56,เพื่อบ้านเมือง,0
party_list_20_1_57,พลังไทยรักชาติ,0
party_list_20_10_1,ไทยทรัพย์ทวี,0
party_list_20_10_2,เพื่อชาติไทย,0
party_list_20_10_3,ใหม่,0
party_list_20_10_4,มิติใหม่,0
party_list_20_10_5,รวมใจไทย,0
party_list_20_10_6,รวมไทยสร้างชาติ,0
party_list_20_10_7,พลวัต,0
party_list_20_10_8,ประชาธิปไตยใหม่,0
party_list_20_10_9,เพื่อไทย,0
party_list_20_10_10,ทางเลือกใหม่,0
party_list_20_10_11,เศรษฐกิจ,0
party_list_20_10_12,เสรีรวมไทย,0
party_list_20_10_13,รวมพลังประชาชน,0
party_list_20_10_14,ท้องที่ไทย,0
party_list_20_10_15,อนาคตไทย,0
party_list_20_10_16,พลังเพื่อไทย,0
party_list_20_10_17,ไทยชนะ,0
party_list_20_10_18,พลังสังคมใหม่,0
party_list_20_10_19,สังคมประชาธิปไตยไทย,0
party_list_20_10_20,ฟิวชัน,0
party_list_20_10_21,ไทรวมพลัง,0
party_list_20_10_22,ก้าวอิสระ,0
party_list_20_10_23,ปวงชนไทย,0
party_list_20_10_24,วิชชั่นใหม่,0
party_list_20_10_25,เพื่อชีวิตใหม่,0
party_list_20_10_26,คลองไทย,0
party_list_20_10_27,ประชาธิปัตย์,0
party_list_20_10_28,ไทยก้าวหน้า,0
party_list_20_10_29,ไทยภักดี,0
party_list_20_10_30,แรงงานสร้างชาติ,0
party_list_20_10_31,ประชากรไทย,0
party_list_20_10_32,ครูไทยเพื่อประชาชน,0
party_list_20_10_33,ประชาชาติ,0
party_list_20_10_34,สร้างอนาคตไทย,0
party_list_20_10_35,รักชาติ,0
party_list_20_10_36,ไทยพร้อม,0
party_list_20_10_37,ภูมิใจไทย,0
party_list_20_10_38,พลังธรรมใหม่,0
party_list_20_10_39,กรีน,0
party_list_20_10_40,ไทยธรรม,0
party_list_20_10_41,แผ่นดินธรรม,0
party_list_20_10_42,กล้าธรรม,0
party_list_20_10_43,พลังประชารัฐ,0
party_list_20_10_44,โอกาสใหม่,0
party_list_20_10_45,เป็นธรรม,0
party_list_20_10_46,ประชาชน,0
party_list_20_10_47,ประชาไทย,0
party_list_20_10_48,ไทยสร้างไทย,0
party_list_20_10_49,ไทยก้าวใหม่,0
party_list_20_10_50,ประชาอาสาชาติ,0
party_list_20_10_51,พร้อม,0
party_list_20_10_52,เครือข่ายชาวนาแห่งประเทศไทย,0
party_list_20_10_53,ไทยพิทักษ์ธรรม,0
party_list_20_10_54,ความหวังใหม่,0
party_list_20_10_55,ไทยรวมไทย,0
party_list_20_10_56,เพื่อบ้านเมือง,0
party_list_20_10_57,พลังไทยรักชาติ,0
party_list_20_2_1,ไทยทรัพย์ทวี,0
party_list_20_2_2,เพื่อชาติไทย,0
party_list_20_2_3,ใหม่,0
party_list_20_2_4,มิติใหม่,0
party_list_20_2_5,รวมใจไทย,0
party_list_20_2_6,รวมไทยสร้างชาติ,0
party_list_20_2_7,พลวัต,0
party_list_20_2_8,ประชาธิปไตยใหม่,0
party_list_20_2_9,เพื่อไทย,0
party_list_20_2_10,ทางเลือกใหม่,0
party_list_20_2_11,เศรษฐกิจ,0
party_list_20_2_12,เสรีรวมไทย,0
party_list_20_2_13,รวมพลังประชาชน,0
party_list_20_2_14,ท้องที่ไทย,0
party_list_20_2_15,อนาคตไทย,0
party_list_20_2_16,พลังเพื่อไทย,0
party_list_20_2_17,ไทยชนะ,0
party_list_20_2_18,พลังสังคมใหม่,0
party_list_20_2_19,สังคมประชาธิปไตยไทย,0
party_list_20_2_20,ฟิวชัน,0
party_list_20_2_21,ไทรวมพลัง,0
party_list_20_2_22,ก้าวอิสระ,0
party_list_20_2_23,ปวงชนไทย,0
party_list_20_2_24,วิชชั่นใหม่,0
party_list_20_2_25,เพื่อชีวิตใหม่,0
party_list_20_2_26,คลองไทย,0
party_list_20_2_27,ประชาธิปัตย์,0
party_list_20_2_28,ไทยก้าวหน้า,0
party_list_20_2_29,ไทยภักดี,0
party_list_20_2_30,แรงงานสร้างชาติ,0
party_list_20_2_31,ประชากรไทย,0
party_list_20_2_32,ครูไทยเพื่อประชาชน,0
party_list_20_2_33,ประชาชาติ,0
party_list_20_2_34,สร้างอนาคตไทย,0
party_list_20_2_35,รักชาติ,0
party_list_20_2_36,ไทยพร้อม,0
party_list_20_2_37,ภูมิใจไทย,0
party_list_20_2_38,พลังธรรมใหม่,0
party_list_20_2_39,กรีน,0
party_list_20_2_40,ไทยธรรม,0
party_list_20_2_41,แผ่นดินธรรม,0
party_list_20_2_42,กล้าธรรม,0
party_list_20_2_43,พลังประชารัฐ,0
party_list_20_2_44,โอกาสใหม่,0
party_list_20_2_45,เป็นธรรม,0
party_list_20_2_46,ประชาชน,0
party_list_20_2_47,ประชาไทย,0
party_list_20_2_48,ไทยสร้างไทย,0
party_list_20_2_49,ไทยก้าวใหม่,0
party_list_20_2_50,ประชาอาสาชาติ,0
party_list_20_2_51,พร้อม,0
party_list_20_2_52,เครือข่ายชาวนาแห่งประเทศไทย,0
party_list_20_2_53,ไทยพิทักษ์ธรรม,0
party_list_20_2_54,ความหวังใหม่,0
party_list_20_2_55,ไทยรวมไทย,0
party_list_20_2_56,เพื่อบ้านเมือง,0
party_list_20_2_57,พลังไทยรักชาติ,0
party_list_20_3_1,ไทยทรัพย์ทวี,0
party_list_20_3_2,เพื่อชาติไทย,0
party_list_20_3_3,ใหม่,0
party_list_20_3_4,มิติใหม่,0
party_list_20_3_5,รวมใจไทย,0
party_list_20_3_6,รวมไทยสร้างชาติ,0
party_list_20_3_7,พลวัต,0
party_list_20_3_8,ประชาธิปไตยใหม่,0
party_list_20_3_9,เพื่อไทย,0
party_list_20_3_10,ทางเลือกใหม่,0
party_list_20_3_11,เศรษฐกิจ,0
party_list_20_3_12,เสรีรวมไทย,0
party_list_20_3_13,รวมพลังประชาชน,0
party_list_20_3_14,ท้องที่ไทย,0
party_list_20_3_15,อนาคตไทย,0
party_list_20_3_16,พลังเพื่อไทย,0
party_list_20_3_17,ไทยชนะ,0
party_list_20_3_18,พลังสังคมใหม่,0
party_list_20_3_19,สังคมประชาธิปไตยไทย,0
party_list_20_3_20,ฟิวชัน,0
party_list_20_3_21,ไทรวมพลัง,0
party_list_20_3_22,ก้าวอิสระ,0
party_list_20_3_23,ปวงชนไทย,0
party_list_20_3_24,วิชชั่นใหม่,0
party_list_20_3_25,เพื่อชีวิตใหม่,0
party_list_20_3_26,คลองไทย,0
party_list_20_3_27,ประชาธิปัตย์,0
party_list_20_3_28,ไทยก้าวหน้า,0
party_list_20_3_29,ไทยภักดี,0
party_list_20_3_30,แรงงานสร้างชาติ,0
party_list_20_3_31,ประชากรไทย,0
party_list_20_3_32,ครูไทยเพื่อประชาชน,0
party_list_20_3_33,ประชาชาติ,0
party_list_20_3_34,สร้างอนาคตไทย,0
party_list_20_3_35,รักชาติ,0
party_list_20_3_36,ไทยพร้อม,0
party_list_20_3_37,ภูมิใจไทย,0
party_list_20_3_38,พลังธรรมใหม่,0
party_list_20_3_39,กรีน,0
party_list_20_3_40,ไทยธรรม,0
party_list_20_3_41,แผ่นดินธรรม,0
party_list_20_3_42,กล้าธรรม,0
party_list_20_3_43,พลังประชารัฐ,0
party_list_20_3_44,โอกาสใหม่,0
party_list_20_3_45,เป็นธรรม,0
party_list_20_3_46,ประชาชน,0
party_list_20_3_47,ประชาไทย,0
party_list_20_3_48,ไทยสร้างไทย,0
party_list_20_3_49,ไทยก้าวใหม่,0
party_list_20_3_50,ประชาอาสาชาติ,0
party_list_20_3_51,พร้อม,0
party_list_20_3_52,เครือข่ายชาวนาแห่งประเทศไทย,0
party_list_20_3_53,ไทยพิทักษ์ธรรม,0
party_list_20_3_54,ความหวังใหม่,0
party_list_20_3_55,ไทยรวมไทย,0
party_list_20_3_56,เพื่อบ้านเมือง,0
party_list_20_3_57,พลังไทยรักชาติ,0
party_list_20_4_1,ไทยทรัพย์ทวี,0
party_list_20_4_2,เพื่อชาติไทย,0
party_list_20_4_3,ใหม่,0
party_list_20_4_4,มิติใหม่,0
party_list_20_4_5,รวมใจไทย,0
party_list_20_4_6,รวมไทยสร้างชาติ,0
party_list_20_4_7,พลวัต,0
party_list_20_4_8,ประชาธิปไตยใหม่,0
party_list_20_4_9,เพื่อไทย,0
party_list_20_4_10,ทางเลือกใหม่,0
party_list_20_4_11,เศรษฐกิจ,0
party_list_20_4_12,เสรีรวมไทย,0
party_list_20_4_13,รวมพลังประชาชน,0
party_list_20_4_14,ท้องที่ไทย,0
party_list_20_4_15,อนาคตไทย,0
party_list_20_4_16,พลังเพื่อไทย,0
party_list_20_4_17,ไทยชนะ,0
party_list_20_4_18,พลังสังคมใหม่,0
party_list_20_4_19,สังคมประชาธิปไตยไทย,0
party_list_20_4_20,ฟิวชัน,0
party_list_20_4_21,ไทรวมพลัง,0
party_list_20_4_22,ก้าวอิสระ,0
party_list_20_4_23,ปวงชนไทย,0
party_list_20_4_24,วิชชั่นใหม่,0
party_list_20_4_25,เพื่อชีวิตใหม่,0
party_list_20_4_26,คลองไทย,0
party_list_20_4_27,ประชาธิปัตย์,0
party_list_20_4_28,ไทยก้าวหน้า,0
party_list_20_4_29,ไทยภักดี,0
party_list_20_4_30,แรงงานสร้างชาติ,0
party_list_20_4_31,ประชากรไทย,0
party_list_20_4_32,ครูไทยเพื่อประชาชน,0
party_list_20_4_33,ประชาชาติ,0
party_list_20_4_34,สร้างอนาคตไทย,0
party_list_20_4_35,รักชาติ,0
party_list_20_4_36,ไทยพร้อม,0
party_list_20_4_37,ภูมิใจไทย,0
party_list_20_4_38,พลังธรรมใหม่,0
party_list_20_4_39,กรีน,0
party_list_20_4_40,ไทยธรรม,0
party_list_20_4_41,แผ่นดินธรรม,0
party_list_20_4_42,กล้าธรรม,0
party_list_20_4_43,พลังประชารัฐ,0
party_list_20_4_44,โอกาสใหม่,0
party_list_20_4_45,เป็นธรรม,0
party_list_20_4_46,ประชาชน,0
party_list_20_4_47,ประชาไทย,0
party_list_20_4_48,ไทยสร้างไทย,0
party_list_20_4_49,ไทยก้าวใหม่,0
party_list_20_4_50,ประชาอาสาชาติ,0
party_list_20_4_51,พร้อม,0
party_list_20_4_52,เครือข่ายชาวนาแห่งประเทศไทย,0
party_list_20_4_53,ไทยพิทักษ์ธรรม,0
party_list_20_4_54,ความหวังใหม่,0
party_list_20_4_55,ไทยรวมไทย,0
party_list_20_4_56,เพื่อบ้านเมือง,0
party_list_20_4_57,พลังไทยรักชาติ,0
party_list_20_5_1,ไทยทรัพย์ทวี,0
party_list_20_5_2,เพื่อชาติไทย,0
party_list_20_5_3,ใหม่,0
party_list_20_5_4,มิติใหม่,0
party_list_20_5_5,รวมใจไทย,0
party_list_20_5_6,รวมไทยสร้างชาติ,0
party_list_20_5_7,พลวัต,0
party_list_20_5_8,ประชาธิปไตยใหม่,0
party_list_20_5_9,เพื่อไทย,0
party_list_20_5_10,ทางเลือกใหม่,0
party_list_20_5_11,เศรษฐกิจ,0
party_list_20_5_12,เสรีรวมไทย,0
party_list_20_5_13,รวมพลังประชาชน,0
party_list_20_5_14,ท้องที่ไทย,0
party_list_20_5_15,อนาคตไทย,0
party_list_20_5_16,พลังเพื่อไทย,0
party_list_20_5_17,ไทยชนะ,0
party_list_20_5_18,พลังสังคมใหม่,0
party_list_20_5_19,สังคมประชาธิปไตยไทย,0
party_list_20_5_20,ฟิวชัน,0
party_list_20_5_21,ไทรวมพลัง,0
party_list_20_5_22,ก้าวอิสระ,0
party_list_20_5_23,ปวงชนไทย,0
party_list_20_5_24,วิชชั่นใหม่,0
party_list_20_5_25,เพื่อชีวิตใหม่,0
party_list_20_5_26,คลองไทย,0
party_list_20_5_27,ประชาธิปัตย์,0
party_list_20_5_28,ไทยก้าวหน้า,0
party_list_20_5_29,ไทยภักดี,0
party_list_20_5_30,แรงงานสร้างชาติ,0
party_list_20_5_31,ประชากรไทย,0
party_list_20_5_32,ครูไทยเพื่อประชาชน,0
party_list_20_5_33,ประชาชาติ,0
party_list_20_5_34,สร้างอนาคตไทย,0
party_list_20_5_35,รักชาติ,0
party_list_20_5_36,ไทยพร้อม,0
party_list_20_5_37,ภูมิใจไทย,0
party_list_20_5_38,พลังธรรมใหม่,0
party_list_20_5_39,กรีน,0
party_list_20_5_40,ไทยธรรม,0
party_list_20_5_41,แผ่นดินธรรม,0
party_list_20_5_42,กล้าธรรม,0
party_list_20_5_43,พลังประชารัฐ,0
party_list_20_5_44,โอกาสใหม่,0
party_list_20_5_45,เป็นธรรม,0
party_list_20_5_46,ประชาชน,0
party_list_20_5_47,ประชาไทย,0
party_list_20_5_48,ไทยสร้างไทย,0
party_list_20_5_49,ไทยก้าวใหม่,0
party_list_20_5_50,ประชาอาสาชาติ,0
party_list_20_5_51,พร้อม,0
party_list_20_5_52,เครือข่ายชาวนาแห่งประเทศไทย,0
party_list_20_5_53,ไทยพิทักษ์ธรรม,0
party_list_20_5_54,ความหวังใหม่,0
party_list_20_5_55,ไทยรวมไทย,0
party_list_20_5_56,เพื่อบ้านเมือง,0
party_list_20_5_57,พลังไทยรักชาติ,0
party_list_20_6_1,ไทยทรัพย์ทวี,0
party_list_20_6_2,เพื่อชาติไทย,0
party_list_20_6_3,ใหม่,0
party_list_20_6_4,มิติใหม่,0
party_list_20_6_5,รวมใจไทย,0
party_list_20_6_6,รวมไทยสร้างชาติ,0
party_list_20_6_7,พลวัต,0
party_list_20_6_8,ประชาธิปไตยใหม่,0
party_list_20_6_9,เพื่อไทย,0
party_list_20_6_10,ทางเลือกใหม่,0
party_list_20_6_11,เศรษฐกิจ,0
party_list_20_6_12,เสรีรวมไทย,0
party_list_20_6_13,รวมพลังประชาชน,0
party_list_20_6_14,ท้องที่ไทย,0
party_list_20_6_15,อนาคตไทย,0
party_list_20_6_16,พลังเพื่อไทย,0
party_list_20_6_17,ไทยชนะ,0
party_list_20_6_18,พลังสังคมใหม่,0
party_list_20_6_19,สังคมประชาธิปไตยไทย,0
party_list_20_6_20,ฟิวชัน,0
party_list_20_6_21,ไทรวมพลัง,0
party_list_20_6_22,ก้าวอิสระ,0
party_list_20_6_23,ปวงชนไทย,0
party_list_20_6_24,วิชชั่นใหม่,0
party_list_20_6_25,เพื่อชีวิตใหม่,0
party_list_20_6_26,คลองไทย,0
party_list_20_6_27,ประชาธิปัตย์,0
party_list_20_6_28,ไทยก้าวหน้า,0
party_list_20_6_29,ไทยภักดี,0
party_list_20_6_30,แรงงานสร้างชาติ,0
party_list_20_6_31,ประชากรไทย,0
party_list_20_6_32,ครูไทยเพื่อประชาชน,0
party_list_20_6_33,ประชาชาติ,0
party_list_20_6_34,สร้างอนาคตไทย,0
party_list_20_6_35,รักชาติ,0
party_list_20_6_36,ไทยพร้อม,0
party_list_20_6_37,ภูมิใจไทย,0
party_list_20_6_38,พลังธรรมใหม่,0
party_list_20_6_39,กรีน,0
party_list_20_6_40,ไทยธรรม,0
party_list_20_6_41,แผ่นดินธรรม,0
party_list_20_6_42,กล้าธรรม,0
party_list_20_6_43,พลังประชารัฐ,0
party_list_20_6_44,โอกาสใหม่,0
party_list_20_6_45,เป็นธรรม,0
party_list_20_6_46,ประชาชน,0
party_list_20_6_47,ประชาไทย,0
party_list_20_6_48,ไทยสร้างไทย,0
party_list_20_6_49,ไทยก้าวใหม่,0
party_list_20_6_50,ประชาอาสาชาติ,0
party_list_20_6_51,พร้อม,0
party_list_20_6_52,เครือข่ายชาวนาแห่งประเทศไทย,0
party_list_20_6_53,ไทยพิทักษ์ธรรม,0
party_list_20_6_54,ความหวังใหม่,0
party_list_20_6_55,ไทยรวมไทย,0
party_list_20_6_56,เพื่อบ้านเมือง,0
party_list_20_6_57,พลังไทยรักชาติ,0
party_list_20_7_1,ไทยทรัพย์ทวี,0
party_list_20_7_2,เพื่อชาติไทย,0
party_list_20_7_3,ใหม่,0
party_list_20_7_4,มิติใหม่,0
party_list_20_7_5,รวมใจไทย,0
party_list_20_7_6,รวมไทยสร้างชาติ,0
party_list_20_7_7,พลวัต,0
party_list_20_7_8,ประชาธิปไตยใหม่,0
party_list_20_7_9,เพื่อไทย,0
party_list_20_7_10,ทางเลือกใหม่,0
party_list_20_7_11,เศรษฐกิจ,0
party_list_20_7_12,เสรีรวมไทย,0
party_list_20_7_13,รวมพลังประชาชน,0
party_list_20_7_14,ท้องที่ไทย,0
party_list_20_7_15,อนาคตไทย,0
party_list_20_7_16,พลังเพื่อไทย,0
party_list_20_7_17,ไทยชนะ,0
party_list_20_7_18,พลังสังคมใหม่,0
party_list_20_7_19,สังคมประชาธิปไตยไทย,0
party_list_20_7_20,ฟิวชัน,0
party_list_20_7_21,ไทรวมพลัง,0
party_list_20_7_22,ก้าวอิสระ,0
party_list_20_7_23,ปวงชนไทย,0
party_list_20_7_24,วิชชั่นใหม่,0
party_list_20_7_25,เพื่อชีวิตใหม่,0
party_list_20_7_26,คลองไทย,0
party_list_20_7_27,ประชาธิปัตย์,0
party_list_20_7_28,ไทยก้าวหน้า,0
party_list_20_7_29,ไทยภักดี,0
party_list_20_7_30,แรงงานสร้างชาติ,0
party_list_20_7_31,ประชากรไทย,0
party_list_20_7_32,ครูไทยเพื่อประชาชน,0
party_list_20_7_33,ประชาชาติ,0
party_list_20_7_34,สร้างอนาคตไทย,0
party_list_20_7_35,รักชาติ,0
party_list_20_7_36,ไทยพร้อม,0
party_list_20_7_37,ภูมิใจไทย,0
party_list_20_7_38,พลังธรรมใหม่,0
party_list_20_7_39,กรีน,0
party_list_20_7_40,ไทยธรรม,0
party_list_20_7_41,แผ่นดินธรรม,0
party_list_20_7_42,กล้าธรรม,0
party_list_20_7_43,พลังประชารัฐ,0
party_list_20_7_44,โอกาสใหม่,0
party_list_20_7_45,เป็นธรรม,0
party_list_20_7_46,ประชาชน,0
party_list_20_7_47,ประชาไทย,0
party_list_20_7_48,ไทยสร้างไทย,0
party_list_20_7_49,ไทยก้าวใหม่,0
party_list_20_7_50,ประชาอาสาชาติ,0
party_list_20_7_51,พร้อม,0
party_list_20_7_52,เครือข่ายชาวนาแห่งประเทศไทย,0
party_list_20_7_53,ไทยพิทักษ์ธรรม,0
party_list_20_7_54,ความหวังใหม่,0
party_list_20_7_55,ไทยรวมไทย,0
party_list_20_7_56,เพื่อบ้านเมือง,0
party_list_20_7_57,พลังไทยรักชาติ,0
party_list_20_8_1,ไทยทรัพย์ทวี,0
party_list_20_8_2,เพื่อชาติไทย,0
party_list_20_8_3,ใหม่,0
party_list_20_8_4,มิติใหม่,0
party_list_20_8_5,รวมใจไทย,0
party_list_20_8_6,รวมไทยสร้างชาติ,0
party_list_20_8_7,พลวัต,0
party_list_20_8_8,ประชาธิปไตยใหม่,0
party_list_20_8_9,เพื่อไทย,0
party_list_20_8_10,ทางเลือกใหม่,0
party_list_20_8_11,เศรษฐกิจ,0
party_list_20_8_12,เสรีรวมไทย,0
party_list_20_8_13,รวมพลังประชาชน,0
party_list_20_8_14,ท้องที่ไทย,0
party_list_20_8_15,อนาคตไทย,0
party_list_20_8_16,พลังเพื่อไทย,0
party_list_20_8_17,ไทยชนะ,0
party_list_20_8_18,พลังสังคมใหม่,0
party_list_20_8_19,สังคมประชาธิปไตยไทย,0
party_list_20_8_20,ฟิวชัน,0
party_list_20_8_21,ไทรวมพลัง,0
party_list_20_8_22,ก้าวอิสระ,0
party_list_20_8_23,ปวงชนไทย,0
party_list_20_8_24,วิชชั่นใหม่,0
party_list_20_8_25,เพื่อชีวิตใหม่,0
party_list_20_8_26,คลองไทย,0
party_list_20_8_27,ประชาธิปัตย์,0
party_list_20_8_28,ไทยก้าวหน้า,0
party_list_20_8_29,ไทยภักดี,0
party_list_20_8_30,แรงงานสร้างชาติ,0
party_list_20_8_31,ประชากรไทย,0
party_list_20_8_32,ครูไทยเพื่อประชาชน,0
party_list_20_8_33,ประชาชาติ,0
party_list_20_8_34,สร้างอนาคตไทย,0
party_list_20_8_35,รักชาติ,0
party_list_20_8_36,ไทยพร้อม,0
party_list_20_8_37,ภูมิใจไทย,0
party_list_20_8_38,พลังธรรมใหม่,0
party_list_20_8_39,กรีน,0
party_list_20_8_40,ไทยธรรม,0
party_list_20_8_41,แผ่นดินธรรม,0
party_list_20_8_42,กล้าธรรม,0
party_list_20_8_43,พลังประชารัฐ,0
party_list_20_8_44,โอกาสใหม่,0
party_list_20_8_45,เป็นธรรม,0
party_list_20_8_46,ประชาชน,0
party_list_20_8_47,ประชาไทย,0
party_list_20_8_48,ไทยสร้างไทย,0
party_list_20_8_49,ไทยก้าวใหม่,0
party_list_20_8_50,ประชาอาสาชาติ,0
party_list_20_8_51,พร้อม,0
party_list_20_8_52,เครือข่ายชาวนาแห่งประเทศไทย,0
party_list_20_8_53,ไทยพิทักษ์ธรรม,0
party_list_20_8_54,ความหวังใหม่,0
party_list_20_8_55,ไทยรวมไทย,0
party_list_20_8_56,เพื่อบ้านเมือง,0
party_list_20_8_57,พลังไทยรักชาติ,0
party_list_20_9_1,ไทยทรัพย์ทวี,0
party_list_20_9_2,เพื่อชาติไทย,0
party_list_20_9_3,ใหม่,0
party_list_20_9_4,มิติใหม่,0
party_list_20_9_5,รวมใจไทย,0
party_list_20_9_6,รวมไทยสร้างชาติ,0
party_list_20_9_7,พลวัต,0
party_list_20_9_8,ประชาธิปไตยใหม่,0
party_list_20_9_9,เพื่อไทย,0
party_list_20_9_10,ทางเลือกใหม่,0
party_list_20_9_11,เศรษฐกิจ,0
party_list_20_9_12,เสรีรวมไทย,0
party_list_20_9_13,รวมพลังประชาชน,0
party_list_20_9_14,ท้องที่ไทย,0
party_list_20_9_15,อนาคตไทย,0
party_list_20_9_16,พลังเพื่อไทย,0
party_list_20_9_17,ไทยชนะ,0
party_list_20_9_18,พลังสังคมใหม่,0
party_list_20_9_19,สังคมประชาธิปไตยไทย,0
party_list_20_9_20,ฟิวชัน,0
party_list_20_9_21,ไทรวมพลัง,0
party_list_20_9_22,ก้าวอิสระ,0
party_list_20_9_23,ปวงชนไทย,0
party_list_20_9_24,วิชชั่นใหม่,0
party_list_20_9_25,เพื่อชีวิตใหม่,0
party_list_20_9_26,คลองไทย,0
party_list_20_9_27,ประชาธิปัตย์,0
party_list_20_9_28,ไทยก้าวหน้า,0
party_list_20_9_29,ไทยภักดี,0
party_list_20_9_30,แรงงานสร้างชาติ,0
party_list_20_9_31,ประชากรไทย,0
party_list_20_9_32,ครูไทยเพื่อประชาชน,0
party_list_20_9_33,ประชาชาติ,0
party_list_20_9_34,สร้างอนาคตไทย,0
party_list_20_9_35,รักชาติ,0
party_list_20_9_36,ไทยพร้อม,0
party_list_20_9_37,ภูมิใจไทย,0
party_list_20_9_38,พลังธรรมใหม่,0
party_list_20_9_39,กรีน,0
party_list_20_9_40,ไทยธรรม,0
party_list_20_9_41,แผ่นดินธรรม,0
party_list_20_9_42,กล้าธรรม,0
party_list_20_9_43,พลังประชารัฐ,0
party_list_20_9_44,โอกาสใหม่,0
party_list_20_9_45,เป็นธรรม,0
party_list_20_9_46,ประชาชน,0
party_list_20_9_47,ประชาไทย,0
party_list_20_9_48,ไทยสร้างไทย,0
party_list_20_9_49,ไทยก้าวใหม่,0
party_list_20_9_50,ประชาอาสาชาติ,0
party_list_20_9_51,พร้อม,0
party_list_20_9_52,เครือข่ายชาวนาแห่งประเทศไทย,0
party_list_20_9_53,ไทยพิทักษ์ธรรม,0
party_list_20_9_54,ความหวังใหม่,0
party_list_20_9_55,ไทยรวมไทย,0
party_list_20_9_56,เพื่อบ้านเมือง,0
party_list_20_9_57,พลังไทยรักชาติ,0
party_list_21_1_1,ไทยทรัพย์ทวี,0
party_list_21_1_2,เพื่อชาติไทย,0
party_list_21_1_3,ใหม่,0
party_list_21_1_4,มิติใหม่,0
party_list_21_1_5,รวมใจไทย,0
party_list_21_1_6,รวมไทยสร้างชาติ,0
party_list_21_1_7,พลวัต,0
party_list_21_1_8,ประชาธิปไตยใหม่,0
party_list_21_1_9,เพื่อไทย,0
party_list_21_1_10,ทางเลือกใหม่,0
party_list_21_1_11,เศรษฐกิจ,0
party_list_21_1_12,เสรีรวมไทย,0
party_list_21_1_13,รวมพลังประชาชน,0
party_list_21_1_14,ท้องที่ไทย,0
party_list_21_1_15,อนาคตไทย,0
party_list_21_1_16,พลังเพื่อไทย,0
party_list_21_1_17,ไทยชนะ,0
party_list_21_1_18,พลังสังคมใหม่,0
party_list_21_1_19,สังคมประชาธิปไตยไทย,0
party_list_21_1_20,ฟิวชัน,0
party_list_21_1_21,ไทรวมพลัง,0
party_list_21_1_22,ก้าวอิสระ,0
party_list_21_1_23,ปวงชนไทย,0
party_list_21_1_24,วิชชั่นใหม่,0
party_list_21_1_25,เพื่อชีวิตใหม่,0
party_list_21_1_26,คลองไทย,0
party_list_21_1_27,ประชาธิปัตย์,0
party_list_21_1_28,ไทยก้าวหน้า,0
party_list_21_1_29,ไทยภักดี,0
party_list_21_1_30,แรงงานสร้างชาติ,0
party_list_21_1_31,ประชากรไทย,0
party_list_21_1_32,ครูไทยเพื่อประชาชน,0
party_list_21_1_33,ประชาชาติ,0
party_list_21_1_34,สร้างอนาคตไทย,0
party_list_21_1_35,รักชาติ,0
party_list_21_1_36,ไทยพร้อม,0
party_list_21_1_37,ภูมิใจไทย,0
party_list_21_1_38,พลังธรรมใหม่,0
party_list_21_1_39,กรีน,0
party_list_21_1_40,ไทยธรรม,0
party_list_21_1_41,แผ่นดินธรรม,0
party_list_21_1_42,กล้าธรรม,0
party_list_21_1_43,พลังประชารัฐ,0
party_list_21_1_44,โอกาสใหม่,0
party_list_21_1_45,เป็นธรรม,0
party_list_21_1_46,ประชาชน,0
party_list_21_1_47,ประชาไทย,0
party_list_21_1_48,ไทยสร้างไทย,0
party_list_21_1_49,ไทยก้าวใหม่,0
party_list_21_1_50,ประชาอาสาชาติ,0
party_list_21_1_51,พร้อม,0
party_list_21_1_52,เครือข่ายชาวนาแห่งประเทศไทย,0
party_list_21_1_53,ไทยพิทักษ์ธรรม,0
party_list_21_1_54,ความหวังใหม่,0
party_list_21_1_55,ไทยรวมไทย,0
party_list_21_1_56,เพื่อบ้านเมือง,0
party_list_21_1_57,พลังไทยรักชาติ,0
party_list_21_2_1,ไทยทรัพย์ทวี,0
party_list_21_2_2,เพื่อชาติไทย,0
party_list_21_2_3,ใหม่,0
party_list_21_2_4,มิติใหม่,0
party_list_21_2_5,รวมใจไทย,0
party_list_21_2_6,รวมไทยสร้างชาติ,0
party_list_21_2_7,พลวัต,0
party_list_21_2_8,ประชาธิปไตยใหม่,0
party_list_21_2_9,เพื่อไทย,0
party_list_21_2_10,ทางเลือกใหม่,0
party_list_21_2_11,เศรษฐกิจ,0
party_list_21_2_12,เสรีรวมไทย,0
party_list_21_2_13,รวมพลังประชาชน,0
party_list_21_2_14,ท้องที่ไทย,0
party_list_21_2_15,อนาคตไทย,0
party_list_21_2_16,พลังเพื่อไทย,0
party_list_21_2_17,ไทยชนะ,0
party_list_21_2_18,พลังสังคมใหม่,0
party_list_21_2_19,สังคมประชาธิปไตยไทย,0
party_list_21_2_20,ฟิวชัน,0
party_list_21_2_21,ไทรวมพลัง,0
party_list_21_2_22,ก้าวอิสระ,0
party_list_21_2_23,ปวงชนไทย,0
party_list_21_2_24,วิชชั่นใหม่,0
party_list_21_2_25,เพื่อชีวิตใหม่,0
party_list_21_2_26,คลองไทย,0
party_list_21_2_27,ประชาธิปัตย์,0
party_list_21_2_28,ไทยก้าวหน้า,0
party_list_21_2_29,ไทยภักดี,0
party_list_21_2_30,แรงงานสร้างชาติ,0
party_list_21_2_31,ประชากรไทย,0
party_list_21_2_32,ครูไทยเพื่อประชาชน,0
party_list_21_2_33,ประชาชาติ,0
party_list_21_2_34,สร้างอนาคตไทย,0
party_list_21_2_35,รักชาติ,0
party_list_21_2_36,ไทยพร้อม,0
party_list_21_2_37,ภูมิใจไทย,0
party_list_21_2_38,พลังธรรมใหม่,0
party_list_21_2_39,กรีน,0
party_list_21_2_40,ไทยธรรม,0
party_list_21_2_41,แผ่นดินธรรม,0
party_list_21_2_42,กล้าธรรม,0
party_list_21_2_43,พลังประชารัฐ,0
party_list_21_2_44,โอกาสใหม่,0
party_list_21_2_45,เป็นธรรม,0
party_list_21_2_46,ประชาชน,0
party_list_21_2_47,ประชาไทย,0
party_list_21_2_48,ไทยสร้างไทย,0
party_list_21_2_49,ไทยก้าวใหม่,0
party_list_21_2_50,ประชาอาสาชาติ,0
party_list_21_2_51,พร้อม,0
party_list_21_2_52,เครือข่ายชาวนาแห่งประเทศไทย,0
party_list_21_2_53,ไทยพิทักษ์ธรรม,0
party_list_21_2_54,ความหวังใหม่,0
party_list_21_2_55,ไทยรวมไทย,0
party_list_21_2_56,เพื่อบ้านเมือง,0
party_list_21_2_57,พลังไทยรักชาติ,0
party_list_21_3_1,ไทยทรัพย์ทวี,0
party_list_21_3_2,เพื่อชาติไทย,0
party_list_21_3_3,ใหม่,0
party_list_21_3_4,มิติใหม่,0
party_list_21_3_5,รวมใจไทย,0
party_list_21_3_6,รวมไทยสร้างชาติ,0
party_list_21_3_7,พลวัต,0
party_list_21_3_8,ประชาธิปไตยใหม่,0
party_list_21_3_9,เพื่อไทย,0
party_list_21_3_10,ทางเลือกใหม่,0
party_list_21_3_11,เศรษฐกิจ,0
party_list_21_3_12,เสรีรวมไทย,0
party_list_21_3_13,รวมพลังประชาชน,0
party_list_21_3_14,ท้องที่ไทย,0
party_list_21_3_15,อนาคตไทย,0
party_list_21_3_16,พลังเพื่อไทย,0
party_list_21_3_17,ไทยชนะ,0
party_list_21_3_18,พลังสังคมใหม่,0
party_list_21_3_19,สังคมประชาธิปไตยไทย,0
party_list_21_3_20,ฟิวชัน,0
party_list_21_3_21,ไทรวมพลัง,0
party_list_21_3_22,ก้าวอิสระ,0
party_list_21_3_23,ปวงชนไทย,0
party_list_21_3_24,วิชชั่นใหม่,0
party_list_21_3_25,เพื่อชีวิตใหม่,0
party_list_21_3_26,คลองไทย,0
party_list_21_3_27,ประชาธิปัตย์,0
party_list_21_3_28,ไทยก้าวหน้า,0
party_list_21_3_29,ไทยภักดี,0
party_list_21_3_30,แรงงานสร้างชาติ,0
party_list_21_3_31,ประชากรไทย,0
party_list_21_3_32,ครูไทยเพื่อประชาชน,0
party_list_21_3_33,ประชาชาติ,0
party_list_21_3_34,สร้างอนาคตไทย,0
party_list_21_3_35,รักชาติ,0
party_list_21_3_36,ไทยพร้อม,0
party_list_21_3_37,ภูมิใจไทย,0
party_list_21_3_38,พลังธรรมใหม่,0
party_list_21_3_39,กรีน,0
party_list_21_3_40,ไทยธรรม,0
party_list_21_3_41,แผ่นดินธรรม,0
party_list_21_3_42,กล้าธรรม,0
party_list_21_3_43,พลังประชารัฐ,0
party_list_21_3_44,โอกาสใหม่,0
party_list_21_3_45,เป็นธรรม,0
party_list_21_3_46,ประชาชน,0
party_list_21_3_47,ประชาไทย,0
party_list_21_3_48,ไทยสร้างไทย,0
party_list_21_3_49,ไทยก้าวใหม่,0
party_list_21_3_50,ประชาอาสาชาติ,0
party_list_21_3_51,พร้อม,0
party_list_21_3_52,เครือข่ายชาวนาแห่งประเทศไทย,0
party_list_21_3_53,ไทยพิทักษ์ธรรม,0
party_list_21_3_54,ความหวังใหม่,0
party_list_21_3_55,ไทยรวมไทย,0
party_list_21_3_56,เพื่อบ้านเมือง,0
party_list_21_3_57,พลังไทยรักชาติ,0
party_list_21_4_1,ไทยทรัพย์ทวี,0
party_list_21_4_2,เพื่อชาติไทย,0
party_list_21_4_3,ใหม่,0
party_list_21_4_4,มิติใหม่,0
party_list_21_4_5,รวมใจไทย,0
party_list_21_4_6,รวมไทยสร้างชาติ,0
party_list_21_4_7,พลวัต,0
party_list_21_4_8,ประชาธิปไตยใหม่,0
party_list_21_4_9,เพื่อไทย,0
party_list_21_4_10,ทางเลือกใหม่,0
party_list_21_4_11,เศรษฐกิจ,0
party_list_21_4_12,เสรีรวมไทย,0
party_list_21_4_13,รวมพลังประชาชน,0
party_list_21_4_14,ท้องที่ไทย,0
party_list_21_4_15,อนาคตไทย,0
party_list_21_4_16,พลังเพื่อไทย,0
party_list_21_4_17,ไทยชนะ,0
party_list_21_4_18,พลังสังคมใหม่,0
party_list_21_4_19,สังคมประชาธิปไตยไทย,0
party_list_21_4_20,ฟิวชัน,0
party_list_21_4_21,ไทรวมพลัง,0
party_list_21_4_22,ก้าวอิสระ,0
party_list_21_4_23,ปวงชนไทย,0
party_list_21_4_24,วิชชั่นใหม่,0
party_list_21_4_25,เพื่อชีวิตใหม่,0
party_list_21_4_26,คลองไทย,0
party_list_21_4_27,ประชาธิปัตย์,0
party_list_21_4_28,ไทยก้าวหน้า,0
party_list_21_4_29,ไทยภักดี,0
party_list_21_4_30,แรงงานสร้างชาติ,0
party_list_21_4_31,ประชากรไทย,0
party_list_21_4_32,ครูไทยเพื่อประชาชน,0
party_list_21_4_33,ประชาชาติ,0
party_list_21_4_34,สร้างอนาคตไทย,0
party_list_21_4_35,รักชาติ,0
party_list_21_4_36,ไทยพร้อม,0
party_list_21_4_37,ภูมิใจไทย,0
party_list_21_4_38,พลังธรรมใหม่,0
party_list_21_4_39,กรีน,0
party_list_21_4_40,ไทยธรรม,0
party_list_21_4_41,แผ่นดินธรรม,0
party_list_21_4_42,กล้าธรรม,0
party_list_21_4_43,พลังประชารัฐ,0
party_list_21_4_44,โอกาสใหม่,0
party_list_21_4_45,เป็นธรรม,0
party_list_21_4_46,ประชาชน,0
party_list_21_4_47,ประชาไทย,0
party_list_21_4_48,ไทยสร้างไทย,0
party_list_21_4_49,ไทยก้าวใหม่,0
party_list_21_4_50,ประชาอาสาชาติ,0
party_list_21_4_51,พร้อม,0
party_list_21_4_52,เครือข่ายชาวนาแห่งประเทศไทย,0
party_list_21_4_53,ไทยพิทักษ์ธรรม,0
party_list_21_4_54,ความหวังใหม่,0
party_list_21_4_55,ไทยรวมไทย,0
party_list_21_4_56,เพื่อบ้านเมือง,0
party_list_21_4_57,พลังไทยรักชาติ,0
party_list_21_5_1,ไทยทรัพย์ทวี,0
party_list_21_5_2,เพื่อชาติไทย,0
party_list_21_5_3,ใหม่,0
party_list_21_5_4,มิติใหม่,0
party_list_21_5_5,รวมใจไทย,0
party_list_21_5_6,รวมไทยสร้างชาติ,0
party_list_21_5_7,พลวัต,0
party_list_21_5_8,ประชาธิปไตยใหม่,0
party_list_21_5_9,เพื่อไทย,0
party_list_21_5_10,ทางเลือกใหม่,0
party_list_21_5_11,เศรษฐกิจ,0
party_list_21_5_12,เสรีรวมไทย,0
party_list_21_5_13,รวมพลังประชาชน,0
party_list_21_5_14,ท้องที่ไทย,0
party_list_21_5_15,อนาคตไทย,0
party_list_21_5_16,พลังเพื่อไทย,0
party_list_21_5_17,ไทยชนะ,0
party_list_21_5_18,พลังสังคมใหม่,0
party_list_21_5_19,สังคมประชาธิปไตยไทย,0
party_list_21_5_20,ฟิวชัน,0
party_list_21_5_21,ไทรวมพลัง,0
party_list_21_5_22,ก้าวอิสระ,0
party_list_21_5_23,ปวงชนไทย,0
party_list_21_5_24,วิชชั่นใหม่,0
party_list_21_5_25,เพื่อชีวิตใหม่,0
party_list_21_5_26,คลองไทย,0
party_list_21_5_27,ประชาธิปัตย์,0
party_list_21_5_28,ไทยก้าวหน้า,0
party_list_21_5_29,ไทยภักดี,0
party_list_21_5_30,แรงงานสร้างชาติ,0
party_list_21_5_31,ประชากรไทย,0
party_list_21_5_32,ครูไทยเพื่อประชาชน,0
party_list_21_5_33,ประชาชาติ,0
party_list_21_5_34,สร้างอนาคตไทย,0
party_list_21_5_35,รักชาติ,0
party_list_21_5_36,ไทยพร้อม,0
party_list_21_5_37,ภูมิใจไทย,0
party_list_21_5_38,พลังธรรมใหม่,0
party_list_21_5_39,กรีน,0
party_list_21_5_40,ไทยธรรม,0
party_list_21_5_41,แผ่นดินธรรม,0
party_list_21_5_42,กล้าธรรม,0
party_list_21_5_43,พลังประชารัฐ,0
party_list_21_5_44,โอกาสใหม่,0
party_list_21_5_45,เป็นธรรม,0
party_list_21_5_46,ประชาชน,0
party_list_21_5_47,ประชาไทย,0
party_list_21_5_48,ไทยสร้างไทย,0
party_list_21_5_49,ไทยก้าวใหม่,0
party_list_21_5_50,ประชาอาสาชาติ,0
party_list_21_5_51,พร้อม,0
party_list_21_5_52,เครือข่ายชาวนาแห่งประเทศไทย,0
party_list_21_5_53,ไทยพิทักษ์ธรรม,0
party_list_21_5_54,ความหวังใหม่,0
party_list_21_5_55,ไทยรวมไทย,0
party_list_21_5_56,เพื่อบ้านเมือง,0
party_list_21_5_57,พลังไทยรักชาติ,0
party_list_22_1_1,ไทยทรัพย์ทวี,0
party_list_22_1_2,เพื่อชาติไทย,0
party_list_22_1_3,ใหม่,0
party_list_22_1_4,มิติใหม่,0
party_list_22_1_5,รวมใจไทย,0
party_list_22_1_6,รวมไทยสร้างชาติ,0
party_list_22_1_7,พลวัต,0
party_list_22_1_8,ประชาธิปไตยใหม่,0
party_list_22_1_9,เพื่อไทย,0
party_list_22_1_10,ทางเลือกใหม่,0
party_list_22_1_11,เศรษฐกิจ,0
party_list_22_1_12,เสรีรวมไทย,0
party_list_22_1_13,รวมพลังประชาชน,0
party_list_22_1_14,ท้องที่ไทย,0
party_list_22_1_15,อนาคตไทย,0
party_list_22_1_16,พลังเพื่อไทย,0
party_list_22_1_17,ไทยชนะ,0
party_list_22_1_18,พลังสังคมใหม่,0
party_list_22_1_19,สังคมประชาธิปไตยไทย,0
party_list_22_1_20,ฟิวชัน,0
party_list_22_1_21,ไทรวมพลัง,0
party_list_22_1_22,ก้าวอิสระ,0
party_list_22_1_23,ปวงชนไทย,0
party_list_22_1_24,วิชชั่นใหม่,0
party_list_22_1_25,เพื่อชีวิตใหม่,0
party_list_22_1_26,คลองไทย,0
party_list_22_1_27,ประชาธิปัตย์,0
party_list_22_1_28,ไทยก้าวหน้า,0
party_list_22_1_29,ไทยภักดี,0
party_list_22_1_30,แรงงานสร้างชาติ,0
party_list_22_1_31,ประชากรไทย,0
party_list_22_1_32,ครูไทยเพื่อประชาชน,0
party_list_22_1_33,ประชาชาติ,0
party_list_22_1_34,สร้างอนาคตไทย,0
party_list_22_1_35,รักชาติ,0
party_list_22_1_36,ไทยพร้อม,0
party_list_22_1_37,ภูมิใจไทย,0
party_list_22_1_38,พลังธรรมใหม่,0
party_list_22_1_39,กรีน,0
party_list_22_1_40,ไทยธรรม,0
party_list_22_1_41,แผ่นดินธรรม,0
party_list_22_1_42,กล้าธรรม,0
party_list_22_1_43,พลังประชารัฐ,0
party_list_22_1_44,โอกาสใหม่,0
party_list_22_1_45,เป็นธรรม,0
party_list_22_1_46,ประชาชน,0
party_list_22_1_47,ประชาไทย,0
party_list_22_1_48,ไทยสร้างไทย,0
party_list_22_1_49,ไทยก้าวใหม่,0
party_list_22_1_50,ประชาอาสาชาติ,0
party_list_22_1_51,พร้อม,0
party_list_22_1_52,เครือข่ายชาวนาแห่งประเทศไทย,0
party_list_22_1_53,ไทยพิทักษ์ธรรม,0
party_list_22_1_54,ความหวังใหม่,0
party_list_22_1_55,ไทยรวมไทย,0
party_list_22_1_56,เพื่อบ้านเมือง,0
party_list_22_1_57,พลังไทยรักชาติ,0
party_list_22_2_1,ไทยทรัพย์ทวี,0
party_list_22_2_2,เพื่อชาติไทย,0
party_list_22_2_3,ใหม่,0
party_list_22_2_4,มิติใหม่,0
party_list_22_2_5,รวมใจไทย,0
party_list_22_2_6,รวมไทยสร้างชาติ,0
party_list_22_2_7,พลวัต,0
party_list_22_2_8,ประชาธิปไตยใหม่,0
party_list_22_2_9,เพื่อไทย,0
party_list_22_2_10,ทางเลือกใหม่,0
party_list_22_2_11,เศรษฐกิจ,0
party_list_22_2_12,เสรีรวมไทย,0
party_list_22_2_13,รวมพลังประชาชน,0
party_list_22_2_14,ท้องที่ไทย,0
party_list_22_2_15,อนาคตไทย,0
party_list_22_2_16,พลังเพื่อไทย,0
party_list_22_2_17,ไทยชนะ,0
party_list_22_2_18,พลังสังคมใหม่,0
party_list_22_2_19,สังคมประชาธิปไตยไทย,0
party_list_22_2_20,ฟิวชัน,0
party_list_22_2_21,ไทรวมพลัง,0
party_list_22_2_22,ก้าวอิสระ,0
party_list_22_2_23,ปวงชนไทย,0
party_list_22_2_24,วิชชั่นใหม่,0
party_list_22_2_25,เพื่อชีวิตใหม่,0
party_list_22_2_26,คลองไทย,0
party_list_22_2_27,ประชาธิปัตย์,0
party_list_22_2_28,ไทยก้าวหน้า,0
party_list_22_2_29,ไทยภักดี,0
party_list_22_2_30,แรงงานสร้างชาติ,0
party_list_22_2_31,ประชากรไทย,0
party_list_22_2_32,ครูไทยเพื่อประชาชน,0
party_list_22_2_33,ประชาชาติ,0
party_list_22_2_34,สร้างอนาคตไทย,0
party_list_22_2_35,รักชาติ,0
party_list_22_2_36,ไทยพร้อม,0
party_list_22_2_37,ภูมิใจไทย,0
party_list_22_2_38,พลังธรรมใหม่,0
party_list_22_2_39,กรีน,0
party_list_22_2_40,ไทยธรรม,0
party_list_22_2_41,แผ่นดินธรรม,0
party_list_22_2_42,กล้าธรรม,0
party_list_22_2_43,พลังประชารัฐ,0
party_list_22_2_44,โอกาสใหม่,0
party_list_22_2_45,เป็นธรรม,0
party_list_22_2_46,ประชาชน,0
party_list_22_2_47,ประชาไทย,0
party_list_22_2_48,ไทยสร้างไทย,0
party_list_22_2_49,ไทยก้าวใหม่,0
party_list_22_2_50,ประชาอาสาชาติ,0
party_list_22_2_51,พร้อม,0
party_list_22_2_52,เครือข่ายชาวนาแห่งประเทศไทย,0
party_list_22_2_53,ไทยพิทักษ์ธรรม,0
party_list_22_2_54,ความหวังใหม่,0
party_list_22_2_55,ไทยรวมไทย,0
party_list_22_2_56,เพื่อบ้านเมือง,0
party_list_22_2_57,พลังไทยรักชาติ,0
party_list_22_3_1,ไทยทรัพย์ทวี,0
party_list_22_3_2,เพื่อชาติไทย,0
party_list_22_3_3,ใหม่,0
party_list_22_3_4,มิติใหม่,0
party_list_22_3_5,รวมใจไทย,0
party_list_22_3_6,รวมไทยสร้างชาติ,0
party_list_22_3_7,พลวัต,0
party_list_22_3_8,ประชาธิปไตยใหม่,0
party_list_22_3_9,เพื่อไทย,0
party_list_22_3_10,ทางเลือกใหม่,0
party_list_22_3_11,เศรษฐกิจ,0
party_list_22_3_12,เสรีรวมไทย,0
party_list_22_3_13,รวมพลังประชาชน,0
party_list_22_3_14,ท้องที่ไทย,0
party_list_22_3_15,อนาคตไทย,0
party_list_22_3_16,พลังเพื่อไทย,0
party_list_22_3_17,ไทยชนะ,0
party_list_22_3_18,พลังสังคมใหม่,0
party_list_22_3_19,สังคมประชาธิปไตยไทย,0
party_list_22_3_20,ฟิวชัน,0
party_list_22_3_21,ไทรวมพลัง,0
party_list_22_3_22,ก้าวอิสระ,0
party_list_22_3_23,ปวงชนไทย,0
party_list_22_3_24,วิชชั่นใหม่,0
party_list_22_3_25,เพื่อชีวิตใหม่,0
party_list_22_3_26,คลองไทย,0
party_list_22_3_27,ประชาธิปัตย์,0
party_list_22_3_28,ไทยก้าวหน้า,0
party_list_22_3_29,ไทยภักดี,0
party_list_22_3_30,แรงงานสร้างชาติ,0
party_list_22_3_31,ประชากรไทย,0
party_list_22_3_32,ครูไทยเพื่อประชาชน,0
party_list_22_3_33,ประชาชาติ,0
party_list_22_3_34,สร้างอนาคตไทย,0
party_list_22_3_35,รักชาติ,0
party_list_22_3_36,ไทยพร้อม,0
party_list_22_3_37,ภูมิใจไทย,0
party_list_22_3_38,พลังธรรมใหม่,0
party_list_22_3_39,กรีน,0
party_list_22_3_40,ไทยธรรม,0
party_list_22_3_41,แผ่นดินธรรม,0
party_list_22_3_42,กล้าธรรม,0
party_list_22_3_43,พลังประชารัฐ,0
party_list_22_3_44,โอกาสใหม่,0
party_list_22_3_45,เป็นธรรม,0
party_list_22_3_46,ประชาชน,0
party_list_22_3_47,ประชาไทย,0
party_list_22_3_48,ไทยสร้างไทย,0
party_list_22_3_49,ไทยก้าวใหม่,0
party_list_22_3_50,ประชาอาสาชาติ,0
party_list_22_3_51,พร้อม,0
party_list_22_3_52,เครือข่ายชาวนาแห่งประเทศไทย,0
party_list_22_3_53,ไทยพิทักษ์ธรรม,0
party_list_22_3_54,ความหวังใหม่,0
party_list_22_3_55,ไทยรวมไทย,0
party_list_22_3_56,เพื่อบ้านเมือง,0
party_list_22_3_57,พลังไทยรักชาติ,0
party_list_23_1_1,ไทยทรัพย์ทวี,0
party_list_23_1_2,เพื่อชาติไทย,0
party_list_23_1_3,ใหม่,0
party_list_23_1_4,มิติใหม่,0
party_list_23_1_5,รวมใจไทย,0
party_list_23_1_6,รวมไทยสร้างชาติ,0
party_list_23_1_7,พลวัต,0
party_list_23_1_8,ประชาธิปไตยใหม่,0
party_list_23_1_9,เพื่อไทย,0
party_list_23_1_10,ทางเลือกใหม่,0
party_list_23_1_11,เศรษฐกิจ,0
party_list_23_1_12,เสรีรวมไทย,0
party_list_23_1_13,รวมพลังประชาชน,0
party_list_23_1_14,ท้องที่ไทย,0
party_list_23_1_15,อนาคตไทย,0
party_list_23_1_16,พลังเพื่อไทย,0
party_list_23_1_17,ไทยชนะ,0
party_list_23_1_18,พลังสังคมใหม่,0
party_list_23_1_19,สังคมประชาธิปไตยไทย,0
party_list_23_1_20,ฟิวชัน,0
party_list_23_1_21,ไทรวมพลัง,0
party_list_23_1_22,ก้าวอิสระ,0
party_list_23_1_23,ปวงชนไทย,0
party_list_23_1_24,วิชชั่นใหม่,0
party_list_23_1_25,เพื่อชีวิตใหม่,0
party_list_23_1_26,คลองไทย,0
party_list_23_1_27,ประชาธิปัตย์,0
party_list_23_1_28,ไทยก้าวหน้า,0
party_list_23_1_29,ไทยภักดี,0
party_list_23_1_30,แรงงานสร้างชาติ,0
party_list_23_1_31,ประชากรไทย,0
party_list_23_1_32,ครูไทยเพื่อประชาชน,0
party_list_23_1_33,ประชาชาติ,0
party_list_23_1_34,สร้างอนาคตไทย,0
party_list_23_1_35,รักชาติ,0
party_list_23_1_36,ไทยพร้อม,0
party_list_23_1_37,ภูมิใจไทย,0
party_list_23_1_38,พลังธรรมใหม่,0
party_list_23_1_39,กรีน,0
party_list_23_1_40,ไทยธรรม,0
party_list_23_1_41,แผ่นดินธรรม,0
party_list_23_1_42,กล้าธรรม,0
party_list_23_1_43,พลังประชารัฐ,0
party_list_23_1_44,โอกาสใหม่,0
party_list_23_1_45,เป็นธรรม,0
party_list_23_1_46,ประชาชน,0
party_list_23_1_47,ประชาไทย,0
party_list_23_1_48,ไทยสร้างไทย,0
party_list_23_1_49,ไทยก้าวใหม่,0
party_list_23_1_50,ประชาอาสาชาติ,0
party_list_23_1_51,พร้อม,0
party_list_23_1_52,เครือข่ายชาวนาแห่งประเทศไทย,0
party_list_23_1_53,ไทยพิทักษ์ธรรม,0
party_list_23_1_54,ความหวังใหม่,0
party_list_23_1_55,ไทยรวมไทย,0
party_list_23_1_56,เพื่อบ้านเมือง,0
party_list_23_1_57,พลังไทยรักชาติ,0
party_list_24_1_1,ไทยทรัพย์ทวี,0
party_list_24_1_2,เพื่อชาติไทย,0
party_list_24_1_3,ใหม่,0
party_list_24_1_4,มิติใหม่,0
party_list_24_1_5,รวมใจไทย,0
party_list_24_1_6,รวมไทยสร้างชาติ,0
party_list_24_1_7,พลวัต,0
party_list_24_1_8,ประชาธิปไตยใหม่,0
party_list_24_1_9,เพื่อไทย,0
party_list_24_1_10,ทางเลือกใหม่,0
party_list_24_1_11,เศรษฐกิจ,0
party_list_24_1_12,เสรีรวมไทย,0
party_list_24_1_13,รวมพลังประชาชน,0
party_list_24_1_14,ท้องที่ไทย,0
party_list_24_1_15,อนาคตไทย,0
party_list_24_1_16,พลังเพื่อไทย,0
party_list_24_1_17,ไทยชนะ,0
party_list_24_1_18,พลังสังคมใหม่,0
party_list_24_1_19,สังคมประชาธิปไตยไทย,0
party_list_24_1_20,ฟิวชัน,0
party_list_24_1_21,ไทรวมพลัง,0
party_list_24_1_22,ก้าวอิสระ,0
party_list_24_1_23,ปวงชนไทย,0
party_list_24_1_24,วิชชั่นใหม่,0
party_list_24_1_25,เพื่อชีวิตใหม่,0
party_list_24_1_26,คลองไทย,0
party_list_24_1_27,ประชาธิปัตย์,0
party_list_24_1_28,ไทยก้าวหน้า,0
party_list_24_1_29,ไทยภักดี,0
party_list_24_1_30,แรงงานสร้างชาติ,0
party_list_24_1_31,ประชากรไทย,0
party_list_24_1_32,ครูไทยเพื่อประชาชน,0
party_list_24_1_33,ประชาชาติ,0
party_list_24_1_34,สร้างอนาคตไทย,0
party_list_24_1_35,รักชาติ,0
party_list_24_1_36,ไทยพร้อม,0
party_list_24_1_37,ภูมิใจไทย,0
party_list_24_1_38,พลังธรรมใหม่,0
party_list_24_1_39,กรีน,0
party_list_24_1_40,ไทยธรรม,0
party_list_24_1_41,แผ่นดินธรรม,0
party_list_24_1_42,กล้าธรรม,0
party_list_24_1_43,พลังประชารัฐ,0
party_list_24_1_44,โอกาสใหม่,0
party_list_24_1_45,เป็นธรรม,0
party_list_24_1_46,ประชาชน,0
party_list_24_1_47,ประชาไทย,0
party_list_24_1_48,ไทยสร้างไทย,0
party_list_24_1_49,ไทยก้าวใหม่,0
party_list_24_1_50,ประชาอาสาชาติ,0
party_list_24_1_51,พร้อม,0
party_list_24_1_52,เครือข่ายชาวนาแห่งประเทศไทย,0
party_list_24_1_53,ไทยพิทักษ์ธรรม,0
party_list_24_1_54,ความหวังใหม่,0
party_list_24_1_55,ไทยรวมไทย,0
party_list_24_1_56,เพื่อบ้านเมือง,0
party_list_24_1_57,พลังไทยรักชาติ,0
party_list_24_2_1,ไทยทรัพย์ทวี,0
party_list_24_2_2,เพื่อชาติไทย,0
party_list_24_2_3,ใหม่,0
party_list_24_2_4,มิติใหม่,0
party_list_24_2_5,รวมใจไทย,0
party_list_24_2_6,รวมไทยสร้างชาติ,0
party_list_24_2_7,พลวัต,0
party_list_24_2_8,ประชาธิปไตยใหม่,0
party_list_24_2_9,เพื่อไทย,0
party_list_24_2_10,ทางเลือกใหม่,0
party_list_24_2_11,เศรษฐกิจ,0
party_list_24_2_12,เสรีรวมไทย,0
party_list_24_2_13,รวมพลังประชาชน,0
party_list_24_2_14,ท้องที่ไทย,0
party_list_24_2_15,อนาคตไทย,0
party_list_24_2_16,พลังเพื่อไทย,0
party_list_24_2_17,ไทยชนะ,0
party_list_24_2_18,พลังสังคมใหม่,0
party_list_24_2_19,สังคมประชาธิปไตยไทย,0
party_list_24_2_20,ฟิวชัน,0
party_list_24_2_21,ไทรวมพลัง,0
party_list_24_2_22,ก้าวอิสระ,0
party_list_24_2_23,ปวงชนไทย,0
party_list_24_2_24,วิชชั่นใหม่,0
party_list_24_2_25,เพื่อชีวิตใหม่,0
party_list_24_2_26,คลองไทย,0
party_list_24_2_27,ประชาธิปัตย์,0
party_list_24_2_28,ไทยก้าวหน้า,0
party_list_24_2_29,ไทยภักดี,0
party_list_24_2_30,แรงงานสร้างชาติ,0
party_list_24_2_31,ประชากรไทย,0
party_list_24_2_32,ครูไทยเพื่อประชาชน,0
party_list_24_2_33,ประชาชาติ,0
party_list_24_2_34,สร้างอนาคตไทย,0
party_list_24_2_35,รักชาติ,0
party_list_24_2_36,ไทยพร้อม,0
party_list_24_2_37,ภูมิใจไทย,0
party_list_24_2_38,พลังธรรมใหม่,0
party_list_24_2_39,กรีน,0
party_list_24_2_40,ไทยธรรม,0
party_list_24_2_41,แผ่นดินธรรม,0
party_list_24_2_42,กล้าธรรม,0
party_list_24_2_43,พลังประชารัฐ,0
party_list_24_2_44,โอกาสใหม่,0
party_list_24_2_45,เป็นธรรม,0
party_list_24_2_46,ประชาชน,0
party_list_24_2_47,ประชาไทย,0
party_list_24_2_48,ไทยสร้างไทย,0
party_list_24_2_49,ไทยก้าวใหม่,0
party_list_24_2_50,ประชาอาสาชาติ,0
party_list_24_2_51,พร้อม,0
party_list_24_2_52,เครือข่ายชาวนาแห่งประเทศไทย,0
party_list_24_2_53,ไทยพิทักษ์ธรรม,0
party_list_24_2_54,ความหวังใหม่,0
party_list_24_2_55,ไทยรวมไทย,0
party_list_24_2_56,เพื่อบ้านเมือง,0
party_list_24_2_57,พลังไทยรักชาติ,0
party_list_24_3_1,ไทยทรัพย์ทวี,0
party_list_24_3_2,เพื่อชาติไทย,0
party_list_24_3_3,ใหม่,0
party_list_24_3_4,มิติใหม่,0
party_list_24_3_5,รวมใจไทย,0
party_list_24_3_6,รวมไทยสร้างชาติ,0
party_list_24_3_7,พลวัต,0
party_list_24_3_8,ประชาธิปไตยใหม่,0
party_list_24_3_9,เพื่อไทย,0
party_list_24_3_10,ทางเลือกใหม่,0
party_list_24_3_11,เศรษฐกิจ,0
party_list_24_3_12,เสรีรวมไทย,0
party_list_24_3_13,รวมพลังประชาชน,0
party_list_24_3_14,ท้องที่ไทย,0
party_list_24_3_15,อนาคตไทย,0
party_list_24_3_16,พลังเพื่อไทย,0
party_list_24_3_17,ไทยชนะ,0
party_list_24_3_18,พลังสังคมใหม่,0
party_list_24_3_19,สังคมประชาธิปไตยไทย,0
party_list_24_3_20,ฟิวชัน,0
party_list_24_3_21,ไทรวมพลัง,0
party_list_24_3_22,ก้าวอิสระ,0
party_list_24_3_23,ปวงชนไทย,0
party_list_24_3_24,วิชชั่นใหม่,0
party_list_24_3_25,เพื่อชีวิตใหม่,0
party_list_24_3_26,คลองไทย,0
party_list_24_3_27,ประชาธิปัตย์,0
party_list_24_3_28,ไทยก้าวหน้า,0
party_list_24_3_29,ไทยภักดี,0
party_list_24_3_30,แรงงานสร้างชาติ,0
party_list_24_3_31,ประชากรไทย,0
party_list_24_3_32,ครูไทยเพื่อประชาชน,0
party_list_24_3_33,ประชาชาติ,0
party_list_24_3_34,สร้างอนาคตไทย,0
party_list_24_3_35,รักชาติ,0
party_list_24_3_36,ไทยพร้อม,0
party_list_24_3_37,ภูมิใจไทย,0
party_list_24_3_38,พลังธรรมใหม่,0
party_list_24_3_39,กรีน,0
party_list_24_3_40,ไทยธรรม,0
party_list_24_3_41,แผ่นดินธรรม,0
party_list_24_3_42,กล้าธรรม,0
party_list_24_3_43,พลังประชารัฐ,0
party_list_24_3_44,โอกาสใหม่,0
party_list_24_3_45,เป็นธรรม,0
party_list_24_3_46,ประชาชน,0
party_list_24_3_47,ประชาไทย,0
party_list_24_3_48,ไทยสร้างไทย,0
party_list_24_3_49,ไทยก้าวใหม่,0
party_list_24_3_50,ประชาอาสาชาติ,0
party_list_24_3_51,พร้อม,0
party_list_24_3_52,เครือข่ายชาวนาแห่งประเทศไทย,0
party_list_24_3_53,ไทยพิทักษ์ธรรม,0
party_list_24_3_54,ความหวังใหม่,0
party_list_24_3_55,ไทยรวมไทย,0
party_list_24_3_56,เพื่อบ้านเมือง,0
party_list_24_3_57,พลังไทยรักชาติ,0
party_list_24_4_1,ไทยทรัพย์ทวี,0
party_list_24_4_2,เพื่อชาติไทย,0
party_list_24_4_3,ใหม่,0
party_list_24_4_4,มิติใหม่,0
party_list_24_4_5,รวมใจไทย,0
party_list_24_4_6,รวมไทยสร้างชาติ,0
party_list_24_4_7,พลวัต,0
party_list_24_4_8,ประชาธิปไตยใหม่,0
party_list_24_4_9,เพื่อไทย,0
party_list_24_4_10,ทางเลือกใหม่,0
party_list_24_4_11,เศรษฐกิจ,0
party_list_24_4_12,เสรีรวมไทย,0
party_list_24_4_13,รวมพลังประชาชน,0
party_list_24_4_14,ท้องที่ไทย,0
party_list_24_4_15,อนาคตไทย,0
party_list_24_4_16,พลังเพื่อไทย,0
party_list_24_4_17,ไทยชนะ,0
party_list_24_4_18,พลังสังคมใหม่,0
party_list_24_4_19,สังคมประชาธิปไตยไทย,0
party_list_24_4_20,ฟิวชัน,0
party_list_24_4_21,ไทรวมพลัง,0
party_list_24_4_22,ก้าวอิสระ,0
party_list_24_4_23,ปวงชนไทย,0
party_list_24_4_24,วิชชั่นใหม่,0
party_list_24_4_25,เพื่อชีวิตใหม่,0
party_list_24_4_26,คลองไทย,0
party_list_24_4_27,ประชาธิปัตย์,0
party_list_24_4_28,ไทยก้าวหน้า,0
party_list_24_4_29,ไทยภักดี,0
party_list_24_4_30,แรงงานสร้างชาติ,0
party_list_24_4_31,ประชากรไทย,0
party_list_24_4_32,ครูไทยเพื่อประชาชน,0
party_list_24_4_33,ประชาชาติ,0
party_list_24_4_34,สร้างอนาคตไทย,0
party_list_24_4_35,รักชาติ,0
party_list_24_4_36,ไทยพร้อม,0
party_list_24_4_37,ภูมิใจไทย,0
party_list_24_4_38,พลังธรรมใหม่,0
party_list_24_4_39,กรีน,0
party_list_24_4_40,ไทยธรรม,0
party_list_24_4_41,แผ่นดินธรรม,0
party_list_24_4_42,กล้าธรรม,0
party_list_24_4_43,พลังประชารัฐ,0
party_list_24_4_44,โอกาสใหม่,0
party_list_24_4_45,เป็นธรรม,0
party_list_24_4_46,ประชาชน,0
party_list_24_4_47,ประชาไทย,0
party_list_24_4_48,ไทยสร้างไทย,0
party_list_24_4_49,ไทยก้าวใหม่,0
party_list_24_4_50,ประชาอาสาชาติ,0
party_list_24_4_51,พร้อม,0
party_list_24_4_52,เครือข่ายชาวนาแห่งประเทศไทย,0
party_list_24_4_53,ไทยพิทักษ์ธรรม,0
party_list_24_4_54,ความหวังใหม่,0
party_list_24_4_55,ไทยรวมไทย,0
party_list_24_4_56,เพื่อบ้านเมือง,0
party_list_24_4_57,พลังไทยรักชาติ,0
party_list_25_1_1,ไทยทรัพย์ทวี,0
party_list_25_1_2,เพื่อชาติไทย,0
party_list_25_1_3,ใหม่,0
party_list_25_1_4,มิติใหม่,0
party_list_25_1_5,รวมใจไทย,0
party_list_25_1_6,รวมไทยสร้างชาติ,0
party_list_25_1_7,พลวัต,0
party_list_25_1_8,ประชาธิปไตยใหม่,0
party_list_25_1_9,เพื่อไทย,0
party_list_25_1_10,ทางเลือกใหม่,0
party_list_25_1_11,เศรษฐกิจ,0
party_list_25_1_12,เสรีรวมไทย,0
party_list_25_1_13,รวมพลังประชาชน,0
party_list_25_1_14,ท้องที่ไทย,0
party_list_25_1_15,อนาคตไทย,0
party_list_25_1_16,พลังเพื่อไทย,0
party_list_25_1_17,ไทยชนะ,0
party_list_25_1_18,พลังสังคมใหม่,0
party_list_25_1_19,สังคมประชาธิปไตยไทย,0
party_list_25_1_20,ฟิวชัน,0
party_list_25_1_21,ไทรวมพลัง,0
party_list_25_1_22,ก้าวอิสระ,0
party_list_25_1_23,ปวงชนไทย,0
party_list_25_1_24,วิชชั่นใหม่,0
party_list_25_1_25,เพื่อชีวิตใหม่,0
party_list_25_1_26,คลองไทย,0
party_list_25_1_27,ประชาธิปัตย์,0
party_list_25_1_28,ไทยก้าวหน้า,0
party_list_25_1_29,ไทยภักดี,0
party_list_25_1_30,แรงงานสร้างชาติ,0
party_list_25_1_31,ประชากรไทย,0
party_list_25_1_32,ครูไทยเพื่อประชาชน,0
party_list_25_1_33,ประชาชาติ,0
party_list_25_1_34,สร้างอนาคตไทย,0
party_list_25_1_35,รักชาติ,0
party_list_25_1_36,ไทยพร้อม,0
party_list_25_1_37,ภูมิใจไทย,0
party_list_25_1_38,พลังธรรมใหม่,0
party_list_25_1_39,กรีน,0
party_list_25_1_40,ไทยธรรม,0
party_list_25_1_41,แผ่นดินธรรม,0
party_list_25_1_42,กล้าธรรม,0
party_list_25_1_43,พลังประชารัฐ,0
party_list_25_1_44,โอกาสใหม่,0
party_list_25_1_45,เป็นธรรม,0
party_list_25_1_46,ประชาชน,0
party_list_25_1_47,ประชาไทย,0
party_list_25_1_48,ไทยสร้างไทย,0
party_list_25_1_49,ไทยก้าวใหม่,0
party_list_25_1_50,ประชาอาสาชาติ,0
party_list_25_1_51,พร้อม,0
party_list_25_1_52,เครือข่ายชาวนาแห่งประเทศไทย,0
party_list_25_1_53,ไทยพิทักษ์ธรรม,0
party_list_25_1_54,ความหวังใหม่,0
party_list_25_1_55,ไทยรวมไทย,0
party_list_25_1_56,เพื่อบ้านเมือง,0
party_list_25_1_57,พลังไทยรักชาติ,0
party_list_25_1_58,พลังไทยรักชาติ,0
party_list_25_1_59,พลังไทยรักชาติ,0
party_list_25_3_1,ไทยทรัพย์ทวี,0
party_list_25_3_2,เพื่อชาติไทย,0
party_list_25_3_3,ใหม่,0
party_list_25_3_4,มิติใหม่,0
party_list_25_3_5,รวมใจไทย,0
party_list_25_3_6,รวมไทยสร้างชาติ,0
party_list_25_3_7,พลวัต,0
party_list_25_3_8,ประชาธิปไตยใหม่,0
party_list_25_3_9,เพื่อไทย,0
party_list_25_3_10,ทางเลือกใหม่,0
party_list_25_3_11,เศรษฐกิจ,0
party_list_25_3_12,เสรีรวมไทย,0
party_list_25_3_13,รวมพลังประชาชน,0
party_list_25_3_14,ท้องที่ไทย,0
party_list_25_3_15,อนาคตไทย,0
party_list_25_3_16,พลังเพื่อไทย,0
party_list_25_3_17,ไทยชนะ,0
party_list_25_3_18,พลังสังคมใหม่,0
party_list_25_3_19,สังคมประชาธิปไตยไทย,0
party_list_25_3_20,ฟิวชัน,0
party_list_25_3_21,ไทรวมพลัง,0
party_list_25_3_22,ก้าวอิสระ,0
party_list_25_3_23,ปวงชนไทย,0
party_list_25_3_24,วิชชั่นใหม่,0
party_list_25_3_25,เพื่อชีวิตใหม่,0
party_list_25_3_26,คลองไทย,0
party_list_25_3_27,ประชาธิปัตย์,0
party_list_25_3_28,ไทยก้าวหน้า,0
party_list_25_3_29,ไทยภักดี,0
party_list_25_3_30,แรงงานสร้างชาติ,0
party_list_25_3_31,ประชากรไทย,0
party_list_25_3_32,ครูไทยเพื่อประชาชน,0
party_list_25_3_33,ประชาชาติ,0
party_list_25_3_34,สร้างอนาคตไทย,0
party_list_25_3_35,รักชาติ,0
party_list_25_3_36,ไทยพร้อม,0
party_list_25_3_37,ภูมิใจไทย,0
party_list_25_3_38,พลังธรรมใหม่,0
party_list_25_3_39,กรีน,0
party_list_25_3_40,ไทยธรรม,0
party_list_25_3_41,แผ่นดินธรรม,0
party_list_25_3_42,กล้าธรรม,0
party_list_25_3_43,พลังประชารัฐ,0
party_list_25_3_44,โอกาสใหม่,0
party_list_25_3_45,เป็นธรรม,0
party_list_25_3_46,ประชาชน,0
party_list_25_3_47,ประชาไทย,0
party_list_25_3_48,ไทยสร้างไทย,0
party_list_25_3_49,ไทยก้าวใหม่,0
party_list_25_3_50,ประชาอาสาชาติ,0
party_list_25_3_51,พร้อม,0
party_list_25_3_52,เครือข่ายชาวนาแห่งประเทศไทย,0
party_list_25_3_53,ไทยพิทักษ์ธรรม,0
party_list_25_3_54,ความหวังใหม่,0
party_list_25_3_55,ไทยรวมไทย,0
party_list_25_3_56,เพื่อบ้านเมือง,0
party_list_25_3_57,พลังไทยรักชาติ,0
party_list_26_1_1,ไทยทรัพย์ทวี,0
party_list_26_1_2,เพื่อชาติไทย,0
party_list_26_1_3,ใหม่,0
party_list_26_1_4,มิติใหม่,0
party_list_26_1_5,รวมใจไทย,0
party_list_26_1_6,รวมไทยสร้างชาติ,0
party_list_26_1_7,พลวัต,0
party_list_26_1_8,ประชาธิปไตยใหม่,0
party_list_26_1_9,เพื่อไทย,0
party_list_26_1_10,ทางเลือกใหม่,0
party_list_26_1_11,เศรษฐกิจ,0
party_list_26_1_12,เสรีรวมไทย,0
party_list_26_1_13,รวมพลังประชาชน,0
party_list_26_1_14,ท้องที่ไทย,0
party_list_26_1_15,อนาคตไทย,0
party_list_26_1_16,พลังเพื่อไทย,0
party_list_26_1_17,ไทยชนะ,0
party_list_26_1_18,พลังสังคมใหม่,0
party_list_26_1_19,สังคมประชาธิปไตยไทย,0
party_list_26_1_20,ฟิวชัน,0
party_list_26_1_21,ไทรวมพลัง,0
party_list_26_1_22,ก้าวอิสระ,0
party_list_26_1_23,ปวงชนไทย,0
party_list_26_1_24,วิชชั่นใหม่,0
party_list_26_1_25,เพื่อชีวิตใหม่,0
party_list_26_1_26,คลองไทย,0
party_list_26_1_27,ประชาธิปัตย์,0
party_list_26_1_28,ไทยก้าวหน้า,0
party_list_26_1_29,ไทยภักดี,0
party_list_26_1_30,แรงงานสร้างชาติ,0
party_list_26_1_31,ประชากรไทย,0
party_list_26_1_32,ครูไทยเพื่อประชาชน,0
party_list_26_1_33,ประชาชาติ,0
party_list_26_1_34,สร้างอนาคตไทย,0
party_list_26_1_35,รักชาติ,0
party_list_26_1_36,ไทยพร้อม,0
party_list_26_1_37,ภูมิใจไทย,0
party_list_26_1_38,พลังธรรมใหม่,0
party_list_26_1_39,กรีน,0
party_list_26_1_40,ไทยธรรม,0
party_list_26_1_41,แผ่นดินธรรม,0
party_list_26_1_42,กล้าธรรม,0
party_list_26_1_43,พลังประชารัฐ,0
party_list_26_1_44,โอกาสใหม่,0
party_list_26_1_45,เป็นธรรม,0
party_list_26_1_46,ประชาชน,0
party_list_26_1_47,ประชาไทย,0
party_list_26_1_48,ไทยสร้างไทย,0
party_list_26_1_49,ไทยก้าวใหม่,0
party_list_26_1_50,ประชาอาสาชาติ,0
party_list_26_1_51,พร้อม,0
party_list_26_1_52,เครือข่ายชาวนาแห่งประเทศไทย,0
party_list_26_1_53,ไทยพิทักษ์ธรรม,0
party_list_26_1_54,ความหวังใหม่,0
party_list_26_1_55,ไทยรวมไทย,0
party_list_26_1_56,เพื่อบ้านเมือง,0
party_list_26_1_57,พลังไทยรักชาติ,0
party_list_26_2_1,ไทยทรัพย์ทวี,0
party_list_26_2_2,เพื่อชาติไทย,0
party_list_26_2_3,ใหม่,0
party_list_26_2_4,มิติใหม่,0
party_list_26_2_5,รวมใจไทย,0
party_list_26_2_6,รวมไทยสร้างชาติ,0
party_list_26_2_7,พลวัต,0
party_list_26_2_8,ประชาธิปไตยใหม่,0
party_list_26_2_9,เพื่อไทย,0
party_list_26_2_10,ทางเลือกใหม่,0
party_list_26_2_11,เศรษฐกิจ,0
party_list_26_2_12,เสรีรวมไทย,0
party_list_26_2_13,รวมพลังประชาชน,0
party_list_26_2_14,ท้องที่ไทย,0
party_list_26_2_15,อนาคตไทย,0
party_list_26_2_16,พลังเพื่อไทย,0
party_list_26_2_17,ไทยชนะ,0
party_list_26_2_18,พลังสังคมใหม่,0
party_list_26_2_19,สังคมประชาธิปไตยไทย,0
party_list_26_2_20,ฟิวชัน,0
party_list_26_2_21,ไทรวมพลัง,0
party_list_26_2_22,ก้าวอิสระ,0
party_list_26_2_23,ปวงชนไทย,0
party_list_26_2_24,วิชชั่นใหม่,0
party_list_26_2_25,เพื่อชีวิตใหม่,0
party_list_26_2_26,คลองไทย,0
party_list_26_2_27,ประชาธิปัตย์,0
party_list_26_2_28,ไทยก้าวหน้า,0
party_list_26_2_29,ไทยภักดี,0
party_list_26_2_30,แรงงานสร้างชาติ,0
party_list_26_2_31,ประชากรไทย,0
party_list_26_2_32,ครูไทยเพื่อประชาชน,0
party_list_26_2_33,ประชาชาติ,0
party_list_26_2_34,สร้างอนาคตไทย,0
party_list_26_2_35,รักชาติ,0
party_list_26_2_36,ไทยพร้อม,0
party_list_26_2_37,ภูมิใจไทย,0
party_list_26_2_38,พลังธรรมใหม่,0
party_list_26_2_39,กรีน,0
party_list_26_2_40,ไทยธรรม,0
party_list_26_2_41,แผ่นดินธรรม,0
party_list_26_2_42,กล้าธรรม,0
party_list_26_2_43,พลังประชารัฐ,0
party_list_26_2_44,โอกาสใหม่,0
party_list_26_2_45,เป็นธรรม,0
party_list_26_2_46,ประชาชน,0
party_list_26_2_47,ประชาไทย,0
party_list_26_2_48,ไทยสร้างไทย,0
party_list_26_2_49,ไทยก้าวใหม่,0
party_list_26_2_50,ประชาอาสาชาติ,0
party_list_26_2_51,พร้อม,0
party_list_26_2_52,เครือข่ายชาวนาแห่งประเทศไทย,0
party_list_26_2_53,ไทยพิทักษ์ธรรม,0
party_list_26_2_54,ความหวังใหม่,0
party_list_26_2_55,ไทยรวมไทย,0
party_list_26_2_56,เพื่อบ้านเมือง,0
party_list_26_2_57,พลังไทยรักชาติ,0
party_list_27_1_1,ไทยทรัพย์ทวี,0
party_list_27_1_2,เพื่อชาติไทย,0
party_list_27_1_3,ใหม่,0
party_list_27_1_4,มิติใหม่,0
party_list_27_1_5,รวมใจไทย,0
party_list_27_1_6,รวมไทยสร้างชาติ,0
party_list_27_1_7,พลวัต,0
party_list_27_1_8,ประชาธิปไตยใหม่,0
party_list_27_1_9,เพื่อไทย,0
party_list_27_1_10,ทางเลือกใหม่,0
party_list_27_1_11,เศรษฐกิจ,0
party_list_27_1_12,เสรีรวมไทย,0
party_list_27_1_13,รวมพลังประชาชน,0
party_list_27_1_14,ท้องที่ไทย,0
party_list_27_1_15,อนาคตไทย,0
party_list_27_1_16,พลังเพื่อไทย,0
party_list_27_1_17,ไทยชนะ,0
party_list_27_1_18,พลังสังคมใหม่,0
party_list_27_1_19,สังคมประชาธิปไตยไทย,0
party_list_27_1_20,ฟิวชัน,0
party_list_27_1_21,ไทรวมพลัง,0
party_list_27_1_22,ก้าวอิสระ,0
party_list_27_1_23,ปวงชนไทย,0
party_list_27_1_24,วิชชั่นใหม่,0
party_list_27_1_25,เพื่อชีวิตใหม่,0
party_list_27_1_26,คลองไทย,0
party_list_27_1_27,ประชาธิปัตย์,0
party_list_27_1_28,ไทยก้าวหน้า,0
party_list_27_1_29,ไทยภักดี,0
party_list_27_1_30,แรงงานสร้างชาติ,0
party_list_27_1_31,ประชากรไทย,0
party_list_27_1_32,ครูไทยเพื่อประชาชน,0
party_list_27_1_33,ประชาชาติ,0
party_list_27_1_34,สร้างอนาคตไทย,0
party_list_27_1_35,รักชาติ,0
party_list_27_1_36,ไทยพร้อม,0
party_list_27_1_37,ภูมิใจไทย,0
party_list_27_1_38,พลังธรรมใหม่,0
party_list_27_1_39,กรีน,0
party_list_27_1_40,ไทยธรรม,0
party_list_27_1_41,แผ่นดินธรรม,0
party_list_27_1_42,กล้าธรรม,0
party_list_27_1_43,พลังประชารัฐ,0
party_list_27_1_44,โอกาสใหม่,0
party_list_27_1_45,เป็นธรรม,0
party_list_27_1_46,ประชาชน,0
party_list_27_1_47,ประชาไทย,0
party_list_27_1_48,ไทยสร้างไทย,0
party_list_27_1_49,ไทยก้าวใหม่,0
party_list_27_1_50,ประชาอาสาชาติ,0
party_list_27_1_51,พร้อม,0
party_list_27_1_52,เครือข่ายชาวนาแห่งประเทศไทย,0
party_list_27_1_53,ไทยพิทักษ์ธรรม,0
party_list_27_1_54,ความหวังใหม่,0
party_list_27_1_55,ไทยรวมไทย,0
party_list_27_1_56,เพื่อบ้านเมือง,0
party_list_27_1_57,พลังไทยรักชาติ,0
party_list_27_2_1,ไทยทรัพย์ทวี,0
party_list_27_2_2,เพื่อชาติไทย,0
party_list_27_2_3,ใหม่,0
party_list_27_2_4,มิติใหม่,0
party_list_27_2_5,รวมใจไทย,0
party_list_27_2_6,รวมไทยสร้างชาติ,0
party_list_27_2_7,พลวัต,0
party_list_27_2_8,ประชาธิปไตยใหม่,0
party_list_27_2_9,เพื่อไทย,0
party_list_27_2_10,ทางเลือกใหม่,0
party_list_27_2_11,เศรษฐกิจ,0
party_list_27_2_12,เสรีรวมไทย,0
party_list_27_2_13,รวมพลังประชาชน,0
party_list_27_2_14,ท้องที่ไทย,0
party_list_27_2_15,อนาคตไทย,0
party_list_27_2_16,พลังเพื่อไทย,0
party_list_27_2_17,ไทยชนะ,0
party_list_27_2_18,พลังสังคมใหม่,0
party_list_27_2_19,สังคมประชาธิปไตยไทย,0
party_list_27_2_20,ฟิวชัน,0
party_list_27_2_21,ไทรวมพลัง,0
party_list_27_2_22,ก้าวอิสระ,0
party_list_27_2_23,ปวงชนไทย,0
party_list_27_2_24,วิชชั่นใหม่,0
party_list_27_2_25,เพื่อชีวิตใหม่,0
party_list_27_2_26,คลองไทย,0
party_list_27_2_27,ประชาธิปัตย์,0
party_list_27_2_28,ไทยก้าวหน้า,0
party_list_27_2_29,ไทยภักดี,0
party_list_27_2_30,แรงงานสร้างชาติ,0
party_list_27_2_31,ประชากรไทย,0
party_list_27_2_32,ครูไทยเพื่อประชาชน,0
party_list_27_2_33,ประชาชาติ,0
party_list_27_2_34,สร้างอนาคตไทย,0
party_list_27_2_35,รักชาติ,0
party_list_27_2_36,ไทยพร้อม,0
party_list_27_2_37,ภูมิใจไทย,0
party_list_27_2_38,พลังธรรมใหม่,0
party_list_27_2_39,กรีน,0
party_list_27_2_40,ไทยธรรม,0
party_list_27_2_41,แผ่นดินธรรม,0
party_list_27_2_42,กล้าธรรม,0
party_list_27_2_43,พลังประชารัฐ,0
party_list_27_2_44,โอกาสใหม่,0
party_list_27_2_45,เป็นธรรม,0
party_list_27_2_46,ประชาชน,0
party_list_27_2_47,ประชาไทย,0
party_list_27_2_48,ไทยสร้างไทย,0
party_list_27_2_49,ไทยก้าวใหม่,0
party_list_27_2_50,ประชาอาสาชาติ,0
party_list_27_2_51,พร้อม,0
party_list_27_2_52,เครือข่ายชาวนาแห่งประเทศไทย,0
party_list_27_2_53,ไทยพิทักษ์ธรรม,0
party_list_27_2_54,ความหวังใหม่,0
party_list_27_2_55,ไทยรวมไทย,0
party_list_27_2_56,เพื่อบ้านเมือง,0
party_list_27_2_57,พลังไทยรักชาติ,0
party_list_27_3_1,ไทยทรัพย์ทวี,0
party_list_27_3_2,เพื่อชาติไทย,0
party_list_27_3_3,ใหม่,0
party_list_27_3_4,มิติใหม่,0
party_list_27_3_5,รวมใจไทย,0
party_list_27_3_6,รวมไทยสร้างชาติ,0
party_list_27_3_7,พลวัต,0
party_list_27_3_8,ประชาธิปไตยใหม่,0
party_list_27_3_9,เพื่อไทย,0
party_list_27_3_10,ทางเลือกใหม่,0
party_list_27_3_11,เศรษฐกิจ,0
party_list_27_3_12,เสรีรวมไทย,0
party_list_27_3_13,รวมพลังประชาชน,0
party_list_27_3_14,ท้องที่ไทย,0
party_list_27_3_15,อนาคตไทย,0
party_list_27_3_16,พลังเพื่อไทย,0
party_list_27_3_17,ไทยชนะ,0
party_list_27_3_18,พลังสังคมใหม่,0
party_list_27_3_19,สังคมประชาธิปไตยไทย,0
party_list_27_3_20,ฟิวชัน,0
party_list_27_3_21,ไทรวมพลัง,0
party_list_27_3_22,ก้าวอิสระ,0
party_list_27_3_23,ปวงชนไทย,0
party_list_27_3_24,วิชชั่นใหม่,0
party_list_27_3_25,เพื่อชีวิตใหม่,0
party_list_27_3_26,คลองไทย,0
party_list_27_3_27,ประชาธิปัตย์,0
party_list_27_3_28,ไทยก้าวหน้า,0
party_list_27_3_29,ไทยภักดี,0
party_list_27_3_30,แรงงานสร้างชาติ,0
party_list_27_3_31,ประชากรไทย,0
party_list_27_3_32,ครูไทยเพื่อประชาชน,0
party_list_27_3_33,ประชาชาติ,0
party_list_27_3_34,สร้างอนาคตไทย,0
party_list_27_3_35,รักชาติ,0
party_list_27_3_36,ไทยพร้อม,0
party_list_27_3_37,ภูมิใจไทย,0
party_list_27_3_38,พลังธรรมใหม่,0
party_list_27_3_39,กรีน,0
party_list_27_3_40,ไทยธรรม,0
party_list_27_3_41,แผ่นดินธรรม,0
party_list_27_3_42,กล้าธรรม,0
party_list_27_3_43,พลังประชารัฐ,0
party_list_27_3_44,โอกาสใหม่,0
party_list_27_3_45,เป็นธรรม,0
party_list_27_3_46,ประชาชน,0
party_list_27_3_47,ประชาไทย,0
party_list_27_3_48,ไทยสร้างไทย,0
party_list_27_3_49,ไทยก้าวใหม่,0
party_list_27_3_50,ประชาอาสาชาติ,0
party_list_27_3_51,พร้อม,0
party_list_27_3_52,เครือข่ายชาวนาแห่งประเทศไทย,0
party_list_27_3_53,ไทยพิทักษ์ธรรม,0
party_list_27_3_54,ความหวังใหม่,0
party_list_27_3_55,ไทยรวมไทย,0
party_list_27_3_56,เพื่อบ้านเมือง,0
party_list_27_3_57,พลังไทยรักชาติ,0
party_list_30_1_1,ไทยทรัพย์ทวี,0
party_list_30_1_2,เพื่อชาติไทย,0
party_list_30_1_3,ใหม่,0
party_list_30_1_4,มิติใหม่,0
party_list_30_1_5,รวมใจไทย,0
party_list_30_1_6,รวมไทยสร้างชาติ,0
party_list_30_1_7,พลวัต,0
party_list_30_1_8,ประชาธิปไตยใหม่,0
party_list_30_1_9,เพื่อไทย,0
party_list_30_1_10,ทางเลือกใหม่,0
party_list_30_1_11,เศรษฐกิจ,0
party_list_30_1_12,เสรีรวมไทย,0
party_list_30_1_13,รวมพลังประชาชน,0
party_list_30_1_14,ท้องที่ไทย,0
party_list_30_1_15,อนาคตไทย,0
party_list_30_1_16,พลังเพื่อไทย,0
party_list_30_1_17,ไทยชนะ,0
party_list_30_1_18,พลังสังคมใหม่,0
party_list_30_1_19,สังคมประชาธิปไตยไทย,0
party_list_30_1_20,ฟิวชัน,0
party_list_30_1_21,ไทรวมพลัง,0
party_list_30_1_22,ก้าวอิสระ,0
party_list_30_1_23,ปวงชนไทย,0
party_list_30_1_24,วิชชั่นใหม่,0
party_list_30_1_25,เพื่อชีวิตใหม่,0
party_list_30_1_26,คลองไทย,0
party_list_30_1_27,ประชาธิปัตย์,0
party_list_30_1_28,ไทยก้าวหน้า,0
party_list_30_1_29,ไทยภักดี,0
party_list_30_1_30,แรงงานสร้างชาติ,0
party_list_30_1_31,ประชากรไทย,0
party_list_30_1_32,ครูไทยเพื่อประชาชน,0
party_list_30_1_33,ประชาชาติ,0
party_list_30_1_34,สร้างอนาคตไทย,0
party_list_30_1_35,รักชาติ,0
party_list_30_1_36,ไทยพร้อม,0
party_list_30_1_37,ภูมิใจไทย,0
party_list_30_1_38,พลังธรรมใหม่,0
party_list_30_1_39,กรีน,0
party_list_30_1_40,ไทยธรรม,0
party_list_30_1_41,แผ่นดินธรรม,0
party_list_30_1_42,กล้าธรรม,0
party_list_30_1_43,พลังประชารัฐ,0
party_list_30_1_44,โอกาสใหม่,0
party_list_30_1_45,เป็นธรรม,0
party_list_30_1_46,ประชาชน,0
party_list_30_1_47,ประชาไทย,0
party_list_30_1_48,ไทยสร้างไทย,0
party_list_30_1_49,ไทยก้าวใหม่,0
party_list_30_1_50,ประชาอาสาชาติ,0
party_list_30_1_51,พร้อม,0
party_list_30_1_52,เครือข่ายชาวนาแห่งประเทศไทย,0
party_list_30_1_53,ไทยพิทักษ์ธรรม,0
party_list_30_1_54,ความหวังใหม่,0
party_list_30_1_55,ไทยรวมไทย,0
party_list_30_1_56,เพื่อบ้านเมือง,0
party_list_30_1_57,พลังไทยรักชาติ,0
party_list_30_10_1,ไทยทรัพย์ทวี,0
party_list_30_10_2,เพื่อชาติไทย,0
party_list_30_10_3,ใหม่,0
party_list_30_10_4,มิติใหม่,0
party_list_30_10_5,รวมใจไทย,0
party_list_30_10_6,รวมไทยสร้างชาติ,0
party_list_30_10_7,พลวัต,0
party_list_30_10_8,ประชาธิปไตยใหม่,0
party_list_30_10_9,เพื่อไทย,0
party_list_30_10_10,ทางเลือกใหม่,0
party_list_30_10_11,เศรษฐกิจ,0
party_list_30_10_12,เสรีรวมไทย,0
party_list_30_10_13,รวมพลังประชาชน,0
party_list_30_10_14,ท้องที่ไทย,0
party_list_30_10_15,อนาคตไทย,0
party_list_30_10_16,พลังเพื่อไทย,0
party_list_30_10_17,ไทยชนะ,0
party_list_30_10_18,พลังสังคมใหม่,0
party_list_30_10_19,สังคมประชาธิปไตยไทย,0
party_list_30_10_20,ฟิวชัน,0
party_list_30_10_21,ไทรวมพลัง,0
party_list_30_10_22,ก้าวอิสระ,0
party_list_30_10_23,ปวงชนไทย,0
party_list_30_10_24,วิชชั่นใหม่,0
party_list_30_10_25,เพื่อชีวิตใหม่,0
party_list_30_10_26,คลองไทย,0
party_list_30_10_27,ประชาธิปัตย์,0
party_list_30_10_28,ไทยก้าวหน้า,0
party_list_30_10_29,ไทยภักดี,0
party_list_30_10_30,แรงงานสร้างชาติ,0
party_list_30_10_31,ประชากรไทย,0
party_list_30_10_32,ครูไทยเพื่อประชาชน,0
party_list_30_10_33,ประชาชาติ,0
party_list_30_10_34,สร้างอนาคตไทย,0
party_list_30_10_35,รักชาติ,0
party_list_30_10_36,ไทยพร้อม,0
party_list_30_10_37,ภูมิใจไทย,0
party_list_30_10_38,พลังธรรมใหม่,0
party_list_30_10_39,กรีน,0
party_list_30_10_40,ไทยธรรม,0
party_list_30_10_41,แผ่นดินธรรม,0
party_list_30_10_42,กล้าธรรม,0
party_list_30_10_43,พลังประชารัฐ,0
party_list_30_10_44,โอกาสใหม่,0
party_list_30_10_45,เป็นธรรม,0
party_list_30_10_46,ประชาชน,0
party_list_30_10_47,ประชาไทย,0
party_list_30_10_48,ไทยสร้างไทย,0
party_list_30_10_49,ไทยก้าวใหม่,0
party_list_30_10_50,ประชาอาสาชาติ,0
party_list_30_10_51,พร้อม,0
party_list_30_10_52,เครือข่ายชาวนาแห่งประเทศไทย,0
party_list_30_10_53,ไทยพิทักษ์ธรรม,0
party_list_30_10_54,ความหวังใหม่,0
party_list_30_10_55,ไทยรวมไทย,0
party_list_30_10_56,เพื่อบ้านเมือง,0
party_list_30_11_1,ไทยทรัพย์ทวี,0
party_list_30_11_2,เพื่อชาติไทย,0
party_list_30_11_3,ใหม่,0
party_list_30_11_4,มิติใหม่,0
party_list_30_11_5,รวมใจไทย,0
party_list_30_11_6,รวมไทยสร้างชาติ,0
party_list_30_11_7,พลวัต,0
party_list_30_11_8,ประชาธิปไตยใหม่,0
party_list_30_11_9,เพื่อไทย,0
party_list_30_11_10,ทางเลือกใหม่,0
party_list_30_11_11,เศรษฐกิจ,0
party_list_30_11_12,เสรีรวมไทย,0
party_list_30_11_13,รวมพลังประชาชน,0
party_list_30_11_14,ท้องที่ไทย,0
party_list_30_11_15,อนาคตไทย,0
party_list_30_11_16,พลังเพื่อไทย,0
party_list_30_11_17,ไทยชนะ,0
party_list_30_11_18,พลังสังคมใหม่,0
party_list_30_11_19,สังคมประชาธิปไตยไทย,0
party_list_30_11_20,ฟิวชัน,0
party_list_30_11_21,ไทรวมพลัง,0
party_list_30_11_22,ก้าวอิสระ,0
party_list_30_11_23,ปวงชนไทย,0
party_list_30_11_24,วิชชั่นใหม่,0
party_list_30_11_25,เพื่อชีวิตใหม่,0
party_list_30_11_26,คลองไทย,0
party_list_30_11_27,ประชาธิปัตย์,0
party_list_30_11_28,ไทยก้าวหน้า,0
party_list_30_11_29,ไทยภักดี,0
party_list_30_11_30,แรงงานสร้างชาติ,0
party_list_30_11_31,ประชากรไทย,0
party_list_30_11_32,ครูไทยเพื่อประชาชน,0
party_list_30_11_33,ประชาชาติ,0
party_list_30_11_34,สร้างอนาคตไทย,0
party_list_30_11_35,รักชาติ,0
party_list_30_11_36,ไทยพร้อม,0
party_list_30_11_37,ภูมิใจไทย,0
party_list_30_11_38,พลังธรรมใหม่,0
party_list_30_11_39,กรีน,0
party_list_30_11_40,ไทยธรรม,0
party_list_30_11_41,แผ่นดินธรรม,0
party_list_30_11_42,กล้าธรรม,0
party_list_30_11_43,พลังประชารัฐ,0
party_list_30_11_44,โอกาสใหม่,0
party_list_30_11_45,เป็นธรรม,0
party_list_30_11_46,ประชาชน,0
party_list_30_11_47,ประชาไทย,0
party_list_30_11_48,ไทยสร้างไทย,0
party_list_30_11_49,ไทยก้าวใหม่,0
party_list_30_11_50,ประชาอาสาชาติ,0
party_list_30_11_51,พร้อม,0
party_list_30_11_52,เครือข่ายชาวนาแห่งประเทศไทย,0
party_list_30_11_53,ไทยพิทักษ์ธรรม,0
party_list_30_11_54,ความหวังใหม่,0
party_list_30_11_55,ไทยรวมไทย,0
party_list_30_11_56,เพื่อบ้านเมือง,0
party_list_30_11_57,พลังไทยรักชาติ,0
party_list_30_12_1,ไทยทรัพย์ทวี,0
party_list_30_12_2,เพื่อชาติไทย,0
party_list_30_12_3,ใหม่,0
party_list_30_12_4,มิติใหม่,0
party_list_30_12_5,รวมใจไทย,0
party_list_30_12_6,รวมไทยสร้างชาติ,0
party_list_30_12_7,พลวัต,0
party_list_30_12_8,ประชาธิปไตยใหม่,0
party_list_30_12_9,เพื่อไทย,0
party_list_30_12_10,ทางเลือกใหม่,0
party_list_30_12_11,เศรษฐกิจ,0
party_list_30_12_12,เสรีรวมไทย,0
party_list_30_12_13,รวมพลังประชาชน,0
party_list_30_12_14,ท้องที่ไทย,0
party_list_30_12_15,อนาคตไทย,0
party_list_30_12_16,พลังเพื่อไทย,0
party_list_30_12_17,ไทยชนะ,0
party_list_30_12_18,พลังสังคมใหม่,0
party_list_30_12_19,สังคมประชาธิปไตยไทย,0
party_list_30_12_20,ฟิวชัน,0
party_list_30_12_21,ไทรวมพลัง,0
party_list_30_12_22,ก้าวอิสระ,0
party_list_30_12_23,ปวงชนไทย,0
party_list_30_12_24,วิชชั่นใหม่,0
party_list_30_12_25,เพื่อชีวิตใหม่,0
party_list_30_12_26,คลองไทย,0
party_list_30_12_27,ประชาธิปัตย์,0
party_list_30_12_28,ไทยก้าวหน้า,0
party_list_30_12_29,ไทยภักดี,0
party_list_30_12_30,แรงงานสร้างชาติ,0
party_list_30_12_31,ประชากรไทย,0
party_list_30_12_32,ครูไทยเพื่อประชาชน,0
party_list_30_12_33,ประชาชาติ,0
party_list_30_12_34,สร้างอนาคตไทย,0
party_list_30_12_35,รักชาติ,0
party_list_30_12_36,ไทยพร้อม,0
party_list_30_12_37,ภูมิใจไทย,0
party_list_30_12_38,พลังธรรมใหม่,0
party_list_30_12_39,กรีน,0
party_list_30_12_40,ไทยธรรม,0
party_list_30_12_41,แผ่นดินธรรม,0
party_list_30_12_42,กล้าธรรม,0
party_list_30_12_43,พลังประชารัฐ,0
party_list_30_12_44,โอกาสใหม่,0
party_list_30_12_45,เป็นธรรม,0
party_list_30_12_46,ประชาชน,0
party_list_30_12_47,ประชาไทย,0
party_list_30_12_48,ไทยสร้างไทย,0
party_list_30_12_49,ไทยก้าวใหม่,0
party_list_30_12_50,ประชาอาสาชาติ,0
party_list_30_12_51,พร้อม,0
party_list_30_12_52,เครือข่ายชาวนาแห่งประเทศไทย,0
party_list_30_12_53,ไทยพิทักษ์ธรรม,0
party_list_30_12_54,ความหวังใหม่,0
party_list_30_12_55,ไทยรวมไทย,0
party_list_30_12_56,เพื่อบ้านเมือง,0
party_list_30_12_57,พลังไทยรักชาติ,0
party_list_30_13_1,ไทยทรัพย์ทวี,0
party_list_30_13_2,เพื่อชาติไทย,0
party_list_30_13_3,ใหม่,0
party_list_30_13_4,มิติใหม่,0
party_list_30_13_5,รวมใจไทย,0
party_list_30_13_6,รวมไทยสร้างชาติ,0
party_list_30_13_7,พลวัต,0
party_list_30_13_8,ประชาธิปไตยใหม่,0
party_list_30_13_9,เพื่อไทย,0
party_list_30_13_10,ทางเลือกใหม่,0
party_list_30_13_11,เศรษฐกิจ,0
party_list_30_13_12,เสรีรวมไทย,0
party_list_30_13_13,รวมพลังประชาชน,0
party_list_30_13_14,ท้องที่ไทย,0
party_list_30_13_15,อนาคตไทย,0
party_list_30_13_16,พลังเพื่อไทย,0
party_list_30_13_17,ไทยชนะ,0
party_list_30_13_18,พลังสังคมใหม่,0
party_list_30_13_19,สังคมประชาธิปไตยไทย,0
party_list_30_13_20,ฟิวชัน,0
party_list_30_13_21,ไทรวมพลัง,0
party_list_30_13_22,ก้าวอิสระ,0
party_list_30_13_23,ปวงชนไทย,0
party_list_30_13_24,วิชชั่นใหม่,0
party_list_30_13_25,เพื่อชีวิตใหม่,0
party_list_30_13_26,คลองไทย,0
party_list_30_13_27,ประชาธิปัตย์,0
party_list_30_13_28,ไทยก้าวหน้า,0
party_list_30_13_29,ไทยภักดี,0
party_list_30_13_30,แรงงานสร้างชาติ,0
party_list_30_13_31,ประชากรไทย,0
party_list_30_13_32,ครูไทยเพื่อประชาชน,0
party_list_30_13_33,ประชาชาติ,0
party_list_30_13_34,สร้างอนาคตไทย,0
party_list_30_13_35,รักชาติ,0
party_list_30_13_36,ไทยพร้อม,0
party_list_30_13_37,ภูมิใจไทย,0
party_list_30_13_38,พลังธรรมใหม่,0
party_list_30_13_39,กรีน,0
party_list_30_13_40,ไทยธรรม,0
party_list_30_13_41,แผ่นดินธรรม,0
party_list_30_13_42,กล้าธรรม,0
party_list_30_13_43,พลังประชารัฐ,0
party_list_30_13_44,โอกาสใหม่,0
party_list_30_13_45,เป็นธรรม,0
party_list_30_13_46,ประชาชน,0
party_list_30_13_47,ประชาไทย,0
party_list_30_13_48,ไทยสร้างไทย,0
party_list_30_13_49,ไทยก้าวใหม่,0
party_list_30_13_50,ประชาอาสาชาติ,0
party_list_30_13_51,พร้อม,0
party_list_30_13_52,เครือข่ายชาวนาแห่งประเทศไทย,0
party_list_30_13_53,ไทยพิทักษ์ธรรม,0
party_list_30_13_54,ความหวังใหม่,0
party_list_30_13_55,ไทยรวมไทย,0
party_list_30_13_56,เพื่อบ้านเมือง,0
party_list_30_14_1,ไทยทรัพย์ทวี,0
party_list_30_14_2,เพื่อชาติไทย,0
party_list_30_14_3,ใหม่,0
party_list_30_14_4,มิติใหม่,0
party_list_30_14_5,รวมใจไทย,0
party_list_30_14_6,รวมไทยสร้างชาติ,0
party_list_30_14_7,พลวัต,0
party_list_30_14_8,ประชาธิปไตยใหม่,0
party_list_30_14_9,เพื่อไทย,0
party_list_30_14_10,ทางเลือกใหม่,0
party_list_30_14_11,เศรษฐกิจ,0
party_list_30_14_12,เสรีรวมไทย,0
party_list_30_14_13,รวมพลังประชาชน,0
party_list_30_14_14,ท้องที่ไทย,0
party_list_30_14_15,อนาคตไทย,0
party_list_30_14_16,พลังเพื่อไทย,0
party_list_30_14_17,ไทยชนะ,0
party_list_30_14_18,พลังสังคมใหม่,0
party_list_30_14_19,สังคมประชาธิปไตยไทย,0
party_list_30_14_20,ฟิวชัน,0
party_list_30_14_21,ไทรวมพลัง,0
party_list_30_14_22,ก้าวอิสระ,0
party_list_30_14_23,ปวงชนไทย,0
party_list_30_14_24,วิชชั่นใหม่,0
party_list_30_14_25,เพื่อชีวิตใหม่,0
party_list_30_14_26,คลองไทย,0
party_list_30_14_27,ประชาธิปัตย์,0
party_list_30_14_28,ไทยก้าวหน้า,0
party_list_30_14_29,ไทยภักดี,0
party_list_30_14_30,แรงงานสร้างชาติ,0
party_list_30_14_31,ประชากรไทย,0
party_list_30_14_32,ครูไทยเพื่อประชาชน,0
party_list_30_14_33,ประชาชาติ,0
party_list_30_14_34,สร้างอนาคตไทย,0
party_list_30_14_35,รักชาติ,0
party_list_30_14_36,ไทยพร้อม,0
party_list_30_14_37,ภูมิใจไทย,0
party_list_30_14_38,พลังธรรมใหม่,0
party_list_30_14_39,กรีน,0
party_list_30_14_40,ไทยธรรม,0
party_list_30_14_41,แผ่นดินธรรม,0
party_list_30_14_42,กล้าธรรม,0
party_list_30_14_43,พลังประชารัฐ,0
party_list_30_14_44,โอกาสใหม่,0
party_list_30_14_45,เป็นธรรม,0
party_list_30_14_46,ประชาชน,0
party_list_30_14_47,ประชาไทย,0
party_list_30_14_48,ไทยสร้างไทย,0
party_list_30_14_49,ไทยก้าวใหม่,0
party_list_30_14_50,ประชาอาสาชาติ,0
party_list_30_14_51,พร้อม,0
party_list_30_14_52,เครือข่ายชาวนาแห่งประเทศไทย,0
party_list_30_14_53,ไทยพิทักษ์ธรรม,0
party_list_30_14_54,ความหวังใหม่,0
party_list_30_14_55,ไทยรวมไทย,0
party_list_30_14_56,เพื่อบ้านเมือง,0
party_list_30_14_57,พลังไทยรักชาติ,0
party_list_30_15_1,ไทยทรัพย์ทวี,0
party_list_30_15_2,เพื่อชาติไทย,0
party_list_30_15_3,ใหม่,0
party_list_30_15_4,มิติใหม่,0
party_list_30_15_5,รวมใจไทย,0
party_list_30_15_6,รวมไทยสร้างชาติ,0
party_list_30_15_7,พลวัต,0
party_list_30_15_8,ประชาธิปไตยใหม่,0
party_list_30_15_9,เพื่อไทย,0
party_list_30_15_10,ทางเลือกใหม่,0
party_list_30_15_11,เศรษฐกิจ,0
party_list_30_15_12,เสรีรวมไทย,0
party_list_30_15_13,รวมพลังประชาชน,0
party_list_30_15_14,ท้องที่ไทย,0
party_list_30_15_15,อนาคตไทย,0
party_list_30_15_16,พลังเพื่อไทย,0
party_list_30_15_17,ไทยชนะ,0
party_list_30_15_18,พลังสังคมใหม่,0
party_list_30_15_19,สังคมประชาธิปไตยไทย,0
party_list_30_15_20,ฟิวชัน,0
party_list_30_15_21,ไทรวมพลัง,0
party_list_30_15_22,ก้าวอิสระ,0
party_list_30_15_23,ปวงชนไทย,0
party_list_30_15_24,วิชชั่นใหม่,0
party_list_30_15_25,เพื่อชีวิตใหม่,0
party_list_30_15_26,คลองไทย,0
party_list_30_15_27,ประชาธิปัตย์,0
party_list_30_15_28,ไทยก้าวหน้า,0
party_list_30_15_29,ไทยภักดี,0
party_list_30_15_30,แรงงานสร้างชาติ,0
party_list_30_15_31,ประชากรไทย,0
party_list_30_15_32,ครูไทยเพื่อประชาชน,0
party_list_30_15_33,ประชาชาติ,0
party_list_30_15_34,สร้างอนาคตไทย,0
party_list_30_15_35,รักชาติ,0
party_list_30_15_36,ไทยพร้อม,0
party_list_30_15_37,ภูมิใจไทย,0
party_list_30_15_38,พลังธรรมใหม่,0
party_list_30_15_39,กรีน,0
party_list_30_15_40,ไทยธรรม,0
party_list_30_15_41,แผ่นดินธรรม,0
party_list_30_15_42,กล้าธรรม,0
party_list_30_15_43,พลังประชารัฐ,0
party_list_30_15_44,โอกาสใหม่,0
party_list_30_15_45,เป็นธรรม,0
party_list_30_15_46,ประชาชน,0
party_list_30_15_47,ประชาไทย,0
party_list_30_15_48,ไทยสร้างไทย,0
party_list_30_15_49,ไทยก้าวใหม่,0
party_list_30_15_50,ประชาอาสาชาติ,0
party_list_30_15_51,พร้อม,0
party_list_30_15_52,เครือข่ายชาวนาแห่งประเทศไทย,0
party_list_30_15_53,ไทยพิทักษ์ธรรม,0
party_list_30_15_54,ความหวังใหม่,0
party_list_30_15_55,ไทยรวมไทย,0
party_list_30_15_56,เพื่อบ้านเมือง,0
party_list_30_15_57,พลังไทยรักชาติ,0
party_list_30_16_1,ไทยทรัพย์ทวี,0
party_list_30_16_2,เพื่อชาติไทย,0
party_list_30_16_3,ใหม่,0
party_list_30_16_4,มิติใหม่,0
party_list_30_16_5,รวมใจไทย,0
party_list_30_16_6,รวมไทยสร้างชาติ,0
party_list_30_16_7,พลวัต,0
party_list_30_16_8,ประชาธิปไตยใหม่,0
party_list_30_16_9,เพื่อไทย,0
party_list_30_16_10,ทางเลือกใหม่,0
party_list_30_16_11,เศรษฐกิจ,0
party_list_30_16_12,เสรีรวมไทย,0
party_list_30_16_13,รวมพลังประชาชน,0
party_list_30_16_14,ท้องที่ไทย,0
party_list_30_16_15,อนาคตไทย,0
party_list_30_16_16,พลังเพื่อไทย,0
party_list_30_16_17,ไทยชนะ,0
party_list_30_16_18,พลังสังคมใหม่,0
party_list_30_16_19,สังคมประชาธิปไตยไทย,0
party_list_30_16_20,ฟิวชัน,0
party_list_30_16_21,ไทรวมพลัง,0
party_list_30_16_22,ก้าวอิสระ,0
party_list_30_16_23,ปวงชนไทย,0
party_list_30_16_24,วิชชั่นใหม่,0
party_list_30_16_25,เพื่อชีวิตใหม่,0
party_list_30_16_26,คลองไทย,0
party_list_30_16_27,ประชาธิปัตย์,0
party_list_30_16_28,ไทยก้าวหน้า,0
party_list_30_16_29,ไทยภักดี,0
party_list_30_16_30,แรงงานสร้างชาติ,0
party_list_30_16_31,ประชากรไทย,0
party_list_30_16_32,ครูไทยเพื่อประชาชน,0
party_list_30_16_33,ประชาชาติ,0
party_list_30_16_34,สร้างอนาคตไทย,0
party_list_30_16_35,รักชาติ,0
party_list_30_16_36,ไทยพร้อม,0
party_list_30_16_37,ภูมิใจไทย,0
party_list_30_16_38,พลังธรรมใหม่,0
party_list_30_16_39,กรีน,0
party_list_30_16_40,ไทยธรรม,0
party_list_30_16_41,แผ่นดินธรรม,0
party_list_30_16_42,กล้าธรรม,0
party_list_30_16_43,พลังประชารัฐ,0
party_list_30_16_44,โอกาสใหม่,0
party_list_30_16_45,เป็นธรรม,0
party_list_30_16_46,ประชาชน,0
party_list_30_16_47,ประชาไทย,0
party_list_30_16_48,ไทยสร้างไทย,0
party_list_30_16_49,ไทยก้าวใหม่,0
party_list_30_16_50,ประชาอาสาชาติ,0
party_list_30_16_51,พร้อม,0
party_list_30_16_52,เครือข่ายชาวนาแห่งประเทศไทย,0
party_list_30_16_53,ไทยพิทักษ์ธรรม,0
party_list_30_16_54,ความหวังใหม่,0
party_list_30_16_55,ไทยรวมไทย,0
party_list_30_16_56,เพื่อบ้านเมือง,0
party_list_30_16_57,พลังไทยรักชาติ,0
party_list_30_2_1,ไทยทรัพย์ทวี,0
party_list_30_2_2,เพื่อชาติไทย,0
party_list_30_2_3,ใหม่,0
party_list_30_2_4,มิติใหม่,0
party_list_30_2_5,รวมใจไทย,0
party_list_30_2_6,รวมไทยสร้างชาติ,0
party_list_30_2_7,พลวัต,0
party_list_30_2_8,ประชาธิปไตยใหม่,0
party_list_30_2_9,เพื่อไทย,0
party_list_30_2_10,ทางเลือกใหม่,0
party_list_30_2_11,เศรษฐกิจ,0
party_list_30_2_12,เสรีรวมไทย,0
party_list_30_2_13,รวมพลังประชาชน,0
party_list_30_2_14,ท้องที่ไทย,0
party_list_30_2_15,อนาคตไทย,0
party_list_30_2_16,พลังเพื่อไทย,0
party_list_30_2_17,ไทยชนะ,0
party_list_30_2_18,พลังสังคมใหม่,0
party_list_30_2_19,สังคมประชาธิปไตยไทย,0
party_list_30_2_20,ฟิวชัน,0
party_list_30_2_21,ไทรวมพลัง,0
party_list_30_2_22,ก้าวอิสระ,0
party_list_30_2_23,ปวงชนไทย,0
party_list_30_2_24,วิชชั่นใหม่,0
party_list_30_2_25,เพื่อชีวิตใหม่,0
party_list_30_2_26,คลองไทย,0
party_list_30_2_27,ประชาธิปัตย์,0
party_list_30_2_28,ไทยก้าวหน้า,0
party_list_30_2_29,ไทยภักดี,0
party_list_30_2_30,แรงงานสร้างชาติ,0
party_list_30_2_31,ประชากรไทย,0
party_list_30_2_32,ครูไทยเพื่อประชาชน,0
party_list_30_2_33,ประชาชาติ,0
party_list_30_2_34,สร้างอนาคตไทย,0
party_list_30_2_35,รักชาติ,0
party_list_30_2_36,ไทยพร้อม,0
party_list_30_2_37,ภูมิใจไทย,0
party_list_30_2_38,พลังธรรมใหม่,0
party_list_30_2_39,กรีน,0
party_list_30_2_40,ไทยธรรม,0
party_list_30_2_41,แผ่นดินธรรม,0
party_list_30_2_42,กล้าธรรม,0
party_list_30_2_43,พลังประชารัฐ,0
party_list_30_2_44,โอกาสใหม่,0
party_list_30_2_45,เป็นธรรม,0
party_list_30_2_46,ประชาชน,0
party_list_30_2_47,ประชาไทย,0
party_list_30_2_48,ไทยสร้างไทย,0
party_list_30_2_49,ไทยก้าวใหม่,0
party_list_30_2_50,ประชาอาสาชาติ,0
party_list_30_2_51,พร้อม,0
party_list_30_2_52,เครือข่ายชาวนาแห่งประเทศไทย,0
party_list_30_2_53,ไทยพิทักษ์ธรรม,0
party_list_30_2_54,ความหวังใหม่,0
party_list_30_2_55,ไทยรวมไทย,0
party_list_30_2_56,เพื่อบ้านเมือง,0
party_list_30_2_57,พลังไทยรักชาติ,0
party_list_30_3_1,ไทยทรัพย์ทวี,0
party_list_30_3_2,เพื่อชาติไทย,0
party_list_30_3_3,ใหม่,0
party_list_30_3_4,มิติใหม่,0
party_list_30_3_5,รวมใจไทย,0
party_list_30_3_6,รวมไทยสร้างชาติ,0
party_list_30_3_7,พลวัต,0
party_list_30_3_8,ประชาธิปไตยใหม่,0
party_list_30_3_9,เพื่อไทย,0
party_list_30_3_10,ทางเลือกใหม่,0
party_list_30_3_11,เศรษฐกิจ,0
party_list_30_3_12,เสรีรวมไทย,0
party_list_30_3_13,รวมพลังประชาชน,0
party_list_30_3_14,ท้องที่ไทย,0
party_list_30_3_15,อนาคตไทย,0
party_list_30_3_16,พลังเพื่อไทย,0
party_list_30_3_17,ไทยชนะ,0
party_list_30_3_18,พลังสังคมใหม่,0
party_list_30_3_19,สังคมประชาธิปไตยไทย,0
party_list_30_3_20,ฟิวชัน,0
party_list_30_3_21,ไทรวมพลัง,0
party_list_30_3_22,ก้าวอิสระ,0
party_list_30_3_23,ปวงชนไทย,0
party_list_30_3_24,วิชชั่นใหม่,0
party_list_30_3_25,เพื่อชีวิตใหม่,0
party_list_30_3_26,คลองไทย,0
party_list_30_3_27,ประชาธิปัตย์,0
party_list_30_3_28,ไทยก้าวหน้า,0
party_list_30_3_29,ไทยภักดี,0
party_list_30_3_30,แรงงานสร้างชาติ,0
party_list_30_3_31,ประชากรไทย,0
party_list_30_3_32,ครูไทยเพื่อประชาชน,0
party_list_30_3_33,ประชาชาติ,0
party_list_30_3_34,สร้างอนาคตไทย,0
party_list_30_3_35,รักชาติ,0
party_list_30_3_36,ไทยพร้อม,0
party_list_30_3_37,ภูมิใจไทย,0
party_list_30_3_38,พลังธรรมใหม่,0
party_list_30_3_39,กรีน,0
party_list_30_3_40,ไทยธรรม,0
party_list_30_3_41,แผ่นดินธรรม,0
party_list_30_3_42,กล้าธรรม,0
party_list_30_3_43,พลังประชารัฐ,0
party_list_30_3_44,โอกาสใหม่,0
party_list_30_3_45,เป็นธรรม,0
party_list_30_3_46,ประชาชน,0
party_list_30_3_47,ประชาไทย,0
party_list_30_3_48,ไทยสร้างไทย,0
party_list_30_3_49,ไทยก้าวใหม่,0
party_list_30_3_50,ประชาอาสาชาติ,0
party_list_30_3_51,พร้อม,0
party_list_30_3_52,เครือข่ายชาวนาแห่งประเทศไทย,0
party_list_30_3_53,ไทยพิทักษ์ธรรม,0
party_list_30_3_54,ความหวังใหม่,0
party_list_30_3_55,ไทยรวมไทย,0
party_list_30_3_56,เพื่อบ้านเมือง,0
party_list_30_3_57,พลังไทยรักชาติ,0
party_list_30_4_1,ไทยทรัพย์ทวี,0
party_list_30_4_2,เพื่อชาติไทย,0
party_list_30_4_3,ใหม่,0
party_list_30_4_4,มิติใหม่,0
party_list_30_4_5,รวมใจไทย,0
party_list_30_4_6,รวมไทยสร้างชาติ,0
party_list_30_4_7,พลวัต,0
party_list_30_4_8,ประชาธิปไตยใหม่,0
party_list_30_4_9,เพื่อไทย,0
party_list_30_4_10,ทางเลือกใหม่,0
party_list_30_4_11,เศรษฐกิจ,0
party_list_30_4_12,เสรีรวมไทย,0
party_list_30_4_13,รวมพลังประชาชน,0
party_list_30_4_14,ท้องที่ไทย,0
party_list_30_4_15,อนาคตไทย,0
party_list_30_4_16,พลังเพื่อไทย,0
party_list_30_4_17,ไทยชนะ,0
party_list_30_4_18,พลังสังคมใหม่,0
party_list_30_4_19,สังคมประชาธิปไตยไทย,0
party_list_30_4_20,ฟิวชัน,0
party_list_30_4_21,ไทรวมพลัง,0
party_list_30_4_22,ก้าวอิสระ,0
party_list_30_4_23,ปวงชนไทย,0
party_list_30_4_24,วิชชั่นใหม่,0
party_list_30_4_25,เพื่อชีวิตใหม่,0
party_list_30_4_26,คลองไทย,0
party_list_30_4_27,ประชาธิปัตย์,0
party_list_30_4_28,ไทยก้าวหน้า,0
party_list_30_4_29,ไทยภักดี,0
party_list_30_4_30,แรงงานสร้างชาติ,0
party_list_30_4_31,ประชากรไทย,0
party_list_30_4_32,ครูไทยเพื่อประชาชน,0
party_list_30_4_33,ประชาชาติ,0
party_list_30_4_34,สร้างอนาคตไทย,0
party_list_30_4_35,รักชาติ,0
party_list_30_4_36,ไทยพร้อม,0
party_list_30_4_37,ภูมิใจไทย,0
party_list_30_4_38,พลังธรรมใหม่,0
party_list_30_4_39,กรีน,0
party_list_30_4_40,ไทยธรรม,0
party_list_30_4_41,แผ่นดินธรรม,0
party_list_30_4_42,กล้าธรรม,0
party_list_30_4_43,พลังประชารัฐ,0
party_list_30_4_44,โอกาสใหม่,0
party_list_30_4_45,เป็นธรรม,0
party_list_30_4_46,ประชาชน,0
party_list_30_4_47,ประชาไทย,0
party_list_30_4_48,ไทยสร้างไทย,0
party_list_30_4_49,ไทยก้าวใหม่,0
party_list_30_4_50,ประชาอาสาชาติ,0
party_list_30_4_51,พร้อม,0
party_list_30_4_52,เครือข่ายชาวนาแห่งประเทศไทย,0
party_list_30_4_53,ไทยพิทักษ์ธรรม,0
party_list_30_4_54,ความหวังใหม่,0
party_list_30_4_55,ไทยรวมไทย,0
party_list_30_4_56,เพื่อบ้านเมือง,0
party_list_30_4_57,พลังไทยรักชาติ,0
party_list_30_4_58,พลังไทยรักชาติ,0
party_list_30_5_1,ไทยทรัพย์ทวี,0
party_list_30_5_2,เพื่อชาติไทย,0
party_list_30_5_3,ใหม่,0
party_list_30_5_4,มิติใหม่,0
party_list_30_5_5,รวมใจไทย,0
party_list_30_5_6,รวมไทยสร้างชาติ,0
party_list_30_5_7,พลวัต,0
party_list_30_5_8,ประชาธิปไตยใหม่,0
party_list_30_5_9,เพื่อไทย,0
party_list_30_5_10,ทางเลือกใหม่,0
party_list_30_5_11,เศรษฐกิจ,0
party_list_30_5_12,เสรีรวมไทย,0
party_list_30_5_13,รวมพลังประชาชน,0
party_list_30_5_14,ท้องที่ไทย,0
party_list_30_5_15,อนาคตไทย,0
party_list_30_5_16,พลังเพื่อไทย,0
party_list_30_5_17,ไทยชนะ,0
party_list_30_5_18,พลังสังคมใหม่,0
party_list_30_5_19,สังคมประชาธิปไตยไทย,0
party_list_30_5_20,ฟิวชัน,0
party_list_30_5_21,ไทรวมพลัง,0
party_list_30_5_22,ก้าวอิสระ,0
party_list_30_5_23,ปวงชนไทย,0
party_list_30_5_24,วิชชั่นใหม่,0
party_list_30_5_25,เพื่อชีวิตใหม่,0
party_list_30_5_26,คลองไทย,0
party_list_30_5_27,ประชาธิปัตย์,0
party_list_30_5_28,ไทยก้าวหน้า,0
party_list_30_5_29,ไทยภักดี,0
party_list_30_5_30,แรงงานสร้างชาติ,0
party_list_30_5_31,ประชากรไทย,0
party_list_30_5_32,ครูไทยเพื่อประชาชน,0
party_list_30_5_33,ประชาชาติ,0
party_list_30_5_34,สร้างอนาคตไทย,0
party_list_30_5_35,รักชาติ,0
party_list_30_5_36,ไทยพร้อม,0
party_list_30_5_37,ภูมิใจไทย,0
party_list_30_5_38,พลังธรรมใหม่,0
party_list_30_5_39,กรีน,0
party_list_30_5_40,ไทยธรรม,0
party_list_30_5_41,แผ่นดินธรรม,0
party_list_30_5_42,กล้าธรรม,0
party_list_30_5_43,พลังประชารัฐ,0
party_list_30_5_44,โอกาสใหม่,0
party_list_30_5_45,เป็นธรรม,0
party_list_30_5_46,ประชาชน,0
party_list_30_5_47,ประชาไทย,0
party_list_30_5_48,ไทยสร้างไทย,0
party_list_30_5_49,ไทยก้าวใหม่,0
party_list_30_5_50,ประชาอาสาชาติ,0
party_list_30_5_51,พร้อม,0
party_list_30_5_52,เครือข่ายชาวนาแห่งประเทศไทย,0
party_list_30_5_53,ไทยพิทักษ์ธรรม,0
party_list_30_5_54,ความหวังใหม่,0
party_list_30_5_55,ไทยรวมไทย,0
party_list_30_5_56,เพื่อบ้านเมือง,0
party_list_30_5_57,พลังไทยรักชาติ,0
party_list_30_6_1,ไทยทรัพย์ทวี,0
party_list_30_6_2,เพื่อชาติไทย,0
party_list_30_6_3,ใหม่,0
party_list_30_6_4,มิติใหม่,0
party_list_30_6_5,รวมใจไทย,0
party_list_30_6_6,รวมไทยสร้างชาติ,0
party_list_30_6_7,พลวัต,0
party_list_30_6_8,ประชาธิปไตยใหม่,0
party_list_30_6_9,เพื่อไทย,0
party_list_30_6_10,ทางเลือกใหม่,0
party_list_30_6_11,เศรษฐกิจ,0
party_list_30_6_12,เสรีรวมไทย,0
party_list_30_6_13,รวมพลังประชาชน,0
party_list_30_6_14,ท้องที่ไทย,0
party_list_30_6_15,อนาคตไทย,0
party_list_30_6_16,พลังเพื่อไทย,0
party_list_30_6_17,ไทยชนะ,0
party_list_30_6_18,พลังสังคมใหม่,0
party_list_30_6_19,สังคมประชาธิปไตยไทย,0
party_list_30_6_20,ฟิวชัน,0
party_list_30_6_21,ไทรวมพลัง,0
party_list_30_6_22,ก้าวอิสระ,0
party_list_30_6_23,ปวงชนไทย,0
party_list_30_6_24,วิชชั่นใหม่,0
party_list_30_6_25,เพื่อชีวิตใหม่,0
party_list_30_6_26,คลองไทย,0
party_list_30_6_27,ประชาธิปัตย์,0
party_list_30_6_28,ไทยก้าวหน้า,0
party_list_30_6_29,ไทยภักดี,0
party_list_30_6_30,แรงงานสร้างชาติ,0
party_list_30_6_31,ประชากรไทย,0
party_list_30_6_32,ครูไทยเพื่อประชาชน,0
party_list_30_6_33,ประชาชาติ,0
party_list_30_6_34,สร้างอนาคตไทย,0
party_list_30_6_35,รักชาติ,0
party_list_30_6_36,ไทยพร้อม,0
party_list_30_6_37,ภูมิใจไทย,0
party_list_30_6_38,พลังธรรมใหม่,0
party_list_30_6_39,กรีน,0
party_list_30_6_40,ไทยธรรม,0
party_list_30_6_41,แผ่นดินธรรม,0
party_list_30_6_42,กล้าธรรม,0
party_list_30_6_43,พลังประชารัฐ,0
party_list_30_6_44,โอกาสใหม่,0
party_list_30_6_45,เป็นธรรม,0
party_list_30_6_46,ประชาชน,0
party_list_30_6_47,ประชาไทย,0
party_list_30_6_48,ไทยสร้างไทย,0
party_list_30_6_49,ไทยก้าวใหม่,0
party_list_30_6_50,ประชาอาสาชาติ,0
party_list_30_6_51,พร้อม,0
party_list_30_6_52,เครือข่ายชาวนาแห่งประเทศไทย,0
party_list_30_6_53,ไทยพิทักษ์ธรรม,0
party_list_30_6_54,ความหวังใหม่,0
party_list_30_6_55,ไทยรวมไทย,0
party_list_30_6_56,เพื่อบ้านเมือง,0
party_list_30_6_57,พลังไทยรักชาติ,0
party_list_30_7_1,ไทยทรัพย์ทวี,0
party_list_30_7_2,เพื่อชาติไทย,0
party_list_30_7_3,ใหม่,0
party_list_30_7_4,มิติใหม่,0
party_list_30_7_5,รวมใจไทย,0
party_list_30_7_6,รวมไทยสร้างชาติ,0
party_list_30_7_7,พลวัต,0
party_list_30_7_8,ประชาธิปไตยใหม่,0
party_list_30_7_9,เพื่อไทย,0
party_list_30_7_10,ทางเลือกใหม่,0
party_list_30_7_11,เศรษฐกิจ,0
party_list_30_7_12,เสรีรวมไทย,0
party_list_30_7_13,รวมพลังประชาชน,0
party_list_30_7_14,ท้องที่ไทย,0
party_list_30_7_15,อนาคตไทย,0
party_list_30_7_16,พลังเพื่อไทย,0
party_list_30_7_17,ไทยชนะ,0
party_list_30_7_18,พลังสังคมใหม่,0
party_list_30_7_19,สังคมประชาธิปไตยไทย,0
party_list_30_7_20,ฟิวชัน,0
party_list_30_7_21,ไทรวมพลัง,0
party_list_30_7_22,ก้าวอิสระ,0
party_list_30_7_23,ปวงชนไทย,0
party_list_30_7_24,วิชชั่นใหม่,0
party_list_30_7_25,เพื่อชีวิตใหม่,0
party_list_30_7_26,คลองไทย,0
party_list_30_7_27,ประชาธิปัตย์,0
party_list_30_7_28,ไทยก้าวหน้า,0
party_list_30_7_29,ไทยภักดี,0
party_list_30_7_30,แรงงานสร้างชาติ,0
party_list_30_7_31,ประชากรไทย,0
party_list_30_7_32,ครูไทยเพื่อประชาชน,0
party_list_30_7_33,ประชาชาติ,0
party_list_30_7_34,สร้างอนาคตไทย,0
party_list_30_7_35,รักชาติ,0
party_list_30_7_36,ไทยพร้อม,0
party_list_30_7_37,ภูมิใจไทย,0
party_list_30_7_38,พลังธรรมใหม่,0
party_list_30_7_39,กรีน,0
party_list_30_7_40,ไทยธรรม,0
party_list_30_7_41,แผ่นดินธรรม,0
party_list_30_7_42,กล้าธรรม,0
party_list_30_7_43,พลังประชารัฐ,0
party_list_30_7_44,โอกาสใหม่,0
party_list_30_7_45,เป็นธรรม,0
party_list_30_7_46,ประชาชน,0
party_list_30_7_47,ประชาไทย,0
party_list_30_7_48,ไทยสร้างไทย,0
party_list_30_7_49,ไทยก้าวใหม่,0
party_list_30_7_50,ประชาอาสาชาติ,0
party_list_30_7_51,พร้อม,0
party_list_30_7_52,เครือข่ายชาวนาแห่งประเทศไทย,0
party_list_30_7_53,ไทยพิทักษ์ธรรม,0
party_list_30_7_54,ความหวังใหม่,0
party_list_30_7_55,ไทยรวมไทย,0
party_list_30_7_56,เพื่อบ้านเมือง,0
party_list_30_7_57,พลังไทยรักชาติ,0
party_list_30_8_1,ไทยทรัพย์ทวี,0
party_list_30_8_2,เพื่อชาติไทย,0
party_list_30_8_3,ใหม่,0
party_list_30_8_4,มิติใหม่,0
party_list_30_8_5,รวมใจไทย,0
party_list_30_8_6,รวมไทยสร้างชาติ,0
party_list_30_8_7,พลวัต,0
party_list_30_8_8,ประชาธิปไตยใหม่,0
party_list_30_8_9,เพื่อไทย,0
party_list_30_8_10,ทางเลือกใหม่,0
party_list_30_8_11,เศรษฐกิจ,0
party_list_30_8_12,เสรีรวมไทย,0
party_list_30_8_13,รวมพลังประชาชน,0
party_list_30_8_14,ท้องที่ไทย,0
party_list_30_8_15,อนาคตไทย,0
party_list_30_8_16,พลังเพื่อไทย,0
party_list_30_8_17,ไทยชนะ,0
party_list_30_8_18,พลังสังคมใหม่,0
party_list_30_8_19,สังคมประชาธิปไตยไทย,0
party_list_30_8_20,ฟิวชัน,0
party_list_30_8_21,ไทรวมพลัง,0
party_list_30_8_22,ก้าวอิสระ,0
party_list_30_8_23,ปวงชนไทย,0
party_list_30_8_24,วิชชั่นใหม่,0
party_list_30_8_25,เพื่อชีวิตใหม่,0
party_list_30_8_26,คลองไทย,0
party_list_30_8_27,ประชาธิปัตย์,0
party_list_30_8_28,ไทยก้าวหน้า,0
party_list_30_8_29,ไทยภักดี,0
party_list_30_8_30,แรงงานสร้างชาติ,0
party_list_30_8_31,ประชากรไทย,0
party_list_30_8_32,ครูไทยเพื่อประชาชน,0
party_list_30_8_33,ประชาชาติ,0
party_list_30_8_34,สร้างอนาคตไทย,0
party_list_30_8_35,รักชาติ,0
party_list_30_8_36,ไทยพร้อม,0
party_list_30_8_37,ภูมิใจไทย,0
party_list_30_8_38,พลังธรรมใหม่,0
party_list_30_8_39,กรีน,0
party_list_30_8_40,ไทยธรรม,0
party_list_30_8_41,แผ่นดินธรรม,0
party_list_30_8_42,กล้าธรรม,0
party_list_30_8_43,พลังประชารัฐ,0
party_list_30_8_44,โอกาสใหม่,0
party_list_30_8_45,เป็นธรรม,0
party_list_30_8_46,ประชาชน,0
party_list_30_8_47,ประชาไทย,0
party_list_30_8_48,ไทยสร้างไทย,0
party_list_30_8_49,ไทยก้าวใหม่,0
party_list_30_8_50,ประชาอาสาชาติ,0
party_list_30_8_51,พร้อม,0
party_list_30_8_52,เครือข่ายชาวนาแห่งประเทศไทย,0
party_list_30_8_53,ไทยพิทักษ์ธรรม,0
party_list_30_8_54,ความหวังใหม่,0
party_list_30_8_55,ไทยรวมไทย,0
party_list_30_8_56,เพื่อบ้านเมือง,0
party_list_30_8_57,พลังไทยรักชาติ,0
party_list_30_9_1,ไทยทรัพย์ทวี,0
party_list_30_9_2,เพื่อชาติไทย,0
party_list_30_9_3,ใหม่,0
party_list_30_9_4,มิติใหม่,0
party_list_30_9_5,รวมใจไทย,0
party_list_30_9_6,รวมไทยสร้างชาติ,0
party_list_30_9_7,พลวัต,0
party_list_30_9_8,ประชาธิปไตยใหม่,0
party_list_30_9_9,เพื่อไทย,0
party_list_30_9_10,ทางเลือกใหม่,0
party_list_30_9_11,เศรษฐกิจ,0
party_list_30_9_12,เสรีรวมไทย,0
party_list_30_9_13,รวมพลังประชาชน,0
party_list_30_9_14,ท้องที่ไทย,0
party_list_30_9_15,อนาคตไทย,0
party_list_30_9_16,พลังเพื่อไทย,0
party_list_30_9_17,ไทยชนะ,0
party_list_30_9_18,พลังสังคมใหม่,0
party_list_30_9_19,สังคมประชาธิปไตยไทย,0
party_list_30_9_20,ฟิวชัน,0
party_list_30_9_21,ไทรวมพลัง,0
party_list_30_9_22,ก้าวอิสระ,0
party_list_30_9_23,ปวงชนไทย,0
party_list_30_9_24,วิชชั่นใหม่,0
party_list_30_9_25,เพื่อชีวิตใหม่,0
party_list_30_9_26,คลองไทย,0
party_list_30_9_27,ประชาธิปัตย์,0
party_list_30_9_28,ไทยก้าวหน้า,0
party_list_30_9_29,ไทยภักดี,0
party_list_30_9_30,แรงงานสร้างชาติ,0
party_list_30_9_31,ประชากรไทย,0
party_list_30_9_32,ครูไทยเพื่อประชาชน,0
party_list_30_9_33,ประชาชาติ,0
party_list_30_9_34,สร้างอนาคตไทย,0
party_list_30_9_35,รักชาติ,0
party_list_30_9_36,ไทยพร้อม,0
party_list_30_9_37,ภูมิใจไทย,0
party_list_30_9_38,พลังธรรมใหม่,0
party_list_30_9_39,กรีน,0
party_list_30_9_40,ไทยธรรม,0
party_list_30_9_41,แผ่นดินธรรม,0
party_list_30_9_42,กล้าธรรม,0
party_list_30_9_43,พลังประชารัฐ,0
party_list_30_9_44,โอกาสใหม่,0
party_list_30_9_45,เป็นธรรม,0
party_list_30_9_46,ประชาชน,0
party_list_30_9_47,ประชาไทย,0
party_list_30_9_48,ไทยสร้างไทย,0
party_list_30_9_49,ไทยก้าวใหม่,0
party_list_30_9_50,ประชาอาสาชาติ,0
party_list_30_9_51,พร้อม,0
party_list_30_9_52,เครือข่ายชาวนาแห่งประเทศไทย,0
party_list_30_9_53,ไทยพิทักษ์ธรรม,0
party_list_30_9_54,ความหวังใหม่,0
party_list_30_9_55,ไทยรวมไทย,0
party_list_30_9_56,เพื่อบ้านเมือง,0
party_list_30_9_57,พลังไทยรักชาติ,0
party_list_31_1_1,ไทยทรัพย์ทวี,0
party_list_31_1_2,เพื่อชาติไทย,0
party_list_31_1_3,ใหม่,0
party_list_31_1_4,มิติใหม่,0
party_list_31_1_5,รวมใจไทย,0
party_list_31_1_6,รวมไทยสร้างชาติ,0
party_list_31_1_7,พลวัต,0
party_list_31_1_8,ประชาธิปไตยใหม่,0
party_list_31_1_9,เพื่อไทย,0
party_list_31_1_10,ทางเลือกใหม่,0
party_list_31_1_11,เศรษฐกิจ,0
party_list_31_1_12,เสรีรวมไทย,0
party_list_31_1_13,รวมพลังประชาชน,0
party_list_31_1_14,ท้องที่ไทย,0
party_list_31_1_15,อนาคตไทย,0
party_list_31_1_16,พลังเพื่อไทย,0
party_list_31_1_17,ไทยชนะ,0
party_list_31_1_18,พลังสังคมใหม่,0
party_list_31_1_19,สังคมประชาธิปไตยไทย,0
party_list_31_1_20,ฟิวชัน,0
party_list_31_1_21,ไทรวมพลัง,0
party_list_31_1_22,ก้าวอิสระ,0
party_list_31_1_23,ปวงชนไทย,0
party_list_31_1_24,วิชชั่นใหม่,0
party_list_31_1_25,เพื่อชีวิตใหม่,0
party_list_31_1_26,คลองไทย,0
party_list_31_1_27,ประชาธิปัตย์,0
party_list_31_1_28,ไทยก้าวหน้า,0
party_list_31_1_29,ไทยภักดี,0
party_list_31_1_30,แรงงานสร้างชาติ,0
party_list_31_1_31,ประชากรไทย,0
party_list_31_1_32,ครูไทยเพื่อประชาชน,0
party_list_31_1_33,ประชาชาติ,0
party_list_31_1_34,สร้างอนาคตไทย,0
party_list_31_1_35,รักชาติ,0
party_list_31_1_36,ไทยพร้อม,0
party_list_31_1_37,ภูมิใจไทย,0
party_list_31_1_38,พลังธรรมใหม่,0
party_list_31_1_39,กรีน,0
party_list_31_1_40,ไทยธรรม,0
party_list_31_1_41,แผ่นดินธรรม,0
party_list_31_1_42,กล้าธรรม,0
party_list_31_1_43,พลังประชารัฐ,0
party_list_31_1_44,โอกาสใหม่,0
party_list_31_1_45,เป็นธรรม,0
party_list_31_1_46,ประชาชน,0
party_list_31_1_47,ประชาไทย,0
party_list_31_1_48,ไทยสร้างไทย,0
party_list_31_1_49,ไทยก้าวใหม่,0
party_list_31_1_50,ประชาอาสาชาติ,0
party_list_31_1_51,พร้อม,0
party_list_31_1_52,เครือข่ายชาวนาแห่งประเทศไทย,0
party_list_31_1_53,ไทยพิทักษ์ธรรม,0
party_list_31_1_54,ความหวังใหม่,0
party_list_31_1_55,ไทยรวมไทย,0
party_list_31_1_56,เพื่อบ้านเมือง,0
party_list_31_1_57,พลังไทยรักชาติ,0
party_list_31_10_1,ไทยทรัพย์ทวี,0
party_list_31_10_2,เพื่อชาติไทย,0
party_list_31_10_3,ใหม่,0
party_list_31_10_4,มิติใหม่,0
party_list_31_10_5,รวมใจไทย,0
party_list_31_10_6,รวมไทยสร้างชาติ,0
party_list_31_10_7,พลวัต,0
party_list_31_10_8,ประชาธิปไตยใหม่,0
party_list_31_10_9,เพื่อไทย,0
party_list_31_10_10,ทางเลือกใหม่,0
party_list_31_10_11,เศรษฐกิจ,0
party_list_31_10_12,เสรีรวมไทย,0
party_list_31_10_13,รวมพลังประชาชน,0
party_list_31_10_14,ท้องที่ไทย,0
party_list_31_10_15,อนาคตไทย,0
party_list_31_10_16,พลังเพื่อไทย,0
party_list_31_10_17,ไทยชนะ,0
party_list_31_10_18,พลังสังคมใหม่,0
party_list_31_10_19,สังคมประชาธิปไตยไทย,0
party_list_31_10_20,ฟิวชัน,0
party_list_31_10_21,ไทรวมพลัง,0
party_list_31_10_22,ก้าวอิสระ,0
party_list_31_10_23,ปวงชนไทย,0
party_list_31_10_24,วิชชั่นใหม่,0
party_list_31_10_25,เพื่อชีวิตใหม่,0
party_list_31_10_26,คลองไทย,0
party_list_31_10_27,ประชาธิปัตย์,0
party_list_31_10_28,ไทยก้าวหน้า,0
party_list_31_10_29,ไทยภักดี,0
party_list_31_10_30,แรงงานสร้างชาติ,0
party_list_31_10_31,ประชากรไทย,0
party_list_31_10_32,ครูไทยเพื่อประชาชน,0
party_list_31_10_33,ประชาชาติ,0
party_list_31_10_34,สร้างอนาคตไทย,0
party_list_31_10_35,รักชาติ,0
party_list_31_10_36,ไทยพร้อม,0
party_list_31_10_37,ภูมิใจไทย,0
party_list_31_10_38,พลังธรรมใหม่,0
party_list_31_10_39,กรีน,0
party_list_31_10_40,ไทยธรรม,0
party_list_31_10_41,แผ่นดินธรรม,0
party_list_31_10_42,กล้าธรรม,0
party_list_31_10_43,พลังประชารัฐ,0
party_list_31_10_44,โอกาสใหม่,0
party_list_31_10_45,เป็นธรรม,0
party_list_31_10_46,ประชาชน,0
party_list_31_10_47,ประชาไทย,0
party_list_31_10_48,ไทยสร้างไทย,0
party_list_31_10_49,ไทยก้าวใหม่,0
party_list_31_10_50,ประชาอาสาชาติ,0
party_list_31_10_51,พร้อม,0
party_list_31_10_52,เครือข่ายชาวนาแห่งประเทศไทย,0
party_list_31_10_53,ไทยพิทักษ์ธรรม,0
party_list_31_10_54,ความหวังใหม่,0
party_list_31_10_55,ไทยรวมไทย,0
party_list_31_10_56,เพื่อบ้านเมือง,0
party_list_31_10_57,พลังไทยรักชาติ,0
party_list_31_2_1,ไทยทรัพย์ทวี,0
party_list_31_2_2,เพื่อชาติไทย,0
party_list_31_2_3,ใหม่,0
party_list_31_2_4,มิติใหม่,0
party_list_31_2_5,รวมใจไทย,0
party_list_31_2_6,รวมไทยสร้างชาติ,0
party_list_31_2_7,พลวัต,0
party_list_31_2_8,ประชาธิปไตยใหม่,0
party_list_31_2_9,เพื่อไทย,0
party_list_31_2_10,ทางเลือกใหม่,0
party_list_31_2_11,เศรษฐกิจ,0
party_list_31_2_12,เสรีรวมไทย,0
party_list_31_2_13,รวมพลังประชาชน,0
party_list_31_2_14,ท้องที่ไทย,0
party_list_31_2_15,อนาคตไทย,0
party_list_31_2_16,พลังเพื่อไทย,0
party_list_31_2_17,ไทยชนะ,0
party_list_31_2_18,พลังสังคมใหม่,0
party_list_31_2_19,สังคมประชาธิปไตยไทย,0
party_list_31_2_20,ฟิวชัน,0
party_list_31_2_21,ไทรวมพลัง,0
party_list_31_2_22,ก้าวอิสระ,0
party_list_31_2_23,ปวงชนไทย,0
party_list_31_2_24,วิชชั่นใหม่,0
party_list_31_2_25,เพื่อชีวิตใหม่,0
party_list_31_2_26,คลองไทย,0
party_list_31_2_27,ประชาธิปัตย์,0
party_list_31_2_28,ไทยก้าวหน้า,0
party_list_31_2_29,ไทยภักดี,0
party_list_31_2_30,แรงงานสร้างชาติ,0
party_list_31_2_31,ประชากรไทย,0
party_list_31_2_32,ครูไทยเพื่อประชาชน,0
party_list_31_2_33,ประชาชาติ,0
party_list_31_2_34,สร้างอนาคตไทย,0
party_list_31_2_35,รักชาติ,0
party_list_31_2_36,ไทยพร้อม,0
party_list_31_2_37,ภูมิใจไทย,0
party_list_31_2_38,พลังธรรมใหม่,0
party_list_31_2_39,กรีน,0
party_list_31_2_40,ไทยธรรม,0
party_list_31_2_41,แผ่นดินธรรม,0
party_list_31_2_42,กล้าธรรม,0
party_list_31_2_43,พลังประชารัฐ,0
party_list_31_2_44,โอกาสใหม่,0
party_list_31_2_45,เป็นธรรม,0
party_list_31_2_46,ประชาชน,0
party_list_31_2_47,ประชาไทย,0
party_list_31_2_48,ไทยสร้างไทย,0
party_list_31_2_49,ไทยก้าวใหม่,0
party_list_31_2_50,ประชาอาสาชาติ,0
party_list_31_2_51,พร้อม,0
party_list_31_2_52,เครือข่ายชาวนาแห่งประเทศไทย,0
party_list_31_2_53,ไทยพิทักษ์ธรรม,0
party_list_31_2_54,ความหวังใหม่,0
party_list_31_2_55,ไทยรวมไทย,0
party_list_31_2_56,เพื่อบ้านเมือง,0
party_list_31_2_57,พลังไทยรักชาติ,0
party_list_31_3_1,ไทยทรัพย์ทวี,0
party_list_31_3_2,เพื่อชาติไทย,0
party_list_31_3_3,ใหม่,0
party_list_31_3_4,มิติใหม่,0
party_list_31_3_5,รวมใจไทย,0
party_list_31_3_6,รวมไทยสร้างชาติ,0
party_list_31_3_7,พลวัต,0
party_list_31_3_8,ประชาธิปไตยใหม่,0
party_list_31_3_9,เพื่อไทย,0
party_list_31_3_10,ทางเลือกใหม่,0
party_list_31_3_11,เศรษฐกิจ,0
party_list_31_3_12,เสรีรวมไทย,0
party_list_31_3_13,รวมพลังประชาชน,0
party_list_31_3_14,ท้องที่ไทย,0
party_list_31_3_15,อนาคตไทย,0
party_list_31_3_16,พลังเพื่อไทย,0
party_list_31_3_17,ไทยชนะ,0
party_list_31_3_18,พลังสังคมใหม่,0
party_list_31_3_19,สังคมประชาธิปไตยไทย,0
party_list_31_3_20,ฟิวชัน,0
party_list_31_3_21,ไทรวมพลัง,0
party_list_31_3_22,ก้าวอิสระ,0
party_list_31_3_23,ปวงชนไทย,0
party_list_31_3_24,วิชชั่นใหม่,0
party_list_31_3_25,เพื่อชีวิตใหม่,0
party_list_31_3_26,คลองไทย,0
party_list_31_3_27,ประชาธิปัตย์,0
party_list_31_3_28,ไทยก้าวหน้า,0
party_list_31_3_29,ไทยภักดี,0
party_list_31_3_30,แรงงานสร้างชาติ,0
party_list_31_3_31,ประชากรไทย,0
party_list_31_3_32,ครูไทยเพื่อประชาชน,0
party_list_31_3_33,ประชาชาติ,0
party_list_31_3_34,สร้างอนาคตไทย,0
party_list_31_3_35,รักชาติ,0
party_list_31_3_36,ไทยพร้อม,0
party_list_31_3_37,ภูมิใจไทย,0
party_list_31_3_38,พลังธรรมใหม่,0
party_list_31_3_39,กรีน,0
party_list_31_3_40,ไทยธรรม,0
party_list_31_3_41,แผ่นดินธรรม,0
party_list_31_3_42,กล้าธรรม,0
party_list_31_3_43,พลังประชารัฐ,0
party_list_31_3_44,โอกาสใหม่,0
party_list_31_3_45,เป็นธรรม,0
party_list_31_3_46,ประชาชน,0
party_list_31_3_47,ประชาไทย,0
party_list_31_3_48,ไทยสร้างไทย,0
party_list_31_3_49,ไทยก้าวใหม่,0
party_list_31_3_50,ประชาอาสาชาติ,0
party_list_31_3_51,พร้อม,0
party_list_31_3_52,เครือข่ายชาวนาแห่งประเทศไทย,0
party_list_31_3_53,ไทยพิทักษ์ธรรม,0
party_list_31_3_54,ความหวังใหม่,0
party_list_31_3_55,ไทยรวมไทย,0
party_list_31_3_56,เพื่อบ้านเมือง,0
party_list_31_3_57,พลังไทยรักชาติ,0
party_list_31_4_1,ไทยทรัพย์ทวี,0
party_list_31_4_2,เพื่อชาติไทย,0
party_list_31_4_3,ใหม่,0
party_list_31_4_4,มิติใหม่,0
party_list_31_4_5,รวมใจไทย,0
party_list_31_4_6,รวมไทยสร้างชาติ,0
party_list_31_4_7,พลวัต,0
party_list_31_4_8,ประชาธิปไตยใหม่,0
party_list_31_4_9,เพื่อไทย,0
party_list_31_4_10,ทางเลือกใหม่,0
party_list_31_4_11,เศรษฐกิจ,0
party_list_31_4_12,เสรีรวมไทย,0
party_list_31_4_13,รวมพลังประชาชน,0
party_list_31_4_14,ท้องที่ไทย,0
party_list_31_4_15,อนาคตไทย,0
party_list_31_4_16,พลังเพื่อไทย,0
party_list_31_4_17,ไทยชนะ,0
party_list_31_4_18,พลังสังคมใหม่,0
party_list_31_4_19,สังคมประชาธิปไตยไทย,0
party_list_31_4_20,ฟิวชัน,0
party_list_31_4_21,ไทรวมพลัง,0
party_list_31_4_22,ก้าวอิสระ,0
party_list_31_4_23,ปวงชนไทย,0
party_list_31_4_24,วิชชั่นใหม่,0
party_list_31_4_25,เพื่อชีวิตใหม่,0
party_list_31_4_26,คลองไทย,0
party_list_31_4_27,ประชาธิปัตย์,0
party_list_31_4_28,ไทยก้าวหน้า,0
party_list_31_4_29,ไทยภักดี,0
party_list_31_4_30,แรงงานสร้างชาติ,0
party_list_31_4_31,ประชากรไทย,0
party_list_31_4_32,ครูไทยเพื่อประชาชน,0
party_list_31_4_33,ประชาชาติ,0
party_list_31_4_34,สร้างอนาคตไทย,0
party_list_31_4_35,รักชาติ,0
party_list_31_4_36,ไทยพร้อม,0
party_list_31_4_37,ภูมิใจไทย,0
party_list_31_4_38,พลังธรรมใหม่,0
party_list_31_4_39,กรีน,0
party_list_31_4_40,ไทยธรรม,0
party_list_31_4_41,แผ่นดินธรรม,0
party_list_31_4_42,กล้าธรรม,0
party_list_31_4_43,พลังประชารัฐ,0
party_list_31_4_44,โอกาสใหม่,0
party_list_31_4_45,เป็นธรรม,0
party_list_31_4_46,ประชาชน,0
party_list_31_4_47,ประชาไทย,0
party_list_31_4_48,ไทยสร้างไทย,0
party_list_31_4_49,ไทยก้าวใหม่,0
party_list_31_4_50,ประชาอาสาชาติ,0
party_list_31_4_51,พร้อม,0
party_list_31_4_52,เครือข่ายชาวนาแห่งประเทศไทย,0
party_list_31_4_53,ไทยพิทักษ์ธรรม,0
party_list_31_4_54,ความหวังใหม่,0
party_list_31_4_55,ไทยรวมไทย,0
party_list_31_4_56,เพื่อบ้านเมือง,0
party_list_31_4_57,พลังไทยรักชาติ,0
party_list_31_5_1,ไทยทรัพย์ทวี,0
party_list_31_5_2,เพื่อชาติไทย,0
party_list_31_5_3,ใหม่,0
party_list_31_5_4,มิติใหม่,0
party_list_31_5_5,รวมใจไทย,0
party_list_31_5_6,รวมไทยสร้างชาติ,0
party_list_31_5_7,พลวัต,0
party_list_31_5_8,ประชาธิปไตยใหม่,0
party_list_31_5_9,เพื่อไทย,0
party_list_31_5_10,ทางเลือกใหม่,0
party_list_31_5_11,เศรษฐกิจ,0
party_list_31_5_12,เสรีรวมไทย,0
party_list_31_5_13,รวมพลังประชาชน,0
party_list_31_5_14,ท้องที่ไทย,0
party_list_31_5_15,อนาคตไทย,0
party_list_31_5_16,พลังเพื่อไทย,0
party_list_31_5_17,ไทยชนะ,0
party_list_31_5_18,พลังสังคมใหม่,0
party_list_31_5_19,สังคมประชาธิปไตยไทย,0
party_list_31_5_20,ฟิวชัน,0
party_list_31_5_21,ไทรวมพลัง,0
party_list_31_5_22,ก้าวอิสระ,0
party_list_31_5_23,ปวงชนไทย,0
party_list_31_5_24,วิชชั่นใหม่,0
party_list_31_5_25,เพื่อชีวิตใหม่,0
party_list_31_5_26,คลองไทย,0
party_list_31_5_27,ประชาธิปัตย์,0
party_list_31_5_28,ไทยก้าวหน้า,0
party_list_31_5_29,ไทยภักดี,0
party_list_31_5_30,แรงงานสร้างชาติ,0
party_list_31_5_31,ประชากรไทย,0
party_list_31_5_32,ครูไทยเพื่อประชาชน,0
party_list_31_5_33,ประชาชาติ,0
party_list_31_5_34,สร้างอนาคตไทย,0
party_list_31_5_35,รักชาติ,0
party_list_31_5_36,ไทยพร้อม,0
party_list_31_5_37,ภูมิใจไทย,0
party_list_31_5_38,พลังธรรมใหม่,0
party_list_31_5_39,กรีน,0
party_list_31_5_40,ไทยธรรม,0
party_list_31_5_41,แผ่นดินธรรม,0
party_list_31_5_42,กล้าธรรม,0
party_list_31_5_43,พลังประชารัฐ,0
party_list_31_5_44,โอกาสใหม่,0
party_list_31_5_45,เป็นธรรม,0
party_list_31_5_46,ประชาชน,0
party_list_31_5_47,ประชาไทย,0
party_list_31_5_48,ไทยสร้างไทย,0
party_list_31_5_49,ไทยก้าวใหม่,0
party_list_31_5_50,ประชาอาสาชาติ,0
party_list_31_5_51,พร้อม,0
party_list_31_5_52,เครือข่ายชาวนาแห่งประเทศไทย,0
party_list_31_5_53,ไทยพิทักษ์ธรรม,0
party_list_31_5_54,ความหวังใหม่,0
party_list_31_5_55,ไทยรวมไทย,0
party_list_31_5_56,เพื่อบ้านเมือง,0
party_list_31_5_57,พลังไทยรักชาติ,0
party_list_31_6_1,ไทยทรัพย์ทวี,0
party_list_31_6_2,เพื่อชาติไทย,0
party_list_31_6_3,ใหม่,0
party_list_31_6_4,มิติใหม่,0
party_list_31_6_5,รวมใจไทย,0
party_list_31_6_6,รวมไทยสร้างชาติ,0
party_list_31_6_7,พลวัต,0
party_list_31_6_8,ประชาธิปไตยใหม่,0
party_list_31_6_9,เพื่อไทย,0
party_list_31_6_10,ทางเลือกใหม่,0
party_list_31_6_11,เศรษฐกิจ,0
party_list_31_6_12,เสรีรวมไทย,0
party_list_31_6_13,รวมพลังประชาชน,0
party_list_31_6_14,ท้องที่ไทย,0
party_list_31_6_15,อนาคตไทย,0
party_list_31_6_16,พลังเพื่อไทย,0
party_list_31_6_17,ไทยชนะ,0
party_list_31_6_18,พลังสังคมใหม่,0
party_list_31_6_19,สังคมประชาธิปไตยไทย,0
party_list_31_6_20,ฟิวชัน,0
party_list_31_6_21,ไทรวมพลัง,0
party_list_31_6_22,ก้าวอิสระ,0
party_list_31_6_23,ปวงชนไทย,0
party_list_31_6_24,วิชชั่นใหม่,0
party_list_31_6_25,เพื่อชีวิตใหม่,0
party_list_31_6_26,คลองไทย,0
party_list_31_6_27,ประชาธิปัตย์,0
party_list_31_6_28,ไทยก้าวหน้า,0
party_list_31_6_29,ไทยภักดี,0
party_list_31_6_30,แรงงานสร้างชาติ,0
party_list_31_6_31,ประชากรไทย,0
party_list_31_6_32,ครูไทยเพื่อประชาชน,0
party_list_31_6_33,ประชาชาติ,0
party_list_31_6_34,สร้างอนาคตไทย,0
party_list_31_6_35,รักชาติ,0
party_list_31_6_36,ไทยพร้อม,0
party_list_31_6_37,ภูมิใจไทย,0
party_list_31_6_38,พลังธรรมใหม่,0
party_list_31_6_39,กรีน,0
party_list_31_6_40,ไทยธรรม,0
party_list_31_6_41,แผ่นดินธรรม,0
party_list_31_6_42,กล้าธรรม,0
party_list_31_6_43,พลังประชารัฐ,0
party_list_31_6_44,โอกาสใหม่,0
party_list_31_6_45,เป็นธรรม,0
party_list_31_6_46,ประชาชน,0
party_list_31_6_47,ประชาไทย,0
party_list_31_6_48,ไทยสร้างไทย,0
party_list_31_6_49,ไทยก้าวใหม่,0
party_list_31_6_50,ประชาอาสาชาติ,0
party_list_31_6_51,พร้อม,0
party_list_31_6_52,เครือข่ายชาวนาแห่งประเทศไทย,0
party_list_31_6_53,ไทยพิทักษ์ธรรม,0
party_list_31_6_54,ความหวังใหม่,0
party_list_31_6_55,ไทยรวมไทย,0
party_list_31_6_56,เพื่อบ้านเมือง,0
party_list_31_6_57,พลังไทยรักชาติ,0
party_list_31_7_1,ไทยทรัพย์ทวี,0
party_list_31_7_2,เพื่อชาติไทย,0
party_list_31_7_3,ใหม่,0
party_list_31_7_4,มิติใหม่,0
party_list_31_7_5,รวมใจไทย,0
party_list_31_7_6,รวมไทยสร้างชาติ,0
party_list_31_7_7,พลวัต,0
party_list_31_7_8,ประชาธิปไตยใหม่,0
party_list_31_7_9,เพื่อไทย,0
party_list_31_7_10,ทางเลือกใหม่,0
party_list_31_7_11,เศรษฐกิจ,0
party_list_31_7_12,เสรีรวมไทย,0
party_list_31_7_13,รวมพลังประชาชน,0
party_list_31_7_14,ท้องที่ไทย,0
party_list_31_7_15,อนาคตไทย,0
party_list_31_7_16,พลังเพื่อไทย,0
party_list_31_7_17,ไทยชนะ,0
party_list_31_7_18,พลังสังคมใหม่,0
party_list_31_7_19,สังคมประชาธิปไตยไทย,0
party_list_31_7_20,ฟิวชัน,0
party_list_31_7_21,ไทรวมพลัง,0
party_list_31_7_22,ก้าวอิสระ,0
party_list_31_7_23,ปวงชนไทย,0
party_list_31_7_24,วิชชั่นใหม่,0
party_list_31_7_25,เพื่อชีวิตใหม่,0
party_list_31_7_26,คลองไทย,0
party_list_31_7_27,ประชาธิปัตย์,0
party_list_31_7_28,ไทยก้าวหน้า,0
party_list_31_7_29,ไทยภักดี,0
party_list_31_7_30,แรงงานสร้างชาติ,0
party_list_31_7_31,ประชากรไทย,0
party_list_31_7_32,ครูไทยเพื่อประชาชน,0
party_list_31_7_33,ประชาชาติ,0
party_list_31_7_34,สร้างอนาคตไทย,0
party_list_31_7_35,รักชาติ,0
party_list_31_7_36,ไทยพร้อม,0
party_list_31_7_37,ภูมิใจไทย,0
party_list_31_7_38,พลังธรรมใหม่,0
party_list_31_7_39,กรีน,0
party_list_31_7_40,ไทยธรรม,0
party_list_31_7_41,แผ่นดินธรรม,0
party_list_31_7_42,กล้าธรรม,0
party_list_31_7_43,พลังประชารัฐ,0
party_list_31_7_44,โอกาสใหม่,0
party_list_31_7_45,เป็นธรรม,0
party_list_31_7_46,ประชาชน,0
party_list_31_7_47,ประชาไทย,0
party_list_31_7_48,ไทยสร้างไทย,0
party_list_31_7_49,ไทยก้าวใหม่,0
party_list_31_7_50,ประชาอาสาชาติ,0
party_list_31_7_51,พร้อม,0
party_list_31_7_52,เครือข่ายชาวนาแห่งประเทศไทย,0
party_list_31_7_53,ไทยพิทักษ์ธรรม,0
party_list_31_7_54,ความหวังใหม่,0
party_list_31_7_55,ไทยรวมไทย,0
party_list_31_7_56,เพื่อบ้านเมือง,0
party_list_31_7_57,พลังไทยรักชาติ,0
party_list_31_8_1,ไทยทรัพย์ทวี,0
party_list_31_8_2,เพื่อชาติไทย,0
party_list_31_8_3,ใหม่,0
party_list_31_8_4,มิติใหม่,0
party_list_31_8_5,รวมใจไทย,0
party_list_31_8_6,รวมไทยสร้างชาติ,0
party_list_31_8_7,พลวัต,0
party_list_31_8_8,ประชาธิปไตยใหม่,0
party_list_31_8_9,เพื่อไทย,0
party_list_31_8_10,ทางเลือกใหม่,0
party_list_31_8_11,เศรษฐกิจ,0
party_list_31_8_12,เสรีรวมไทย,0
party_list_31_8_13,รวมพลังประชาชน,0
party_list_31_8_14,ท้องที่ไทย,0
party_list_31_8_15,อนาคตไทย,0
party_list_31_8_16,พลังเพื่อไทย,0
party_list_31_8_17,ไทยชนะ,0
party_list_31_8_18,พลังสังคมใหม่,0
party_list_31_8_19,สังคมประชาธิปไตยไทย,0
party_list_31_8_20,ฟิวชัน,0
party_list_31_8_21,ไทรวมพลัง,0
party_list_31_8_22,ก้าวอิสระ,0
party_list_31_8_23,ปวงชนไทย,0
party_list_31_8_24,วิชชั่นใหม่,0
party_list_31_8_25,เพื่อชีวิตใหม่,0
party_list_31_8_26,คลองไทย,0
party_list_31_8_27,ประชาธิปัตย์,0
party_list_31_8_28,ไทยก้าวหน้า,0
party_list_31_8_29,ไทยภักดี,0
party_list_31_8_30,แรงงานสร้างชาติ,0
party_list_31_8_31,ประชากรไทย,0
party_list_31_8_32,ครูไทยเพื่อประชาชน,0
party_list_31_8_33,ประชาชาติ,0
party_list_31_8_34,สร้างอนาคตไทย,0
party_list_31_8_35,รักชาติ,0
party_list_31_8_36,ไทยพร้อม,0
party_list_31_8_37,ภูมิใจไทย,0
party_list_31_8_38,พลังธรรมใหม่,0
party_list_31_8_39,กรีน,0
party_list_31_8_40,ไทยธรรม,0
party_list_31_8_41,แผ่นดินธรรม,0
party_list_31_8_42,กล้าธรรม,0
party_list_31_8_43,พลังประชารัฐ,0
party_list_31_8_44,โอกาสใหม่,0
party_list_31_8_45,เป็นธรรม,0
party_list_31_8_46,ประชาชน,0
party_list_31_8_47,ประชาไทย,0
party_list_31_8_48,ไทยสร้างไทย,0
party_list_31_8_49,ไทยก้าวใหม่,0
party_list_31_8_50,ประชาอาสาชาติ,0
party_list_31_8_51,พร้อม,0
party_list_31_8_52,เครือข่ายชาวนาแห่งประเทศไทย,0
party_list_31_8_53,ไทยพิทักษ์ธรรม,0
party_list_31_8_54,ความหวังใหม่,0
party_list_31_8_55,ไทยรวมไทย,0
party_list_31_8_56,เพื่อบ้านเมือง,0
party_list_31_8_57,พลังไทยรักชาติ,0
party_list_31_9_1,ไทยทรัพย์ทวี,0
party_list_31_9_2,เพื่อชาติไทย,0
party_list_31_9_3,ใหม่,0
party_list_31_9_4,มิติใหม่,0
party_list_31_9_5,รวมใจไทย,0
party_list_31_9_6,รวมไทยสร้างชาติ,0
party_list_31_9_7,พลวัต,0
party_list_31_9_8,ประชาธิปไตยใหม่,0
party_list_31_9_9,เพื่อไทย,0
party_list_31_9_10,ทางเลือกใหม่,0
party_list_31_9_11,เศรษฐกิจ,0
party_list_31_9_12,เสรีรวมไทย,0
party_list_31_9_13,รวมพลังประชาชน,0
party_list_31_9_14,ท้องที่ไทย,0
party_list_31_9_15,อนาคตไทย,0
party_list_31_9_16,พลังเพื่อไทย,0
party_list_31_9_17,ไทยชนะ,0
party_list_31_9_18,พลังสังคมใหม่,0
party_list_31_9_19,สังคมประชาธิปไตยไทย,0
party_list_31_9_20,ฟิวชัน,0
party_list_31_9_21,ไทรวมพลัง,0
party_list_31_9_22,ก้าวอิสระ,0
party_list_31_9_23,ปวงชนไทย,0
party_list_31_9_24,วิชชั่นใหม่,0
party_list_31_9_25,เพื่อชีวิตใหม่,0
party_list_31_9_26,คลองไทย,0
party_list_31_9_27,ประชาธิปัตย์,0
party_list_31_9_28,ไทยก้าวหน้า,0
party_list_31_9_29,ไทยภักดี,0
party_list_31_9_30,แรงงานสร้างชาติ,0
party_list_31_9_31,ประชากรไทย,0
party_list_31_9_32,ครูไทยเพื่อประชาชน,0
party_list_31_9_33,ประชาชาติ,0
party_list_31_9_34,สร้างอนาคตไทย,0
party_list_31_9_35,รักชาติ,0
party_list_31_9_36,ไทยพร้อม,0
party_list_31_9_37,ภูมิใจไทย,0
party_list_31_9_38,พลังธรรมใหม่,0
party_list_31_9_39,กรีน,0
party_list_31_9_40,ไทยธรรม,0
party_list_31_9_41,แผ่นดินธรรม,0
party_list_31_9_42,กล้าธรรม,0
party_list_31_9_43,พลังประชารัฐ,0
party_list_31_9_44,โอกาสใหม่,0
party_list_31_9_45,เป็นธรรม,0
party_list_31_9_46,ประชาชน,0
party_list_31_9_47,ประชาไทย,0
party_list_31_9_48,ไทยสร้างไทย,0
party_list_31_9_49,ไทยก้าวใหม่,0
party_list_31_9_50,ประชาอาสาชาติ,0
party_list_31_9_51,พร้อม,0
party_list_31_9_52,เครือข่ายชาวนาแห่งประเทศไทย,0
party_list_31_9_53,ไทยพิทักษ์ธรรม,0
party_list_31_9_54,ความหวังใหม่,0
party_list_31_9_55,ไทยรวมไทย,0
party_list_31_9_56,เพื่อบ้านเมือง,0
party_list_31_9_57,พลังไทยรักชาติ,0
party_list_32_1_1,ไทยทรัพย์ทวี,0
party_list_32_1_2,เพื่อชาติไทย,0
party_list_32_1_3,ใหม่,0
party_list_32_1_4,มิติใหม่,0
party_list_32_1_5,รวมใจไทย,0
party_list_32_1_6,รวมไทยสร้างชาติ,0
party_list_32_1_7,พลวัต,0
party_list_32_1_8,ประชาธิปไตยใหม่,0
party_list_32_1_9,เพื่อไทย,0
party_list_32_1_10,ทางเลือกใหม่,0
party_list_32_1_11,เศรษฐกิจ,0
party_list_32_1_12,เสรีรวมไทย,0
party_list_32_1_13,รวมพลังประชาชน,0
party_list_32_1_14,ท้องที่ไทย,0
party_list_32_1_15,อนาคตไทย,0
party_list_32_1_16,พลังเพื่อไทย,0
party_list_32_1_17,ไทยชนะ,0
party_list_32_1_18,พลังสังคมใหม่,0
party_list_32_1_19,สังคมประชาธิปไตยไทย,0
party_list_32_1_20,ฟิวชัน,0
party_list_32_1_21,ไทรวมพลัง,0
party_list_32_1_22,ก้าวอิสระ,0
party_list_32_1_23,ปวงชนไทย,0
party_list_32_1_24,วิชชั่นใหม่,0
party_list_32_1_25,เพื่อชีวิตใหม่,0
party_list_32_1_26,คลองไทย,0
party_list_32_1_27,ประชาธิปัตย์,0
party_list_32_1_28,ไทยก้าวหน้า,0
party_list_32_1_29,ไทยภักดี,0
party_list_32_1_30,แรงงานสร้างชาติ,0
party_list_32_1_31,ประชากรไทย,0
party_list_32_1_32,ครูไทยเพื่อประชาชน,0
party_list_32_1_33,ประชาชาติ,0
party_list_32_1_34,สร้างอนาคตไทย,0
party_list_32_1_35,รักชาติ,0
party_list_32_1_36,ไทยพร้อม,0
party_list_32_1_37,ภูมิใจไทย,0
party_list_32_1_38,พลังธรรมใหม่,0
party_list_32_1_39,กรีน,0
party_list_32_1_40,ไทยธรรม,0
party_list_32_1_41,แผ่นดินธรรม,0
party_list_32_1_42,กล้าธรรม,0
party_list_32_1_43,พลังประชารัฐ,0
party_list_32_1_44,โอกาสใหม่,0
party_list_32_1_45,เป็นธรรม,0
party_list_32_1_46,ประชาชน,0
party_list_32_1_47,ประชาไทย,0
party_list_32_1_48,ไทยสร้างไทย,0
party_list_32_1_49,ไทยก้าวใหม่,0
party_list_32_1_50,ประชาอาสาชาติ,0
party_list_32_1_51,พร้อม,0
party_list_32_1_52,เครือข่ายชาวนาแห่งประเทศไทย,0
party_list_32_1_53,ไทยพิทักษ์ธรรม,0
party_list_32_1_54,ความหวังใหม่,0
party_list_32_1_55,ไทยรวมไทย,0
party_list_32_1_56,เพื่อบ้านเมือง,0
party_list_32_1_57,พลังไทยรักชาติ,0
party_list_32_2_1,ไทยทรัพย์ทวี,0
party_list_32_2_2,เพื่อชาติไทย,0
party_list_32_2_3,ใหม่,0
party_list_32_2_4,มิติใหม่,0
party_list_32_2_5,รวมใจไทย,0
party_list_32_2_6,รวมไทยสร้างชาติ,0
party_list_32_2_7,พลวัต,0
party_list_32_2_8,ประชาธิปไตยใหม่,0
party_list_32_2_9,เพื่อไทย,0
party_list_32_2_10,ทางเลือกใหม่,0
party_list_32_2_11,เศรษฐกิจ,0
party_list_32_2_12,เสรีรวมไทย,0
party_list_32_2_13,รวมพลังประชาชน,0
party_list_32_2_14,ท้องที่ไทย,0
party_list_32_2_15,อนาคตไทย,0
party_list_32_2_16,พลังเพื่อไทย,0
party_list_32_2_17,ไทยชนะ,0
party_list_32_2_18,พลังสังคมใหม่,0
party_list_32_2_19,สังคมประชาธิปไตยไทย,0
party_list_32_2_20,ฟิวชัน,0
party_list_32_2_21,ไทรวมพลัง,0
party_list_32_2_22,ก้าวอิสระ,0
party_list_32_2_23,ปวงชนไทย,0
party_list_32_2_24,วิชชั่นใหม่,0
party_list_32_2_25,เพื่อชีวิตใหม่,0
party_list_32_2_26,คลองไทย,0
party_list_32_2_27,ประชาธิปัตย์,0
party_list_32_2_28,ไทยก้าวหน้า,0
party_list_32_2_29,ไทยภักดี,0
party_list_32_2_30,แรงงานสร้างชาติ,0
party_list_32_2_31,ประชากรไทย,0
party_list_32_2_32,ครูไทยเพื่อประชาชน,0
party_list_32_2_33,ประชาชาติ,0
party_list_32_2_34,สร้างอนาคตไทย,0
party_list_32_2_35,รักชาติ,0
party_list_32_2_36,ไทยพร้อม,0
party_list_32_2_37,ภูมิใจไทย,0
party_list_32_2_38,พลังธรรมใหม่,0
party_list_32_2_39,กรีน,0
party_list_32_2_40,ไทยธรรม,0
party_list_32_2_41,แผ่นดินธรรม,0
party_list_32_2_42,กล้าธรรม,0
party_list_32_2_43,พลังประชารัฐ,0
party_list_32_2_44,โอกาสใหม่,0
party_list_32_2_45,เป็นธรรม,0
party_list_32_2_46,ประชาชน,0
party_list_32_2_47,ประชาไทย,0
party_list_32_2_48,ไทยสร้างไทย,0
party_list_32_2_49,ไทยก้าวใหม่,0
party_list_32_2_50,ประชาอาสาชาติ,0
party_list_32_2_51,พร้อม,0
party_list_32_2_52,เครือข่ายชาวนาแห่งประเทศไทย,0
party_list_32_2_53,ไทยพิทักษ์ธรรม,0
party_list_32_2_54,ความหวังใหม่,0
party_list_32_2_55,ไทยรวมไทย,0
party_list_32_2_56,เพื่อบ้านเมือง,0
party_list_32_2_57,พลังไทยรักชาติ,0
party_list_32_3_1,ไทยทรัพย์ทวี,0
party_list_32_3_2,เพื่อชาติไทย,0
party_list_32_3_3,ใหม่,0
party_list_32_3_4,มิติใหม่,0
party_list_32_3_5,รวมใจไทย,0
party_list_32_3_6,รวมไทยสร้างชาติ,0
party_list_32_3_7,พลวัต,0
party_list_32_3_8,ประชาธิปไตยใหม่,0
party_list_32_3_9,เพื่อไทย,0
party_list_32_3_10,ทางเลือกใหม่,0
party_list_32_3_11,เศรษฐกิจ,0
party_list_32_3_12,เสรีรวมไทย,0
party_list_32_3_13,รวมพลังประชาชน,0
party_list_32_3_14,ท้องที่ไทย,0
party_list_32_3_15,อนาคตไทย,0
party_list_32_3_16,พลังเพื่อไทย,0
party_list_32_3_17,ไทยชนะ,0
party_list_32_3_18,พลังสังคมใหม่,0
party_list_32_3_19,สังคมประชาธิปไตยไทย,0
party_list_32_3_20,ฟิวชัน,0
party_list_32_3_21,ไทรวมพลัง,0
party_list_32_3_22,ก้าวอิสระ,0
party_list_32_3_23,ปวงชนไทย,0
party_list_32_3_24,วิชชั่นใหม่,0
party_list_32_3_25,เพื่อชีวิตใหม่,0
party_list_32_3_26,คลองไทย,0
party_list_32_3_27,ประชาธิปัตย์,0
party_list_32_3_28,ไทยก้าวหน้า,0
party_list_32_3_29,ไทยภักดี,0
party_list_32_3_30,แรงงานสร้างชาติ,0
party_list_32_3_31,ประชากรไทย,0
party_list_32_3_32,ครูไทยเพื่อประชาชน,0
party_list_32_3_33,ประชาชาติ,0
party_list_32_3_34,สร้างอนาคตไทย,0
party_list_32_3_35,รักชาติ,0
party_list_32_3_36,ไทยพร้อม,0
party_list_32_3_37,ภูมิใจไทย,0
party_list_32_3_38,พลังธรรมใหม่,0
party_list_32_3_39,กรีน,0
party_list_32_3_40,ไทยธรรม,0
party_list_32_3_41,แผ่นดินธรรม,0
party_list_32_3_42,กล้าธรรม,0
party_list_32_3_43,พลังประชารัฐ,0
party_list_32_3_44,โอกาสใหม่,0
party_list_32_3_45,เป็นธรรม,0
party_list_32_3_46,ประชาชน,0
party_list_32_3_47,ประชาไทย,0
party_list_32_3_48,ไทยสร้างไทย,0
party_list_32_3_49,ไทยก้าวใหม่,0
party_list_32_3_50,ประชาอาสาชาติ,0
party_list_32_3_51,พร้อม,0
party_list_32_3_52,เครือข่ายชาวนาแห่งประเทศไทย,0
party_list_32_3_53,ไทยพิทักษ์ธรรม,0
party_list_32_3_54,ความหวังใหม่,0
party_list_32_3_55,ไทยรวมไทย,0
party_list_32_3_56,เพื่อบ้านเมือง,0
party_list_32_3_57,พลังไทยรักชาติ,0
party_list_32_4_1,ไทยทรัพย์ทวี,0
party_list_32_4_2,เพื่อชาติไทย,0
party_list_32_4_3,ใหม่,0
party_list_32_4_4,มิติใหม่,0
party_list_32_4_5,รวมใจไทย,0
party_list_32_4_6,รวมไทยสร้างชาติ,0
party_list_32_4_7,พลวัต,0
party_list_32_4_8,ประชาธิปไตยใหม่,0
party_list_32_4_9,เพื่อไทย,0
party_list_32_4_10,ทางเลือกใหม่,0
party_list_32_4_11,เศรษฐกิจ,0
party_list_32_4_12,เสรีรวมไทย,0
party_list_32_4_13,รวมพลังประชาชน,0
party_list_32_4_14,ท้องที่ไทย,0
party_list_32_4_15,อนาคตไทย,0
party_list_32_4_16,พลังเพื่อไทย,0
party_list_32_4_17,ไทยชนะ,0
party_list_32_4_18,พลังสังคมใหม่,0
party_list_32_4_19,สังคมประชาธิปไตยไทย,0
party_list_32_4_20,ฟิวชัน,0
party_list_32_4_21,ไทรวมพลัง,0
party_list_32_4_22,ก้าวอิสระ,0
party_list_32_4_23,ปวงชนไทย,0
party_list_32_4_24,วิชชั่นใหม่,0
party_list_32_4_25,เพื่อชีวิตใหม่,0
party_list_32_4_26,คลองไทย,0
party_list_32_4_27,ประชาธิปัตย์,0
party_list_32_4_28,ไทยก้าวหน้า,0
party_list_32_4_29,ไทยภักดี,0
party_list_32_4_30,แรงงานสร้างชาติ,0
party_list_32_4_31,ประชากรไทย,0
party_list_32_4_32,ครูไทยเพื่อประชาชน,0
party_list_32_4_33,ประชาชาติ,0
party_list_32_4_34,สร้างอนาคตไทย,0
party_list_32_4_35,รักชาติ,0
party_list_32_4_36,ไทยพร้อม,0
party_list_32_4_37,ภูมิใจไทย,0
party_list_32_4_38,พลังธรรมใหม่,0
party_list_32_4_39,กรีน,0
party_list_32_4_40,ไทยธรรม,0
party_list_32_4_41,แผ่นดินธรรม,0
party_list_32_4_42,กล้าธรรม,0
party_list_32_4_43,พลังประชารัฐ,0
party_list_32_4_44,โอกาสใหม่,0
party_list_32_4_45,เป็นธรรม,0
party_list_32_4_46,ประชาชน,0
party_list_32_4_47,ประชาไทย,0
party_list_32_4_48,ไทยสร้างไทย,0
party_list_32_4_49,ไทยก้าวใหม่,0
party_list_32_4_50,ประชาอาสาชาติ,0
party_list_32_4_51,พร้อม,0
party_list_32_4_52,เครือข่ายชาวนาแห่งประเทศไทย,0
party_list_32_4_53,ไทยพิทักษ์ธรรม,0
party_list_32_4_54,ความหวังใหม่,0
party_list_32_4_55,ไทยรวมไทย,0
party_list_32_4_56,เพื่อบ้านเมือง,0
party_list_32_4_57,พลังไทยรักชาติ,0
party_list_32_5_1,ไทยทรัพย์ทวี,0
party_list_32_5_2,เพื่อชาติไทย,0
party_list_32_5_3,ใหม่,0
party_list_32_5_4,มิติใหม่,0
party_list_32_5_5,รวมใจไทย,0
party_list_32_5_6,รวมไทยสร้างชาติ,0
party_list_32_5_7,พลวัต,0
party_list_32_5_8,ประชาธิปไตยใหม่,0
party_list_32_5_9,เพื่อไทย,0
party_list_32_5_10,ทางเลือกใหม่,0
party_list_32_5_11,เศรษฐกิจ,0
party_list_32_5_12,เสรีรวมไทย,0
party_list_32_5_13,รวมพลังประชาชน,0
party_list_32_5_14,ท้องที่ไทย,0
party_list_32_5_15,อนาคตไทย,0
party_list_32_5_16,พลังเพื่อไทย,0
party_list_32_5_17,ไทยชนะ,0
party_list_32_5_18,พลังสังคมใหม่,0
party_list_32_5_19,สังคมประชาธิปไตยไทย,0
party_list_32_5_20,ฟิวชัน,0
party_list_32_5_21,ไทรวมพลัง,0
party_list_32_5_22,ก้าวอิสระ,0
party_list_32_5_23,ปวงชนไทย,0
party_list_32_5_24,วิชชั่นใหม่,0
party_list_32_5_25,เพื่อชีวิตใหม่,0
party_list_32_5_26,คลองไทย,0
party_list_32_5_27,ประชาธิปัตย์,0
party_list_32_5_28,ไทยก้าวหน้า,0
party_list_32_5_29,ไทยภักดี,0
party_list_32_5_30,แรงงานสร้างชาติ,0
party_list_32_5_31,ประชากรไทย,0
party_list_32_5_32,ครูไทยเพื่อประชาชน,0
party_list_32_5_33,ประชาชาติ,0
party_list_32_5_34,สร้างอนาคตไทย,0
party_list_32_5_35,รักชาติ,0
party_list_32_5_36,ไทยพร้อม,0
party_list_32_5_37,ภูมิใจไทย,0
party_list_32_5_38,พลังธรรมใหม่,0
party_list_32_5_39,กรีน,0
party_list_32_5_40,ไทยธรรม,0
party_list_32_5_41,แผ่นดินธรรม,0
party_list_32_5_42,กล้าธรรม,0
party_list_32_5_43,พลังประชารัฐ,0
party_list_32_5_44,โอกาสใหม่,0
party_list_32_5_45,เป็นธรรม,0
party_list_32_5_46,ประชาชน,0
party_list_32_5_47,ประชาไทย,0
party_list_32_5_48,ไทยสร้างไทย,0
party_list_32_5_49,ไทยก้าวใหม่,0
party_list_32_5_50,ประชาอาสาชาติ,0
party_list_32_5_51,พร้อม,0
party_list_32_5_52,เครือข่ายชาวนาแห่งประเทศไทย,0
party_list_32_5_53,ไทยพิทักษ์ธรรม,0
party_list_32_5_54,ความหวังใหม่,0
party_list_32_5_55,ไทยรวมไทย,0
party_list_32_5_56,เพื่อบ้านเมือง,0
party_list_32_5_57,พลังไทยรักชาติ,0
party_list_32_6_1,ไทยทรัพย์ทวี,0
party_list_32_6_2,เพื่อชาติไทย,0
party_list_32_6_3,ใหม่,0
party_list_32_6_4,มิติใหม่,0
party_list_32_6_5,รวมใจไทย,0
party_list_32_6_6,รวมไทยสร้างชาติ,0
party_list_32_6_7,พลวัต,0
party_list_32_6_8,ประชาธิปไตยใหม่,0
party_list_32_6_9,เพื่อไทย,0
party_list_32_6_10,ทางเลือกใหม่,0
party_list_32_6_11,เศรษฐกิจ,0
party_list_32_6_12,เสรีรวมไทย,0
party_list_32_6_13,รวมพลังประชาชน,0
party_list_32_6_14,ท้องที่ไทย,0
party_list_32_6_15,อนาคตไทย,0
party_list_32_6_16,พลังเพื่อไทย,0
party_list_32_6_17,ไทยชนะ,0
party_list_32_6_18,พลังสังคมใหม่,0
party_list_32_6_19,สังคมประชาธิปไตยไทย,0
party_list_32_6_20,ฟิวชัน,0
party_list_32_6_21,ไทรวมพลัง,0
party_list_32_6_22,ก้าวอิสระ,0
party_list_32_6_23,ปวงชนไทย,0
party_list_32_6_24,วิชชั่นใหม่,0
party_list_32_6_25,เพื่อชีวิตใหม่,0
party_list_32_6_26,คลองไทย,0
party_list_32_6_27,ประชาธิปัตย์,0
party_list_32_6_28,ไทยก้าวหน้า,0
party_list_32_6_29,ไทยภักดี,0
party_list_32_6_30,แรงงานสร้างชาติ,0
party_list_32_6_31,ประชากรไทย,0
party_list_32_6_32,ครูไทยเพื่อประชาชน,0
party_list_32_6_33,ประชาชาติ,0
party_list_32_6_34,สร้างอนาคตไทย,0
party_list_32_6_35,รักชาติ,0
party_list_32_6_36,ไทยพร้อม,0
party_list_32_6_37,ภูมิใจไทย,0
party_list_32_6_38,พลังธรรมใหม่,0
party_list_32_6_39,กรีน,0
party_list_32_6_40,ไทยธรรม,0
party_list_32_6_41,แผ่นดินธรรม,0
party_list_32_6_42,กล้าธรรม,0
party_list_32_6_43,พลังประชารัฐ,0
party_list_32_6_44,โอกาสใหม่,0
party_list_32_6_45,เป็นธรรม,0
party_list_32_6_46,ประชาชน,0
party_list_32_6_47,ประชาไทย,0
party_list_32_6_48,ไทยสร้างไทย,0
party_list_32_6_49,ไทยก้าวใหม่,0
party_list_32_6_50,ประชาอาสาชาติ,0
party_list_32_6_51,พร้อม,0
party_list_32_6_52,เครือข่ายชาวนาแห่งประเทศไทย,0
party_list_32_6_53,ไทยพิทักษ์ธรรม,0
party_list_32_6_54,ความหวังใหม่,0
party_list_32_6_55,ไทยรวมไทย,0
party_list_32_6_56,เพื่อบ้านเมือง,0
party_list_32_6_57,พลังไทยรักชาติ,0
party_list_32_7_1,ไทยทรัพย์ทวี,0
party_list_32_7_2,เพื่อชาติไทย,0
party_list_32_7_3,ใหม่,0
party_list_32_7_4,มิติใหม่,0
party_list_32_7_5,รวมใจไทย,0
party_list_32_7_6,รวมไทยสร้างชาติ,0
party_list_32_7_7,พลวัต,0
party_list_32_7_8,ประชาธิปไตยใหม่,0
party_list_32_7_9,เพื่อไทย,0
party_list_32_7_10,ทางเลือกใหม่,0
party_list_32_7_11,เศรษฐกิจ,0
party_list_32_7_12,เสรีรวมไทย,0
party_list_32_7_13,รวมพลังประชาชน,0
party_list_32_7_14,ท้องที่ไทย,0
party_list_32_7_15,อนาคตไทย,0
party_list_32_7_16,พลังเพื่อไทย,0
party_list_32_7_17,ไทยชนะ,0
party_list_32_7_18,พลังสังคมใหม่,0
party_list_32_7_19,สังคมประชาธิปไตยไทย,0
party_list_32_7_20,ฟิวชัน,0
party_list_32_7_21,ไทรวมพลัง,0
party_list_32_7_22,ก้าวอิสระ,0
party_list_32_7_23,ปวงชนไทย,0
party_list_32_7_24,วิชชั่นใหม่,0
party_list_32_7_25,เพื่อชีวิตใหม่,0
party_list_32_7_26,คลองไทย,0
party_list_32_7_27,ประชาธิปัตย์,0
party_list_32_7_28,ไทยก้าวหน้า,0
party_list_32_7_29,ไทยภักดี,0
party_list_32_7_30,แรงงานสร้างชาติ,0
party_list_32_7_31,ประชากรไทย,0
party_list_32_7_32,ครูไทยเพื่อประชาชน,0
party_list_32_7_33,ประชาชาติ,0
party_list_32_7_34,สร้างอนาคตไทย,0
party_list_32_7_35,รักชาติ,0
party_list_32_7_36,ไทยพร้อม,0
party_list_32_7_37,ภูมิใจไทย,0
party_list_32_7_38,พลังธรรมใหม่,0
party_list_32_7_39,กรีน,0
party_list_32_7_40,ไทยธรรม,0
party_list_32_7_41,แผ่นดินธรรม,0
party_list_32_7_42,กล้าธรรม,0
party_list_32_7_43,พลังประชารัฐ,0
party_list_32_7_44,โอกาสใหม่,0
party_list_32_7_45,เป็นธรรม,0
party_list_32_7_46,ประชาชน,0
party_list_32_7_47,ประชาไทย,0
party_list_32_7_48,ไทยสร้างไทย,0
party_list_32_7_49,ไทยก้าวใหม่,0
party_list_32_7_50,ประชาอาสาชาติ,0
party_list_32_7_51,พร้อม,0
party_list_32_7_52,เครือข่ายชาวนาแห่งประเทศไทย,0
party_list_32_7_53,ไทยพิทักษ์ธรรม,0
party_list_32_7_54,ความหวังใหม่,0
party_list_32_7_55,ไทยรวมไทย,0
party_list_32_7_56,เพื่อบ้านเมือง,0
party_list_32_7_57,พลังไทยรักชาติ,0
party_list_32_8_1,ไทยทรัพย์ทวี,0
party_list_32_8_2,เพื่อชาติไทย,0
party_list_32_8_3,ใหม่,0
party_list_32_8_4,มิติใหม่,0
party_list_32_8_5,รวมใจไทย,0
party_list_32_8_6,รวมไทยสร้างชาติ,0
party_list_32_8_7,พลวัต,0
party_list_32_8_8,ประชาธิปไตยใหม่,0
party_list_32_8_9,เพื่อไทย,0
party_list_32_8_10,ทางเลือกใหม่,0
party_list_32_8_11,เศรษฐกิจ,0
party_list_32_8_12,เสรีรวมไทย,0
party_list_32_8_13,รวมพลังประชาชน,0
party_list_32_8_14,ท้องที่ไทย,0
party_list_32_8_15,อนาคตไทย,0
party_list_32_8_16,พลังเพื่อไทย,0
party_list_32_8_17,ไทยชนะ,0
party_list_32_8_18,พลังสังคมใหม่,0
party_list_32_8_19,สังคมประชาธิปไตยไทย,0
party_list_32_8_20,ฟิวชัน,0
party_list_32_8_21,ไทรวมพลัง,0
party_list_32_8_22,ก้าวอิสระ,0
party_list_32_8_23,ปวงชนไทย,0
party_list_32_8_24,วิชชั่นใหม่,0
party_list_32_8_25,เพื่อชีวิตใหม่,0
party_list_32_8_26,คลองไทย,0
party_list_32_8_27,ประชาธิปัตย์,0
party_list_32_8_28,ไทยก้าวหน้า,0
party_list_32_8_29,ไทยภักดี,0
party_list_32_8_30,แรงงานสร้างชาติ,0
party_list_32_8_31,ประชากรไทย,0
party_list_32_8_32,ครูไทยเพื่อประชาชน,0
party_list_32_8_33,ประชาชาติ,0
party_list_32_8_34,สร้างอนาคตไทย,0
party_list_32_8_35,รักชาติ,0
party_list_32_8_36,ไทยพร้อม,0
party_list_32_8_37,ภูมิใจไทย,0
party_list_32_8_38,พลังธรรมใหม่,0
party_list_32_8_39,กรีน,0
party_list_32_8_40,ไทยธรรม,0
party_list_32_8_41,แผ่นดินธรรม,0
party_list_32_8_42,กล้าธรรม,0
party_list_32_8_43,พลังประชารัฐ,0
party_list_32_8_44,โอกาสใหม่,0
party_list_32_8_45,เป็นธรรม,0
party_list_32_8_46,ประชาชน,0
party_list_32_8_47,ประชาไทย,0
party_list_32_8_48,ไทยสร้างไทย,0
party_list_32_8_49,ไทยก้าวใหม่,0
party_list_32_8_50,ประชาอาสาชาติ,0
party_list_32_8_51,พร้อม,0
party_list_32_8_52,เครือข่ายชาวนาแห่งประเทศไทย,0
party_list_32_8_53,ไทยพิทักษ์ธรรม,0
party_list_32_8_54,ความหวังใหม่,0
party_list_32_8_55,ไทยรวมไทย,0
party_list_32_8_56,เพื่อบ้านเมือง,0
party_list_32_8_57,พลังไทยรักชาติ,0
party_list_33_1_1,ไทยทรัพย์ทวี,0
party_list_33_1_2,เพื่อชาติไทย,0
party_list_33_1_3,ใหม่,0
party_list_33_1_4,มิติใหม่,0
party_list_33_1_5,รวมใจไทย,0
party_list_33_1_6,รวมไทยสร้างชาติ,0
party_list_33_1_7,พลวัต,0
party_list_33_1_8,ประชาธิปไตยใหม่,0
party_list_33_1_9,เพื่อไทย,0
party_list_33_1_10,ทางเลือกใหม่,0
party_list_33_1_11,เศรษฐกิจ,0
party_list_33_1_12,เสรีรวมไทย,0
party_list_33_1_13,รวมพลังประชาชน,0
party_list_33_1_14,ท้องที่ไทย,0
party_list_33_1_15,อนาคตไทย,0
party_list_33_1_16,พลังเพื่อไทย,0
party_list_33_1_17,ไทยชนะ,0
party_list_33_1_18,พลังสังคมใหม่,0
party_list_33_1_19,สังคมประชาธิปไตยไทย,0
party_list_33_1_20,ฟิวชัน,0
party_list_33_1_21,ไทรวมพลัง,0
party_list_33_1_22,ก้าวอิสระ,0
party_list_33_1_23,ปวงชนไทย,0
party_list_33_1_24,วิชชั่นใหม่,0
party_list_33_1_25,เพื่อชีวิตใหม่,0
party_list_33_1_26,คลองไทย,0
party_list_33_1_27,ประชาธิปัตย์,0
party_list_33_1_28,ไทยก้าวหน้า,0
party_list_33_1_29,ไทยภักดี,0
party_list_33_1_30,แรงงานสร้างชาติ,0
party_list_33_1_31,ประชากรไทย,0
party_list_33_1_32,ครูไทยเพื่อประชาชน,0
party_list_33_1_33,ประชาชาติ,0
party_list_33_1_34,สร้างอนาคตไทย,0
party_list_33_1_35,รักชาติ,0
party_list_33_1_36,ไทยพร้อม,0
party_list_33_1_37,ภูมิใจไทย,0
party_list_33_1_38,พลังธรรมใหม่,0
party_list_33_1_39,กรีน,0
party_list_33_1_40,ไทยธรรม,0
party_list_33_1_41,แผ่นดินธรรม,0
party_list_33_1_42,กล้าธรรม,0
party_list_33_1_43,พลังประชารัฐ,0
party_list_33_1_44,โอกาสใหม่,0
party_list_33_1_45,เป็นธรรม,0
party_list_33_1_46,ประชาชน,0
party_list_33_1_47,ประชาไทย,0
party_list_33_1_48,ไทยสร้างไทย,0
party_list_33_1_49,ไทยก้าวใหม่,0
party_list_33_1_50,ประชาอาสาชาติ,0
party_list_33_1_51,พร้อม,0
party_list_33_1_52,เครือข่ายชาวนาแห่งประเทศไทย,0
party_list_33_1_53,ไทยพิทักษ์ธรรม,0
party_list_33_1_54,ความหวังใหม่,0
party_list_33_1_55,ไทยรวมไทย,0
party_list_33_1_56,เพื่อบ้านเมือง,0
party_list_33_1_57,พลังไทยรักชาติ,0
party_list_33_2_1,ไทยทรัพย์ทวี,0
party_list_33_2_2,เพื่อชาติไทย,0
party_list_33_2_3,ใหม่,0
party_list_33_2_4,มิติใหม่,0
party_list_33_2_5,รวมใจไทย,0
party_list_33_2_6,รวมไทยสร้างชาติ,0
party_list_33_2_7,พลวัต,0
party_list_33_2_8,ประชาธิปไตยใหม่,0
party_list_33_2_9,เพื่อไทย,0
party_list_33_2_10,ทางเลือกใหม่,0
party_list_33_2_11,เศรษฐกิจ,0
party_list_33_2_12,เสรีรวมไทย,0
party_list_33_2_13,รวมพลังประชาชน,0
party_list_33_2_14,ท้องที่ไทย,0
party_list_33_2_15,อนาคตไทย,0
party_list_33_2_16,พลังเพื่อไทย,0
party_list_33_2_17,ไทยชนะ,0
party_list_33_2_18,พลังสังคมใหม่,0
party_list_33_2_19,สังคมประชาธิปไตยไทย,0
party_list_33_2_20,ฟิวชัน,0
party_list_33_2_21,ไทรวมพลัง,0
party_list_33_2_22,ก้าวอิสระ,0
party_list_33_2_23,ปวงชนไทย,0
party_list_33_2_24,วิชชั่นใหม่,0
party_list_33_2_25,เพื่อชีวิตใหม่,0
party_list_33_2_26,คลองไทย,0
party_list_33_2_27,ประชาธิปัตย์,0
party_list_33_2_28,ไทยก้าวหน้า,0
party_list_33_2_29,ไทยภักดี,0
party_list_33_2_30,แรงงานสร้างชาติ,0
party_list_33_2_31,ประชากรไทย,0
party_list_33_2_32,ครูไทยเพื่อประชาชน,0
party_list_33_2_33,ประชาชาติ,0
party_list_33_2_34,สร้างอนาคตไทย,0
party_list_33_2_35,รักชาติ,0
party_list_33_2_36,ไทยพร้อม,0
party_list_33_2_37,ภูมิใจไทย,0
party_list_33_2_38,พลังธรรมใหม่,0
party_list_33_2_39,กรีน,0
party_list_33_2_40,ไทยธรรม,0
party_list_33_2_41,แผ่นดินธรรม,0
party_list_33_2_42,กล้าธรรม,0
party_list_33_2_43,พลังประชารัฐ,0
party_list_33_2_44,โอกาสใหม่,0
party_list_33_2_45,เป็นธรรม,0
party_list_33_2_46,ประชาชน,0
party_list_33_2_47,ประชาไทย,0
party_list_33_2_48,ไทยสร้างไทย,0
party_list_33_2_49,ไทยก้าวใหม่,0
party_list_33_2_50,ประชาอาสาชาติ,0
party_list_33_2_51,พร้อม,0
party_list_33_2_52,เครือข่ายชาวนาแห่งประเทศไทย,0
party_list_33_2_53,ไทยพิทักษ์ธรรม,0
party_list_33_2_54,ความหวังใหม่,0
party_list_33_2_55,ไทยรวมไทย,0
party_list_33_2_56,เพื่อบ้านเมือง,0
party_list_33_2_57,พลังไทยรักชาติ,0
party_list_33_3_1,ไทยทรัพย์ทวี,0
party_list_33_3_2,เพื่อชาติไทย,0
party_list_33_3_3,ใหม่,0
party_list_33_3_4,มิติใหม่,0
party_list_33_3_5,รวมใจไทย,0
party_list_33_3_6,รวมไทยสร้างชาติ,0
party_list_33_3_7,พลวัต,0
party_list_33_3_8,ประชาธิปไตยใหม่,0
party_list_33_3_9,เพื่อไทย,0
party_list_33_3_10,ทางเลือกใหม่,0
party_list_33_3_11,เศรษฐกิจ,0
party_list_33_3_12,เสรีรวมไทย,0
party_list_33_3_13,รวมพลังประชาชน,0
party_list_33_3_14,ท้องที่ไทย,0
party_list_33_3_15,อนาคตไทย,0
party_list_33_3_16,พลังเพื่อไทย,0
party_list_33_3_17,ไทยชนะ,0
party_list_33_3_18,พลังสังคมใหม่,0
party_list_33_3_19,สังคมประชาธิปไตยไทย,0
party_list_33_3_20,ฟิวชัน,0
party_list_33_3_21,ไทรวมพลัง,0
party_list_33_3_22,ก้าวอิสระ,0
party_list_33_3_23,ปวงชนไทย,0
party_list_33_3_24,วิชชั่นใหม่,0
party_list_33_3_25,เพื่อชีวิตใหม่,0
party_list_33_3_26,คลองไทย,0
party_list_33_3_27,ประชาธิปัตย์,0
party_list_33_3_28,ไทยก้าวหน้า,0
party_list_33_3_29,ไทยภักดี,0
party_list_33_3_30,แรงงานสร้างชาติ,0
party_list_33_3_31,ประชากรไทย,0
party_list_33_3_32,ครูไทยเพื่อประชาชน,0
party_list_33_3_33,ประชาชาติ,0
party_list_33_3_34,สร้างอนาคตไทย,0
party_list_33_3_35,รักชาติ,0
party_list_33_3_36,ไทยพร้อม,0
party_list_33_3_37,ภูมิใจไทย,0
party_list_33_3_38,พลังธรรมใหม่,0
party_list_33_3_39,กรีน,0
party_list_33_3_40,ไทยธรรม,0
party_list_33_3_41,แผ่นดินธรรม,0
party_list_33_3_42,กล้าธรรม,0
party_list_33_3_43,พลังประชารัฐ,0
party_list_33_3_44,โอกาสใหม่,0
party_list_33_3_45,เป็นธรรม,0
party_list_33_3_46,ประชาชน,0
party_list_33_3_47,ประชาไทย,0
party_list_33_3_48,ไทยสร้างไทย,0
party_list_33_3_49,ไทยก้าวใหม่,0
party_list_33_3_50,ประชาอาสาชาติ,0
party_list_33_3_51,พร้อม,0
party_list_33_3_52,เครือข่ายชาวนาแห่งประเทศไทย,0
party_list_33_3_53,ไทยพิทักษ์ธรรม,0
party_list_33_3_54,ความหวังใหม่,0
party_list_33_3_55,ไทยรวมไทย,0
party_list_33_3_56,เพื่อบ้านเมือง,0
party_list_33_3_57,พลังไทยรักชาติ,0
party_list_33_4_1,ไทยทรัพย์ทวี,0
party_list_33_4_2,เพื่อชาติไทย,0
party_list_33_4_3,ใหม่,0
party_list_33_4_4,มิติใหม่,0
party_list_33_4_5,รวมใจไทย,0
party_list_33_4_6,รวมไทยสร้างชาติ,0
party_list_33_4_7,พลวัต,0
party_list_33_4_8,ประชาธิปไตยใหม่,0
party_list_33_4_9,เพื่อไทย,0
party_list_33_4_10,ทางเลือกใหม่,0
party_list_33_4_11,เศรษฐกิจ,0
party_list_33_4_12,เสรีรวมไทย,0
party_list_33_4_13,รวมพลังประชาชน,0
party_list_33_4_14,ท้องที่ไทย,0
party_list_33_4_15,อนาคตไทย,0
party_list_33_4_16,พลังเพื่อไทย,0
party_list_33_4_17,ไทยชนะ,0
party_list_33_4_18,พลังสังคมใหม่,0
party_list_33_4_19,สังคมประชาธิปไตยไทย,0
party_list_33_4_20,ฟิวชัน,0
party_list_33_4_21,ไทรวมพลัง,0
party_list_33_4_22,ก้าวอิสระ,0
party_list_33_4_23,ปวงชนไทย,0
party_list_33_4_24,วิชชั่นใหม่,0
party_list_33_4_25,เพื่อชีวิตใหม่,0
party_list_33_4_26,คลองไทย,0
party_list_33_4_27,ประชาธิปัตย์,0
party_list_33_4_28,ไทยก้าวหน้า,0
party_list_33_4_29,ไทยภักดี,0
party_list_33_4_30,แรงงานสร้างชาติ,0
party_list_33_4_31,ประชากรไทย,0
party_list_33_4_32,ครูไทยเพื่อประชาชน,0
party_list_33_4_33,ประชาชาติ,0
party_list_33_4_34,สร้างอนาคตไทย,0
party_list_33_4_35,รักชาติ,0
party_list_33_4_36,ไทยพร้อม,0
party_list_33_4_37,ภูมิใจไทย,0
party_list_33_4_38,พลังธรรมใหม่,0
party_list_33_4_39,กรีน,0
party_list_33_4_40,ไทยธรรม,0
party_list_33_4_41,แผ่นดินธรรม,0
party_list_33_4_42,กล้าธรรม,0
party_list_33_4_43,พลังประชารัฐ,0
party_list_33_4_44,โอกาสใหม่,0
party_list_33_4_45,เป็นธรรม,0
party_list_33_4_46,ประชาชน,0
party_list_33_4_47,ประชาไทย,0
party_list_33_4_48,ไทยสร้างไทย,0
party_list_33_4_49,ไทยก้าวใหม่,0
party_list_33_4_50,ประชาอาสาชาติ,0
party_list_33_4_51,พร้อม,0
party_list_33_4_52,เครือข่ายชาวนาแห่งประเทศไทย,0
party_list_33_4_53,ไทยพิทักษ์ธรรม,0
party_list_33_4_54,ความหวังใหม่,0
party_list_33_4_55,ไทยรวมไทย,0
party_list_33_4_56,เพื่อบ้านเมือง,0
party_list_33_4_57,พลังไทยรักชาติ,0
party_list_33_5_1,ไทยทรัพย์ทวี,0
party_list_33_5_2,เพื่อชาติไทย,0
party_list_33_5_3,ใหม่,0
party_list_33_5_4,มิติใหม่,0
party_list_33_5_5,รวมใจไทย,0
party_list_33_5_6,รวมไทยสร้างชาติ,0
party_list_33_5_7,พลวัต,0
party_list_33_5_8,ประชาธิปไตยใหม่,0
party_list_33_5_9,เพื่อไทย,0
party_list_33_5_10,ทางเลือกใหม่,0
party_list_33_5_11,เศรษฐกิจ,0
party_list_33_5_12,เสรีรวมไทย,0
party_list_33_5_13,รวมพลังประชาชน,0
party_list_33_5_14,ท้องที่ไทย,0
party_list_33_5_15,อนาคตไทย,0
party_list_33_5_16,พลังเพื่อไทย,0
party_list_33_5_17,ไทยชนะ,0
party_list_33_5_18,พลังสังคมใหม่,0
party_list_33_5_19,สังคมประชาธิปไตยไทย,0
party_list_33_5_20,ฟิวชัน,0
party_list_33_5_21,ไทรวมพลัง,0
party_list_33_5_22,ก้าวอิสระ,0
party_list_33_5_23,ปวงชนไทย,0
party_list_33_5_24,วิชชั่นใหม่,0
party_list_33_5_25,เพื่อชีวิตใหม่,0
party_list_33_5_26,คลองไทย,0
party_list_33_5_27,ประชาธิปัตย์,0
party_list_33_5_28,ไทยก้าวหน้า,0
party_list_33_5_29,ไทยภักดี,0
party_list_33_5_30,แรงงานสร้างชาติ,0
party_list_33_5_31,ประชากรไทย,0
party_list_33_5_32,ครูไทยเพื่อประชาชน,0
party_list_33_5_33,ประชาชาติ,0
party_list_33_5_34,สร้างอนาคตไทย,0
party_list_33_5_35,รักชาติ,0
party_list_33_5_36,ไทยพร้อม,0
party_list_33_5_37,ภูมิใจไทย,0
party_list_33_5_38,พลังธรรมใหม่,0
party_list_33_5_39,กรีน,0
party_list_33_5_40,ไทยธรรม,0
party_list_33_5_41,แผ่นดินธรรม,0
party_list_33_5_42,กล้าธรรม,0
party_list_33_5_43,พลังประชารัฐ,0
party_list_33_5_44,โอกาสใหม่,0
party_list_33_5_45,เป็นธรรม,0
party_list_33_5_46,ประชาชน,0
party_list_33_5_47,ประชาไทย,0
party_list_33_5_48,ไทยสร้างไทย,0
party_list_33_5_49,ไทยก้าวใหม่,0
party_list_33_5_50,ประชาอาสาชาติ,0
party_list_33_5_51,พร้อม,0
party_list_33_5_52,เครือข่ายชาวนาแห่งประเทศไทย,0
party_list_33_5_53,ไทยพิทักษ์ธรรม,0
party_list_33_5_54,ความหวังใหม่,0
party_list_33_5_55,ไทยรวมไทย,0
party_list_33_5_56,เพื่อบ้านเมือง,0
party_list_33_5_57,พลังไทยรักชาติ,0
party_list_33_6_1,ไทยทรัพย์ทวี,0
party_list_33_6_2,เพื่อชาติไทย,0
party_list_33_6_3,ใหม่,0
party_list_33_6_4,มิติใหม่,0
party_list_33_6_5,รวมใจไทย,0
party_list_33_6_6,รวมไทยสร้างชาติ,0
party_list_33_6_7,พลวัต,0
party_list_33_6_8,ประชาธิปไตยใหม่,0
party_list_33_6_9,เพื่อไทย,0
party_list_33_6_10,ทางเลือกใหม่,0
party_list_33_6_11,เศรษฐกิจ,0
party_list_33_6_12,เสรีรวมไทย,0
party_list_33_6_13,รวมพลังประชาชน,0
party_list_33_6_14,ท้องที่ไทย,0
party_list_33_6_15,อนาคตไทย,0
party_list_33_6_16,พลังเพื่อไทย,0
party_list_33_6_17,ไทยชนะ,0
party_list_33_6_18,พลังสังคมใหม่,0
party_list_33_6_19,สังคมประชาธิปไตยไทย,0
party_list_33_6_20,ฟิวชัน,0
party_list_33_6_21,ไทรวมพลัง,0
party_list_33_6_22,ก้าวอิสระ,0
party_list_33_6_23,ปวงชนไทย,0
party_list_33_6_24,วิชชั่นใหม่,0
party_list_33_6_25,เพื่อชีวิตใหม่,0
party_list_33_6_26,คลองไทย,0
party_list_33_6_27,ประชาธิปัตย์,0
party_list_33_6_28,ไทยก้าวหน้า,0
party_list_33_6_29,ไทยภักดี,0
party_list_33_6_30,แรงงานสร้างชาติ,0
party_list_33_6_31,ประชากรไทย,0
party_list_33_6_32,ครูไทยเพื่อประชาชน,0
party_list_33_6_33,ประชาชาติ,0
party_list_33_6_34,สร้างอนาคตไทย,0
party_list_33_6_35,รักชาติ,0
party_list_33_6_36,ไทยพร้อม,0
party_list_33_6_37,ภูมิใจไทย,0
party_list_33_6_38,พลังธรรมใหม่,0
party_list_33_6_39,กรีน,0
party_list_33_6_40,ไทยธรรม,0
party_list_33_6_41,แผ่นดินธรรม,0
party_list_33_6_42,กล้าธรรม,0
party_list_33_6_43,พลังประชารัฐ,0
party_list_33_6_44,โอกาสใหม่,0
party_list_33_6_45,เป็นธรรม,0
party_list_33_6_46,ประชาชน,0
party_list_33_6_47,ประชาไทย,0
party_list_33_6_48,ไทยสร้างไทย,0
party_list_33_6_49,ไทยก้าวใหม่,0
party_list_33_6_50,ประชาอาสาชาติ,0
party_list_33_6_51,พร้อม,0
party_list_33_6_52,เครือข่ายชาวนาแห่งประเทศไทย,0
party_list_33_6_53,ไทยพิทักษ์ธรรม,0
party_list_33_6_54,ความหวังใหม่,0
party_list_33_6_55,ไทยรวมไทย,0
party_list_33_6_56,เพื่อบ้านเมือง,0
party_list_33_6_57,พลังไทยรักชาติ,0
party_list_33_7_1,ไทยทรัพย์ทวี,0
party_list_33_7_2,เพื่อชาติไทย,0
party_list_33_7_3,ใหม่,0
party_list_33_7_4,มิติใหม่,0
party_list_33_7_5,รวมใจไทย,0
party_list_33_7_6,รวมไทยสร้างชาติ,0
party_list_33_7_7,พลวัต,0
party_list_33_7_8,ประชาธิปไตยใหม่,0
party_list_33_7_9,เพื่อไทย,0
party_list_33_7_10,ทางเลือกใหม่,0
party_list_33_7_11,เศรษฐกิจ,0
party_list_33_7_12,เสรีรวมไทย,0
party_list_33_7_13,รวมพลังประชาชน,0
party_list_33_7_14,ท้องที่ไทย,0
party_list_33_7_15,อนาคตไทย,0
party_list_33_7_16,พลังเพื่อไทย,0
party_list_33_7_17,ไทยชนะ,0
party_list_33_7_18,พลังสังคมใหม่,0
party_list_33_7_19,สังคมประชาธิปไตยไทย,0
party_list_33_7_20,ฟิวชัน,0
party_list_33_7_21,ไทรวมพลัง,0
party_list_33_7_22,ก้าวอิสระ,0
party_list_33_7_23,ปวงชนไทย,0
party_list_33_7_24,วิชชั่นใหม่,0
party_list_33_7_25,เพื่อชีวิตใหม่,0
party_list_33_7_26,คลองไทย,0
party_list_33_7_27,ประชาธิปัตย์,0
party_list_33_7_28,ไทยก้าวหน้า,0
party_list_33_7_29,ไทยภักดี,0
party_list_33_7_30,แรงงานสร้างชาติ,0
party_list_33_7_31,ประชากรไทย,0
party_list_33_7_32,ครูไทยเพื่อประชาชน,0
party_list_33_7_33,ประชาชาติ,0
party_list_33_7_34,สร้างอนาคตไทย,0
party_list_33_7_35,รักชาติ,0
party_list_33_7_36,ไทยพร้อม,0
party_list_33_7_37,ภูมิใจไทย,0
party_list_33_7_38,พลังธรรมใหม่,0
party_list_33_7_39,กรีน,0
party_list_33_7_40,ไทยธรรม,0
party_list_33_7_41,แผ่นดินธรรม,0
party_list_33_7_42,กล้าธรรม,0
party_list_33_7_43,พลังประชารัฐ,0
party_list_33_7_44,โอกาสใหม่,0
party_list_33_7_45,เป็นธรรม,0
party_list_33_7_46,ประชาชน,0
party_list_33_7_47,ประชาไทย,0
party_list_33_7_48,ไทยสร้างไทย,0
party_list_33_7_49,ไทยก้าวใหม่,0
party_list_33_7_50,ประชาอาสาชาติ,0
party_list_33_7_51,พร้อม,0
party_list_33_7_52,เครือข่ายชาวนาแห่งประเทศไทย,0
party_list_33_7_53,ไทยพิทักษ์ธรรม,0
party_list_33_7_54,ความหวังใหม่,0
party_list_33_7_55,ไทยรวมไทย,0
party_list_33_7_56,เพื่อบ้านเมือง,0
party_list_33_7_57,พลังไทยรักชาติ,0
party_list_33_8_1,ไทยทรัพย์ทวี,0
party_list_33_8_2,เพื่อชาติไทย,0
party_list_33_8_3,ใหม่,0
party_list_33_8_4,มิติใหม่,0
party_list_33_8_5,รวมใจไทย,0
party_list_33_8_6,รวมไทยสร้างชาติ,0
party_list_33_8_7,พลวัต,0
party_list_33_8_8,ประชาธิปไตยใหม่,0
party_list_33_8_9,เพื่อไทย,0
party_list_33_8_10,ทางเลือกใหม่,0
party_list_33_8_11,เศรษฐกิจ,0
party_list_33_8_12,เสรีรวมไทย,0
party_list_33_8_13,รวมพลังประชาชน,0
party_list_33_8_14,ท้องที่ไทย,0
party_list_33_8_15,อนาคตไทย,0
party_list_33_8_16,พลังเพื่อไทย,0
party_list_33_8_17,ไทยชนะ,0
party_list_33_8_18,พลังสังคมใหม่,0
party_list_33_8_19,สังคมประชาธิปไตยไทย,0
party_list_33_8_20,ฟิวชัน,0
party_list_33_8_21,ไทรวมพลัง,0
party_list_33_8_22,ก้าวอิสระ,0
party_list_33_8_23,ปวงชนไทย,0
party_list_33_8_24,วิชชั่นใหม่,0
party_list_33_8_25,เพื่อชีวิตใหม่,0
party_list_33_8_26,คลองไทย,0
party_list_33_8_27,ประชาธิปัตย์,0
party_list_33_8_28,ไทยก้าวหน้า,0
party_list_33_8_29,ไทยภักดี,0
party_list_33_8_30,แรงงานสร้างชาติ,0
party_list_33_8_31,ประชากรไทย,0
party_list_33_8_32,ครูไทยเพื่อประชาชน,0
party_list_33_8_33,ประชาชาติ,0
party_list_33_8_34,สร้างอนาคตไทย,0
party_list_33_8_35,รักชาติ,0
party_list_33_8_36,ไทยพร้อม,0
party_list_33_8_37,ภูมิใจไทย,0
party_list_33_8_38,พลังธรรมใหม่,0
party_list_33_8_39,กรีน,0
party_list_33_8_40,ไทยธรรม,0
party_list_33_8_41,แผ่นดินธรรม,0
party_list_33_8_42,กล้าธรรม,0
party_list_33_8_43,พลังประชารัฐ,0
party_list_33_8_44,โอกาสใหม่,0
party_list_33_8_45,เป็นธรรม,0
party_list_33_8_46,ประชาชน,0
party_list_33_8_47,ประชาไทย,0
party_list_33_8_48,ไทยสร้างไทย,0
party_list_33_8_49,ไทยก้าวใหม่,0
party_list_33_8_50,ประชาอาสาชาติ,0
party_list_33_8_51,พร้อม,0
party_list_33_8_52,เครือข่ายชาวนาแห่งประเทศไทย,0
party_list_33_8_53,ไทยพิทักษ์ธรรม,0
party_list_33_8_54,ความหวังใหม่,0
party_list_33_8_55,ไทยรวมไทย,0
party_list_33_8_56,เพื่อบ้านเมือง,0
party_list_33_8_57,พลังไทยรักชาติ,0
party_list_33_9_1,ไทยทรัพย์ทวี,0
party_list_33_9_2,เพื่อชาติไทย,0
party_list_33_9_3,ใหม่,0
party_list_33_9_4,มิติใหม่,0
party_list_33_9_5,รวมใจไทย,0
party_list_33_9_6,รวมไทยสร้างชาติ,0
party_list_33_9_7,พลวัต,0
party_list_33_9_8,ประชาธิปไตยใหม่,0
party_list_33_9_9,เพื่อไทย,0
party_list_33_9_10,ทางเลือกใหม่,0
party_list_33_9_11,เศรษฐกิจ,0
party_list_33_9_12,เสรีรวมไทย,0
party_list_33_9_13,รวมพลังประชาชน,0
party_list_33_9_14,ท้องที่ไทย,0
party_list_33_9_15,อนาคตไทย,0
party_list_33_9_16,พลังเพื่อไทย,0
party_list_33_9_17,ไทยชนะ,0
party_list_33_9_18,พลังสังคมใหม่,0
party_list_33_9_19,สังคมประชาธิปไตยไทย,0
party_list_33_9_20,ฟิวชัน,0
party_list_33_9_21,ไทรวมพลัง,0
party_list_33_9_22,ก้าวอิสระ,0
party_list_33_9_23,ปวงชนไทย,0
party_list_33_9_24,วิชชั่นใหม่,0
party_list_33_9_25,เพื่อชีวิตใหม่,0
party_list_33_9_26,คลองไทย,0
party_list_33_9_27,ประชาธิปัตย์,0
party_list_33_9_28,ไทยก้าวหน้า,0
party_list_33_9_29,ไทยภักดี,0
party_list_33_9_30,แรงงานสร้างชาติ,0
party_list_33_9_31,ประชากรไทย,0
party_list_33_9_32,ครูไทยเพื่อประชาชน,0
party_list_33_9_33,ประชาชาติ,0
party_list_33_9_34,สร้างอนาคตไทย,0
party_list_33_9_35,รักชาติ,0
party_list_33_9_36,ไทยพร้อม,0
party_list_33_9_37,ภูมิใจไทย,0
party_list_33_9_38,พลังธรรมใหม่,0
party_list_33_9_39,กรีน,0
party_list_33_9_40,ไทยธรรม,0
party_list_33_9_41,แผ่นดินธรรม,0
party_list_33_9_42,กล้าธรรม,0
party_list_33_9_43,พลังประชารัฐ,0
party_list_33_9_44,โอกาสใหม่,0
party_list_33_9_45,เป็นธรรม,0
party_list_33_9_46,ประชาชน,0
party_list_33_9_47,ประชาไทย,0
party_list_33_9_48,ไทยสร้างไทย,0
party_list_33_9_49,ไทยก้าวใหม่,0
party_list_33_9_50,ประชาอาสาชาติ,0
party_list_33_9_51,พร้อม,0
party_list_33_9_52,เครือข่ายชาวนาแห่งประเทศไทย,0
party_list_33_9_53,ไทยพิทักษ์ธรรม,0
party_list_33_9_54,ความหวังใหม่,0
party_list_33_9_55,ไทยรวมไทย,0
party_list_33_9_56,เพื่อบ้านเมือง,0
party_list_33_9_57,พลังไทยรักชาติ,0
party_list_34_1_1,ไทยทรัพย์ทวี,0
party_list_34_1_2,เพื่อชาติไทย,0
party_list_34_1_3,ใหม่,0
party_list_34_1_4,มิติใหม่,0
party_list_34_1_5,รวมใจไทย,0
party_list_34_1_6,รวมไทยสร้างชาติ,0
party_list_34_1_7,พลวัต,0
party_list_34_1_8,ประชาธิปไตยใหม่,0
party_list_34_1_9,เพื่อไทย,0
party_list_34_1_10,ทางเลือกใหม่,0
party_list_34_1_11,เศรษฐกิจ,0
party_list_34_1_12,เสรีรวมไทย,0
party_list_34_1_13,รวมพลังประชาชน,0
party_list_34_1_14,ท้องที่ไทย,0
party_list_34_1_15,อนาคตไทย,0
party_list_34_1_16,พลังเพื่อไทย,0
party_list_34_1_17,ไทยชนะ,0
party_list_34_1_18,พลังสังคมใหม่,0
party_list_34_1_19,สังคมประชาธิปไตยไทย,0
party_list_34_1_20,ฟิวชัน,0
party_list_34_1_21,ไทรวมพลัง,0
party_list_34_1_22,ก้าวอิสระ,0
party_list_34_1_23,ปวงชนไทย,0
party_list_34_1_24,วิชชั่นใหม่,0
party_list_34_1_25,เพื่อชีวิตใหม่,0
party_list_34_1_26,คลองไทย,0
party_list_34_1_27,ประชาธิปัตย์,0
party_list_34_1_28,ไทยก้าวหน้า,0
party_list_34_1_29,ไทยภักดี,0
party_list_34_1_30,แรงงานสร้างชาติ,0
party_list_34_1_31,ประชากรไทย,0
party_list_34_1_32,ครูไทยเพื่อประชาชน,0
party_list_34_1_33,ประชาชาติ,0
party_list_34_1_34,สร้างอนาคตไทย,0
party_list_34_1_35,รักชาติ,0
party_list_34_1_36,ไทยพร้อม,0
party_list_34_1_37,ภูมิใจไทย,0
party_list_34_1_38,พลังธรรมใหม่,0
party_list_34_1_39,กรีน,0
party_list_34_1_40,ไทยธรรม,0
party_list_34_1_41,แผ่นดินธรรม,0
party_list_34_1_42,กล้าธรรม,0
party_list_34_1_43,พลังประชารัฐ,0
party_list_34_1_44,โอกาสใหม่,0
party_list_34_1_45,เป็นธรรม,0
party_list_34_1_46,ประชาชน,0
party_list_34_1_47,ประชาไทย,0
party_list_34_1_48,ไทยสร้างไทย,0
party_list_34_1_49,ไทยก้าวใหม่,0
party_list_34_1_50,ประชาอาสาชาติ,0
party_list_34_1_51,พร้อม,0
party_list_34_1_52,เครือข่ายชาวนาแห่งประเทศไทย,0
party_list_34_1_53,ไทยพิทักษ์ธรรม,0
party_list_34_1_54,ความหวังใหม่,0
party_list_34_1_55,ไทยรวมไทย,0
party_list_34_1_56,เพื่อบ้านเมือง,0
party_list_34_1_57,พลังไทยรักชาติ,0
party_list_34_10_1,ไทยทรัพย์ทวี,0
party_list_34_10_2,เพื่อชาติไทย,0
party_list_34_10_3,ใหม่,0
party_list_34_10_4,มิติใหม่,0
party_list_34_10_5,รวมใจไทย,0
party_list_34_10_6,รวมไทยสร้างชาติ,0
party_list_34_10_7,พลวัต,0
party_list_34_10_8,ประชาธิปไตยใหม่,0
party_list_34_10_9,เพื่อไทย,0
party_list_34_10_10,ทางเลือกใหม่,0
party_list_34_10_11,เศรษฐกิจ,0
party_list_34_10_12,เสรีรวมไทย,0
party_list_34_10_13,รวมพลังประชาชน,0
party_list_34_10_14,ท้องที่ไทย,0
party_list_34_10_15,อนาคตไทย,0
party_list_34_10_16,พลังเพื่อไทย,0
party_list_34_10_17,ไทยชนะ,0
party_list_34_10_18,พลังสังคมใหม่,0
party_list_34_10_19,สังคมประชาธิปไตยไทย,0
party_list_34_10_20,ฟิวชัน,0
party_list_34_10_21,ไทรวมพลัง,0
party_list_34_10_22,ก้าวอิสระ,0
party_list_34_10_23,ปวงชนไทย,0
party_list_34_10_24,วิชชั่นใหม่,0
party_list_34_10_25,เพื่อชีวิตใหม่,0
party_list_34_10_26,คลองไทย,0
party_list_34_10_27,ประชาธิปัตย์,0
party_list_34_10_28,ไทยก้าวหน้า,0
party_list_34_10_29,ไทยภักดี,0
party_list_34_10_30,แรงงานสร้างชาติ,0
party_list_34_10_31,ประชากรไทย,0
party_list_34_10_32,ครูไทยเพื่อประชาชน,0
party_list_34_10_33,ประชาชาติ,0
party_list_34_10_34,สร้างอนาคตไทย,0
party_list_34_10_35,รักชาติ,0
party_list_34_10_36,ไทยพร้อม,0
party_list_34_10_37,ภูมิใจไทย,0
party_list_34_10_38,พลังธรรมใหม่,0
party_list_34_10_39,กรีน,0
party_list_34_10_40,ไทยธรรม,0
party_list_34_10_41,แผ่นดินธรรม,0
party_list_34_10_42,กล้าธรรม,0
party_list_34_10_43,พลังประชารัฐ,0
party_list_34_10_44,โอกาสใหม่,0
party_list_34_10_45,เป็นธรรม,0
party_list_34_10_46,ประชาชน,0
party_list_34_10_47,ประชาไทย,0
party_list_34_10_48,ไทยสร้างไทย,0
party_list_34_10_49,ไทยก้าวใหม่,0
party_list_34_10_50,ประชาอาสาชาติ,0
party_list_34_10_51,พร้อม,0
party_list_34_10_52,เครือข่ายชาวนาแห่งประเทศไทย,0
party_list_34_10_53,ไทยพิทักษ์ธรรม,0
party_list_34_10_54,ความหวังใหม่,0
party_list_34_10_55,ไทยรวมไทย,0
party_list_34_10_56,เพื่อบ้านเมือง,0
party_list_34_10_57,พลังไทยรักชาติ,0
party_list_34_11_1,ไทยทรัพย์ทวี,0
party_list_34_11_2,เพื่อชาติไทย,0
party_list_34_11_3,ใหม่,0
party_list_34_11_4,มิติใหม่,0
party_list_34_11_5,รวมใจไทย,0
party_list_34_11_6,รวมไทยสร้างชาติ,0
party_list_34_11_7,พลวัต,0
party_list_34_11_8,ประชาธิปไตยใหม่,0
party_list_34_11_9,เพื่อไทย,0
party_list_34_11_10,ทางเลือกใหม่,0
party_list_34_11_11,เศรษฐกิจ,0
party_list_34_11_12,เสรีรวมไทย,0
party_list_34_11_13,รวมพลังประชาชน,0
party_list_34_11_14,ท้องที่ไทย,0
party_list_34_11_15,อนาคตไทย,0
party_list_34_11_16,พลังเพื่อไทย,0
party_list_34_11_17,ไทยชนะ,0
party_list_34_11_18,พลังสังคมใหม่,0
party_list_34_11_19,สังคมประชาธิปไตยไทย,0
party_list_34_11_20,ฟิวชัน,0
party_list_34_11_21,ไทรวมพลัง,0
party_list_34_11_22,ก้าวอิสระ,0
party_list_34_11_23,ปวงชนไทย,0
party_list_34_11_24,วิชชั่นใหม่,0
party_list_34_11_25,เพื่อชีวิตใหม่,0
party_list_34_11_26,คลองไทย,0
party_list_34_11_27,ประชาธิปัตย์,0
party_list_34_11_28,ไทยก้าวหน้า,0
party_list_34_11_29,ไทยภักดี,0
party_list_34_11_30,แรงงานสร้างชาติ,0
party_list_34_11_31,ประชากรไทย,0
party_list_34_11_32,ครูไทยเพื่อประชาชน,0
party_list_34_11_33,ประชาชาติ,0
party_list_34_11_34,สร้างอนาคตไทย,0
party_list_34_11_35,รักชาติ,0
party_list_34_11_36,ไทยพร้อม,0
party_list_34_11_37,ภูมิใจไทย,0
party_list_34_11_38,พลังธรรมใหม่,0
party_list_34_11_39,กรีน,0
party_list_34_11_40,ไทยธรรม,0
party_list_34_11_41,แผ่นดินธรรม,0
party_list_34_11_42,กล้าธรรม,0
party_list_34_11_43,พลังประชารัฐ,0
party_list_34_11_44,โอกาสใหม่,0
party_list_34_11_45,เป็นธรรม,0
party_list_34_11_46,ประชาชน,0
party_list_34_11_47,ประชาไทย,0
party_list_34_11_48,ไทยสร้างไทย,0
party_list_34_11_49,ไทยก้าวใหม่,0
party_list_34_11_50,ประชาอาสาชาติ,0
party_list_34_11_51,พร้อม,0
party_list_34_11_52,เครือข่ายชาวนาแห่งประเทศไทย,0
party_list_34_11_53,ไทยพิทักษ์ธรรม,0
party_list_34_11_54,ความหวังใหม่,0
party_list_34_11_55,ไทยรวมไทย,0
party_list_34_11_56,เพื่อบ้านเมือง,0
party_list_34_11_57,พลังไทยรักชาติ,0
